Issue_ID,Business_Unit,Issue_Type,Risk_Level,Date_Opened,Days_Open,SLA_Limit,SLA_Status,Remediation_Status
ISSUE-46540,Wealth Management,Fraud,Medium,2026-07-01,33,30,Breached,Closed
ISSUE-46487,Retail Banking,KYC,Medium,2026-06-08,8,30,On-Track,Closed
ISSUE-61682,Corporate Banking,AML,Low,2026-07-07,46,60,On-Track,Open
ISSUE-23410,Retail Banking,Transaction Monitoring,High,2026-06-08,75,15,Breached,Open
ISSUE-29219,Retail Banking,AML,Medium,2026-06-13,70,30,Breached,Open
ISSUE-34171,Investment Banking,AML,High,2026-06-02,81,15,Breached,Open
ISSUE-27575,Credit Cards,Transaction Monitoring,Low,2026-06-06,77,60,Breached,In Progress
ISSUE-47852,Corporate Banking,Sanctions,Medium,2026-04-26,118,30,Breached,In Progress
ISSUE-85272,Retail Banking,Sanctions,High,2026-06-13,19,15,Breached,Closed
ISSUE-60289,Corporate Banking,Transaction Monitoring,Medium,2026-06-03,19,30,On-Track,Closed
ISSUE-17636,Corporate Banking,Transaction Monitoring,Low,2026-07-27,26,60,On-Track,Open
ISSUE-87570,Retail Banking,Fraud,High,2026-07-16,37,15,Breached,In Progress
ISSUE-83929,Wealth Management,Transaction Monitoring,Low,2026-04-26,118,60,Breached,In Progress
ISSUE-57639,Wealth Management,Fraud,High,2026-07-12,41,15,Breached,In Progress
ISSUE-76933,Retail Banking,Fraud,Medium,2026-05-03,111,30,Breached,In Progress
ISSUE-69611,Investment Banking,Sanctions,Medium,2026-05-11,103,30,Breached,In Progress
ISSUE-47972,Credit Cards,KYC,Low,2026-06-10,73,60,Breached,In Progress
ISSUE-42477,Credit Cards,AML,High,2026-06-12,7,15,On-Track,Closed
ISSUE-12578,Retail Banking,Fraud,Medium,2026-08-19,24,30,On-Track,Closed
ISSUE-39234,Corporate Banking,KYC,Low,2026-06-05,78,60,Breached,In Progress
ISSUE-24543,Wealth Management,KYC,High,2026-08-05,8,15,On-Track,Closed
ISSUE-46286,Retail Banking,Transaction Monitoring,High,2026-05-19,4,15,On-Track,Closed
ISSUE-14057,Retail Banking,KYC,Medium,2026-05-23,3,30,On-Track,Closed
ISSUE-36252,Retail Banking,AML,Medium,2026-05-15,99,30,Breached,In Progress
ISSUE-86421,Corporate Banking,Fraud,Medium,2026-07-03,50,30,Breached,In Progress
ISSUE-52372,Investment Banking,Transaction Monitoring,Low,2026-04-27,117,60,Breached,In Progress
ISSUE-41549,Retail Banking,AML,Low,2026-07-25,24,60,On-Track,Closed
ISSUE-48470,Wealth Management,Transaction Monitoring,High,2026-05-04,110,15,Breached,Open
ISSUE-54803,Wealth Management,KYC,Low,2026-07-13,40,60,On-Track,Open
ISSUE-18694,Corporate Banking,Sanctions,Medium,2026-05-01,113,30,Breached,Open
ISSUE-62567,Corporate Banking,AML,Low,2026-07-06,47,60,On-Track,Open
ISSUE-51463,Corporate Banking,AML,Medium,2026-07-16,35,30,Breached,Closed
ISSUE-54750,Wealth Management,AML,Low,2026-06-11,7,60,On-Track,Closed
ISSUE-25037,Retail Banking,Fraud,Medium,2026-05-03,111,30,Breached,Open
ISSUE-81554,Corporate Banking,AML,Medium,2026-05-01,113,30,Breached,Open
ISSUE-80631,Credit Cards,Transaction Monitoring,Low,2026-06-21,62,60,Breached,In Progress
ISSUE-42067,Investment Banking,AML,High,2026-07-10,43,15,Breached,In Progress
ISSUE-49359,Wealth Management,Fraud,Low,2026-08-16,6,60,On-Track,Open
ISSUE-31863,Retail Banking,AML,Medium,2026-05-15,27,30,On-Track,Closed
ISSUE-57899,Wealth Management,KYC,Medium,2026-07-10,22,30,On-Track,Closed
ISSUE-40273,Retail Banking,KYC,High,2026-05-07,12,15,On-Track,Closed
ISSUE-93839,Retail Banking,AML,Medium,2026-06-18,65,30,Breached,In Progress
ISSUE-78776,Retail Banking,Sanctions,Low,2026-07-17,36,60,On-Track,In Progress
ISSUE-50846,Investment Banking,Fraud,Low,2026-05-22,92,60,Breached,In Progress
ISSUE-18317,Corporate Banking,AML,High,2026-06-01,82,15,Breached,Open
ISSUE-35921,Credit Cards,AML,High,2026-08-04,18,15,Breached,Open
ISSUE-98110,Investment Banking,Fraud,Low,2026-06-07,76,60,Breached,Open
ISSUE-28557,Retail Banking,Sanctions,Medium,2026-07-09,44,30,Breached,Open
ISSUE-87107,Investment Banking,Sanctions,Low,2026-07-18,35,60,On-Track,In Progress
ISSUE-83741,Credit Cards,KYC,Low,2026-06-26,3,60,On-Track,Closed
ISSUE-35926,Investment Banking,Transaction Monitoring,High,2026-05-30,84,15,Breached,In Progress
ISSUE-23368,Credit Cards,Sanctions,Medium,2026-08-13,9,30,On-Track,Open
ISSUE-77648,Wealth Management,KYC,High,2026-07-22,31,15,Breached,In Progress
ISSUE-16032,Corporate Banking,AML,High,2026-08-07,15,15,On-Track,Open
ISSUE-29791,Corporate Banking,KYC,Medium,2026-06-14,69,30,Breached,In Progress
ISSUE-54374,Corporate Banking,Fraud,Low,2026-04-29,11,60,On-Track,Closed
ISSUE-97234,Wealth Management,Fraud,Medium,2026-05-02,112,30,Breached,Open
ISSUE-26610,Wealth Management,Sanctions,High,2026-08-10,16,15,Breached,Closed
ISSUE-49041,Credit Cards,Transaction Monitoring,Medium,2026-06-07,23,30,On-Track,Closed
ISSUE-39420,Corporate Banking,AML,Low,2026-07-02,63,60,Breached,Closed
ISSUE-62231,Retail Banking,KYC,Medium,2026-05-13,101,30,Breached,Open
ISSUE-96695,Investment Banking,Transaction Monitoring,High,2026-07-21,18,15,Breached,Closed
ISSUE-57193,Credit Cards,Sanctions,Medium,2026-05-30,84,30,Breached,In Progress
ISSUE-11466,Wealth Management,Sanctions,High,2026-08-19,3,15,On-Track,Open
ISSUE-31239,Wealth Management,Transaction Monitoring,Low,2026-08-12,10,60,On-Track,In Progress
ISSUE-56804,Investment Banking,KYC,Medium,2026-06-04,25,30,On-Track,Closed
ISSUE-52783,Corporate Banking,AML,High,2026-05-21,16,15,Breached,Closed
ISSUE-94088,Investment Banking,Sanctions,Low,2026-05-22,92,60,Breached,In Progress
ISSUE-17483,Investment Banking,Fraud,Medium,2026-05-15,99,30,Breached,In Progress
ISSUE-69754,Credit Cards,AML,High,2026-05-04,9,15,On-Track,Closed
ISSUE-82387,Wealth Management,KYC,High,2026-07-06,47,15,Breached,In Progress
ISSUE-31752,Corporate Banking,Transaction Monitoring,Low,2026-06-28,55,60,On-Track,Open
ISSUE-88323,Retail Banking,AML,Low,2026-07-14,46,60,On-Track,Closed
ISSUE-38533,Investment Banking,AML,High,2026-04-28,116,15,Breached,In Progress
ISSUE-52779,Retail Banking,Fraud,Medium,2026-06-23,60,30,Breached,In Progress
ISSUE-89854,Wealth Management,Fraud,Low,2026-06-02,65,60,Breached,Closed
ISSUE-40337,Wealth Management,Sanctions,High,2026-06-13,70,15,Breached,Open
ISSUE-74175,Corporate Banking,Sanctions,High,2026-08-12,10,15,On-Track,Open
ISSUE-45758,Corporate Banking,Transaction Monitoring,Low,2026-06-08,27,60,On-Track,Closed
ISSUE-82295,Investment Banking,KYC,High,2026-04-26,7,15,On-Track,Closed
ISSUE-73692,Retail Banking,Sanctions,Low,2026-07-24,29,60,On-Track,Open
ISSUE-97745,Corporate Banking,KYC,High,2026-08-07,15,15,On-Track,In Progress
ISSUE-28898,Retail Banking,Transaction Monitoring,Low,2026-08-13,55,60,On-Track,Closed
ISSUE-18466,Credit Cards,Transaction Monitoring,High,2026-06-10,73,15,Breached,Open
ISSUE-59568,Credit Cards,KYC,Medium,2026-08-08,14,30,On-Track,In Progress
ISSUE-77733,Wealth Management,Sanctions,High,2026-07-07,46,15,Breached,In Progress
ISSUE-54552,Corporate Banking,Transaction Monitoring,High,2026-06-02,81,15,Breached,Open
ISSUE-37014,Credit Cards,Fraud,Medium,2026-05-02,112,30,Breached,Open
ISSUE-91620,Investment Banking,KYC,Low,2026-06-10,73,60,Breached,Open
ISSUE-92498,Investment Banking,AML,High,2026-07-15,38,15,Breached,Open
ISSUE-62184,Corporate Banking,Fraud,High,2026-08-18,15,15,On-Track,Closed
ISSUE-48108,Credit Cards,AML,Medium,2026-05-31,83,30,Breached,In Progress
ISSUE-82922,Corporate Banking,Fraud,Medium,2026-06-25,31,30,Breached,Closed
ISSUE-69816,Credit Cards,AML,High,2026-05-12,102,15,Breached,Open
ISSUE-46706,Corporate Banking,Fraud,High,2026-07-27,26,15,Breached,Open
ISSUE-95083,Corporate Banking,Sanctions,High,2026-06-09,74,15,Breached,In Progress
ISSUE-37783,Wealth Management,Fraud,Low,2026-07-25,28,60,On-Track,Open
ISSUE-92651,Wealth Management,AML,High,2026-05-15,99,15,Breached,In Progress
ISSUE-86772,Investment Banking,Fraud,High,2026-07-14,39,15,Breached,In Progress
ISSUE-67050,Corporate Banking,KYC,High,2026-06-18,65,15,Breached,Open
ISSUE-26523,Investment Banking,Fraud,Low,2026-08-12,10,60,On-Track,In Progress
ISSUE-59949,Credit Cards,KYC,High,2026-05-17,97,15,Breached,Open
ISSUE-58023,Wealth Management,KYC,Medium,2026-06-24,8,30,On-Track,Closed
ISSUE-29105,Corporate Banking,AML,Low,2026-05-01,65,60,Breached,Closed
ISSUE-62431,Wealth Management,Fraud,Medium,2026-08-13,9,30,On-Track,Open
ISSUE-19027,Retail Banking,Transaction Monitoring,Medium,2026-05-31,83,30,Breached,Open
ISSUE-77938,Corporate Banking,KYC,Low,2026-07-30,23,60,On-Track,In Progress
ISSUE-30595,Credit Cards,KYC,Medium,2026-07-13,40,30,Breached,In Progress
ISSUE-28532,Retail Banking,KYC,Medium,2026-06-24,59,30,Breached,In Progress
ISSUE-94705,Corporate Banking,Fraud,Low,2026-07-02,62,60,Breached,Closed
ISSUE-97680,Retail Banking,Fraud,Medium,2026-07-30,23,30,On-Track,In Progress
ISSUE-94968,Wealth Management,KYC,Medium,2026-07-08,45,30,Breached,Open
ISSUE-78892,Investment Banking,AML,Low,2026-06-10,27,60,On-Track,Closed
ISSUE-53085,Wealth Management,AML,Low,2026-05-10,4,60,On-Track,Closed
ISSUE-24042,Credit Cards,Transaction Monitoring,Medium,2026-04-29,28,30,On-Track,Closed
ISSUE-66796,Wealth Management,Fraud,Medium,2026-05-28,86,30,Breached,In Progress
ISSUE-16502,Corporate Banking,Sanctions,Medium,2026-07-10,43,30,Breached,Open
ISSUE-98532,Investment Banking,AML,Medium,2026-04-30,114,30,Breached,In Progress
ISSUE-88403,Retail Banking,KYC,High,2026-04-29,115,15,Breached,In Progress
ISSUE-83039,Investment Banking,AML,Medium,2026-08-20,2,30,On-Track,In Progress
ISSUE-87174,Investment Banking,Sanctions,High,2026-05-25,89,15,Breached,Open
ISSUE-51892,Wealth Management,KYC,Medium,2026-04-25,119,30,Breached,In Progress
ISSUE-58268,Corporate Banking,Sanctions,Low,2026-07-03,50,60,On-Track,Open
ISSUE-41850,Investment Banking,Sanctions,Medium,2026-06-19,64,30,Breached,In Progress
ISSUE-49384,Credit Cards,KYC,Medium,2026-07-14,39,30,Breached,In Progress
ISSUE-89334,Corporate Banking,AML,High,2026-08-04,2,15,On-Track,Closed
ISSUE-50864,Corporate Banking,KYC,Medium,2026-06-22,61,30,Breached,Open
ISSUE-81279,Investment Banking,Transaction Monitoring,Medium,2026-07-18,35,30,Breached,Open
ISSUE-74726,Corporate Banking,Fraud,High,2026-07-03,50,15,Breached,In Progress
ISSUE-75198,Retail Banking,KYC,Medium,2026-07-04,17,30,On-Track,Closed
ISSUE-42808,Credit Cards,AML,High,2026-04-28,116,15,Breached,Open
ISSUE-44638,Retail Banking,Fraud,High,2026-08-14,8,15,On-Track,Open
ISSUE-35223,Wealth Management,AML,Low,2026-08-03,45,60,On-Track,Closed
ISSUE-80324,Investment Banking,AML,High,2026-05-22,92,15,Breached,Open
ISSUE-50861,Credit Cards,KYC,Low,2026-07-05,40,60,On-Track,Closed
ISSUE-66441,Wealth Management,Fraud,Medium,2026-08-03,19,30,On-Track,Closed
ISSUE-11291,Wealth Management,Sanctions,Medium,2026-05-20,28,30,On-Track,Closed
ISSUE-52750,Wealth Management,Sanctions,Medium,2026-07-28,35,30,Breached,Closed
ISSUE-47464,Investment Banking,KYC,Medium,2026-05-03,13,30,On-Track,Closed
ISSUE-68993,Investment Banking,AML,Low,2026-08-02,20,60,On-Track,In Progress
ISSUE-18900,Credit Cards,AML,High,2026-08-19,3,15,On-Track,In Progress
ISSUE-40587,Wealth Management,Fraud,High,2026-06-25,58,15,Breached,Open
ISSUE-32290,Retail Banking,Transaction Monitoring,Medium,2026-06-27,56,30,Breached,In Progress
ISSUE-35438,Corporate Banking,Fraud,Low,2026-06-13,25,60,On-Track,Closed
ISSUE-82423,Credit Cards,Fraud,Low,2026-05-25,89,60,Breached,Open
ISSUE-42907,Investment Banking,Fraud,Medium,2026-08-09,13,30,On-Track,In Progress
ISSUE-14065,Corporate Banking,AML,High,2026-08-08,14,15,On-Track,Open
ISSUE-85810,Wealth Management,Fraud,Medium,2026-05-28,21,30,On-Track,Closed
ISSUE-88726,Credit Cards,Transaction Monitoring,High,2026-05-17,97,15,Breached,Open
ISSUE-25656,Credit Cards,Fraud,High,2026-06-02,7,15,On-Track,Closed
ISSUE-73168,Investment Banking,Sanctions,Low,2026-06-21,18,60,On-Track,Closed
ISSUE-70258,Wealth Management,KYC,Medium,2026-08-08,14,30,On-Track,Open
ISSUE-40818,Wealth Management,Transaction Monitoring,High,2026-04-28,116,15,Breached,Open
ISSUE-78505,Wealth Management,Fraud,Medium,2026-08-03,19,30,On-Track,In Progress
ISSUE-10103,Retail Banking,KYC,Low,2026-07-11,42,60,On-Track,Open
ISSUE-57715,Investment Banking,Transaction Monitoring,Low,2026-06-12,6,60,On-Track,Closed
ISSUE-46808,Investment Banking,Transaction Monitoring,High,2026-06-14,69,15,Breached,In Progress
ISSUE-98611,Investment Banking,AML,Medium,2026-06-27,56,30,Breached,Open
ISSUE-60545,Investment Banking,Sanctions,Low,2026-07-28,35,60,On-Track,Closed
ISSUE-12469,Wealth Management,Sanctions,Medium,2026-07-04,49,30,Breached,In Progress
ISSUE-54563,Investment Banking,KYC,Medium,2026-08-18,4,30,On-Track,In Progress
ISSUE-15444,Investment Banking,Sanctions,Low,2026-05-23,91,60,Breached,Open
ISSUE-68468,Retail Banking,Transaction Monitoring,Medium,2026-08-20,2,30,On-Track,In Progress
ISSUE-32446,Retail Banking,Fraud,Medium,2026-04-26,118,30,Breached,In Progress
ISSUE-35674,Retail Banking,AML,Medium,2026-08-13,9,30,On-Track,Open
ISSUE-40719,Retail Banking,Fraud,Medium,2026-06-28,55,30,Breached,Open
ISSUE-96125,Wealth Management,AML,Low,2026-07-31,39,60,On-Track,Closed
ISSUE-50357,Corporate Banking,Fraud,High,2026-07-16,37,15,Breached,Open
ISSUE-39384,Corporate Banking,KYC,High,2026-07-29,24,15,Breached,Open
ISSUE-41947,Investment Banking,AML,Low,2026-05-30,84,60,Breached,Open
ISSUE-27708,Corporate Banking,Transaction Monitoring,Medium,2026-05-08,106,30,Breached,In Progress
ISSUE-73742,Investment Banking,Fraud,Medium,2026-08-02,15,30,On-Track,Closed
ISSUE-86891,Credit Cards,KYC,Low,2026-04-28,116,60,Breached,Open
ISSUE-60150,Corporate Banking,Sanctions,High,2026-05-12,102,15,Breached,In Progress
ISSUE-64284,Credit Cards,Sanctions,High,2026-05-13,101,15,Breached,Open
ISSUE-40727,Corporate Banking,KYC,Medium,2026-08-03,19,30,On-Track,Open
ISSUE-73264,Corporate Banking,AML,Medium,2026-04-24,120,30,Breached,Open
ISSUE-51313,Credit Cards,Fraud,Medium,2026-06-23,60,30,Breached,Open
ISSUE-64585,Retail Banking,Sanctions,High,2026-07-07,46,15,Breached,In Progress
ISSUE-35225,Wealth Management,Transaction Monitoring,Low,2026-07-24,55,60,On-Track,Closed
ISSUE-38420,Credit Cards,Sanctions,High,2026-07-30,23,15,Breached,Open
ISSUE-93238,Corporate Banking,Transaction Monitoring,High,2026-06-24,14,15,On-Track,Closed
ISSUE-39452,Retail Banking,Sanctions,Low,2026-04-27,117,60,Breached,Open
ISSUE-76132,Credit Cards,KYC,Low,2026-07-23,30,60,On-Track,In Progress
ISSUE-55222,Retail Banking,KYC,Low,2026-05-26,88,60,Breached,Open
ISSUE-41582,Investment Banking,Fraud,Medium,2026-07-11,42,30,Breached,In Progress
ISSUE-45378,Credit Cards,Transaction Monitoring,Medium,2026-05-17,97,30,Breached,Open
ISSUE-60250,Retail Banking,Sanctions,High,2026-08-18,4,15,On-Track,In Progress
ISSUE-51336,Investment Banking,Transaction Monitoring,Medium,2026-08-03,19,30,On-Track,Open
ISSUE-69202,Credit Cards,KYC,High,2026-06-24,59,15,Breached,In Progress
ISSUE-22803,Wealth Management,KYC,Medium,2026-06-23,21,30,On-Track,Closed
ISSUE-29276,Retail Banking,Fraud,High,2026-07-18,35,15,Breached,In Progress
ISSUE-89340,Investment Banking,Transaction Monitoring,Medium,2026-05-04,12,30,On-Track,Closed
ISSUE-96831,Retail Banking,KYC,Medium,2026-06-02,26,30,On-Track,Closed
ISSUE-43846,Investment Banking,AML,High,2026-07-19,34,15,Breached,In Progress
ISSUE-93084,Retail Banking,Transaction Monitoring,Low,2026-06-16,67,60,Breached,Open
ISSUE-48514,Credit Cards,Fraud,Low,2026-06-01,82,60,Breached,In Progress
ISSUE-15004,Retail Banking,Transaction Monitoring,Medium,2026-05-13,29,30,On-Track,Closed
ISSUE-36565,Retail Banking,Transaction Monitoring,Medium,2026-06-04,79,30,Breached,Open
ISSUE-22300,Investment Banking,Fraud,High,2026-08-01,21,15,Breached,In Progress
ISSUE-52453,Wealth Management,Fraud,Medium,2026-06-14,7,30,On-Track,Closed
ISSUE-43445,Credit Cards,KYC,High,2026-07-02,51,15,Breached,Open
ISSUE-15990,Investment Banking,KYC,High,2026-05-05,109,15,Breached,In Progress
ISSUE-95044,Investment Banking,Fraud,Low,2026-08-15,7,60,On-Track,Open
ISSUE-55302,Retail Banking,Transaction Monitoring,Medium,2026-07-09,31,30,Breached,Closed
ISSUE-80886,Investment Banking,Sanctions,Medium,2026-08-08,14,30,On-Track,Open
ISSUE-61950,Investment Banking,Transaction Monitoring,Low,2026-08-13,21,60,On-Track,Closed
ISSUE-15859,Corporate Banking,AML,High,2026-05-06,108,15,Breached,Open
ISSUE-79552,Credit Cards,Transaction Monitoring,Medium,2026-06-01,82,30,Breached,In Progress
ISSUE-85451,Credit Cards,Sanctions,Low,2026-06-26,37,60,On-Track,Closed
ISSUE-25237,Corporate Banking,Sanctions,Medium,2026-07-20,33,30,Breached,Open
ISSUE-82167,Retail Banking,KYC,Medium,2026-07-14,39,30,Breached,In Progress
ISSUE-20426,Corporate Banking,AML,Medium,2026-05-13,101,30,Breached,In Progress
ISSUE-90721,Retail Banking,Transaction Monitoring,Medium,2026-04-30,5,30,On-Track,Closed
ISSUE-19702,Wealth Management,AML,Medium,2026-07-28,25,30,On-Track,In Progress
ISSUE-94676,Corporate Banking,Fraud,High,2026-07-14,39,15,Breached,In Progress
ISSUE-47540,Wealth Management,Sanctions,Low,2026-08-10,12,60,On-Track,Open
ISSUE-51308,Wealth Management,Transaction Monitoring,High,2026-07-03,50,15,Breached,Open
ISSUE-78923,Retail Banking,Sanctions,High,2026-06-11,72,15,Breached,In Progress
ISSUE-25953,Credit Cards,AML,High,2026-08-06,5,15,On-Track,Closed
ISSUE-59627,Credit Cards,AML,High,2026-04-26,118,15,Breached,Open
ISSUE-48214,Investment Banking,KYC,Low,2026-07-05,48,60,On-Track,Open
ISSUE-51074,Credit Cards,Fraud,Low,2026-07-30,23,60,On-Track,In Progress
ISSUE-18806,Wealth Management,AML,High,2026-05-16,98,15,Breached,In Progress
ISSUE-88018,Corporate Banking,Transaction Monitoring,Low,2026-04-24,65,60,Breached,Closed
ISSUE-14844,Credit Cards,AML,Low,2026-08-15,7,60,On-Track,In Progress
ISSUE-10960,Wealth Management,AML,Low,2026-05-19,4,60,On-Track,Closed
ISSUE-62741,Credit Cards,Fraud,Low,2026-05-01,113,60,Breached,In Progress
ISSUE-78213,Retail Banking,Sanctions,Medium,2026-06-06,77,30,Breached,In Progress
ISSUE-89241,Wealth Management,AML,Medium,2026-04-24,120,30,Breached,In Progress
ISSUE-44192,Wealth Management,Transaction Monitoring,Low,2026-06-07,76,60,Breached,In Progress
ISSUE-84077,Corporate Banking,KYC,High,2026-08-05,13,15,On-Track,Closed
ISSUE-22632,Wealth Management,Sanctions,High,2026-08-15,7,15,On-Track,In Progress
ISSUE-47962,Credit Cards,AML,Low,2026-06-15,68,60,Breached,In Progress
ISSUE-41085,Wealth Management,Sanctions,Low,2026-08-09,31,60,On-Track,Closed
ISSUE-58294,Credit Cards,Fraud,High,2026-08-04,2,15,On-Track,Closed
ISSUE-75753,Retail Banking,Fraud,Low,2026-06-03,80,60,Breached,Open
ISSUE-68021,Credit Cards,AML,Low,2026-04-25,23,60,On-Track,Closed
ISSUE-17406,Investment Banking,KYC,Medium,2026-05-03,111,30,Breached,In Progress
ISSUE-19036,Corporate Banking,Fraud,High,2026-05-13,10,15,On-Track,Closed
ISSUE-54721,Corporate Banking,Sanctions,Low,2026-05-08,106,60,Breached,In Progress
ISSUE-43708,Investment Banking,Fraud,Low,2026-05-21,93,60,Breached,Open
ISSUE-83207,Wealth Management,Fraud,High,2026-06-02,81,15,Breached,In Progress
ISSUE-86374,Wealth Management,AML,Medium,2026-05-27,87,30,Breached,In Progress
ISSUE-99114,Corporate Banking,KYC,High,2026-04-27,9,15,On-Track,Closed
ISSUE-58365,Corporate Banking,Fraud,Low,2026-05-12,102,60,Breached,In Progress
ISSUE-34847,Credit Cards,Sanctions,High,2026-06-02,5,15,On-Track,Closed
ISSUE-30782,Retail Banking,Transaction Monitoring,Medium,2026-07-30,23,30,On-Track,In Progress
ISSUE-89013,Wealth Management,Fraud,Low,2026-07-02,51,60,On-Track,Open
ISSUE-24654,Retail Banking,Fraud,High,2026-07-13,7,15,On-Track,Closed
ISSUE-67715,Investment Banking,Transaction Monitoring,Low,2026-06-13,70,60,Breached,Open
ISSUE-75192,Investment Banking,Sanctions,Low,2026-06-08,75,60,Breached,In Progress
ISSUE-37352,Corporate Banking,Sanctions,Medium,2026-07-24,29,30,On-Track,In Progress
ISSUE-17148,Credit Cards,Transaction Monitoring,High,2026-07-07,46,15,Breached,Open
ISSUE-13150,Retail Banking,Sanctions,Low,2026-07-14,39,60,On-Track,Open
ISSUE-48106,Corporate Banking,Transaction Monitoring,Medium,2026-04-24,120,30,Breached,Open
ISSUE-34321,Retail Banking,Sanctions,Medium,2026-06-11,28,30,On-Track,Closed
ISSUE-37036,Wealth Management,AML,High,2026-08-19,3,15,On-Track,In Progress
ISSUE-34870,Retail Banking,AML,Low,2026-05-07,6,60,On-Track,Closed
ISSUE-17070,Retail Banking,Sanctions,Low,2026-05-22,92,60,Breached,In Progress
ISSUE-23452,Credit Cards,Fraud,High,2026-05-02,112,15,Breached,Open
ISSUE-70590,Retail Banking,Transaction Monitoring,High,2026-05-03,111,15,Breached,In Progress
ISSUE-13132,Wealth Management,Fraud,Low,2026-05-07,107,60,Breached,Open
ISSUE-26133,Corporate Banking,Transaction Monitoring,Low,2026-05-28,58,60,On-Track,Closed
ISSUE-94815,Credit Cards,AML,High,2026-07-12,3,15,On-Track,Closed
ISSUE-65071,Credit Cards,KYC,Medium,2026-08-08,14,30,On-Track,Open
ISSUE-55917,Retail Banking,KYC,High,2026-06-29,14,15,On-Track,Closed
ISSUE-30700,Credit Cards,Sanctions,Medium,2026-07-28,29,30,On-Track,Closed
ISSUE-14289,Corporate Banking,KYC,Medium,2026-06-22,61,30,Breached,Open
ISSUE-57314,Wealth Management,AML,Low,2026-07-23,29,60,On-Track,Closed
ISSUE-97884,Corporate Banking,Transaction Monitoring,Medium,2026-07-02,51,30,Breached,Open
ISSUE-42791,Retail Banking,AML,Low,2026-07-31,22,60,On-Track,In Progress
ISSUE-56945,Credit Cards,Sanctions,High,2026-05-19,95,15,Breached,In Progress
ISSUE-15599,Credit Cards,Transaction Monitoring,Low,2026-06-15,19,60,On-Track,Closed
ISSUE-25524,Retail Banking,KYC,High,2026-07-04,49,15,Breached,In Progress
ISSUE-78063,Investment Banking,Fraud,Medium,2026-07-05,48,30,Breached,In Progress
ISSUE-74716,Corporate Banking,Fraud,High,2026-06-17,66,15,Breached,Open
ISSUE-79741,Retail Banking,Fraud,High,2026-06-11,72,15,Breached,In Progress
ISSUE-91186,Wealth Management,AML,Low,2026-06-10,73,60,Breached,In Progress
ISSUE-64988,Corporate Banking,KYC,Medium,2026-07-29,24,30,On-Track,Open
ISSUE-24364,Corporate Banking,Sanctions,Medium,2026-05-15,9,30,On-Track,Closed
ISSUE-54464,Wealth Management,Transaction Monitoring,Low,2026-06-05,78,60,Breached,Open
ISSUE-93180,Corporate Banking,Fraud,Low,2026-06-11,72,60,Breached,In Progress
ISSUE-63915,Retail Banking,Fraud,Medium,2026-06-06,77,30,Breached,Open
ISSUE-35383,Credit Cards,Sanctions,Medium,2026-06-27,56,30,Breached,In Progress
ISSUE-30226,Investment Banking,Sanctions,Low,2026-06-14,34,60,On-Track,Closed
ISSUE-54662,Credit Cards,KYC,Medium,2026-07-19,34,30,Breached,In Progress
ISSUE-56755,Credit Cards,AML,Medium,2026-06-20,63,30,Breached,Open
ISSUE-69804,Investment Banking,KYC,High,2026-08-16,6,15,On-Track,In Progress
ISSUE-88229,Investment Banking,Sanctions,Low,2026-06-01,82,60,Breached,Open
ISSUE-55702,Retail Banking,Sanctions,High,2026-06-10,73,15,Breached,Open
ISSUE-99083,Credit Cards,KYC,Medium,2026-07-30,23,30,On-Track,Open
ISSUE-28378,Credit Cards,Fraud,Medium,2026-04-30,114,30,Breached,In Progress
ISSUE-58047,Credit Cards,AML,High,2026-05-06,10,15,On-Track,Closed
ISSUE-12861,Investment Banking,KYC,Medium,2026-08-20,2,30,On-Track,Open
ISSUE-29362,Wealth Management,KYC,High,2026-08-04,18,15,Breached,In Progress
ISSUE-24105,Investment Banking,Transaction Monitoring,High,2026-07-04,49,15,Breached,In Progress
ISSUE-16758,Retail Banking,Sanctions,Low,2026-07-07,46,60,On-Track,In Progress
ISSUE-76099,Wealth Management,Transaction Monitoring,High,2026-06-15,68,15,Breached,In Progress
ISSUE-13624,Investment Banking,Sanctions,High,2026-06-26,57,15,Breached,Open
ISSUE-87901,Credit Cards,Fraud,Medium,2026-06-05,78,30,Breached,In Progress
ISSUE-24569,Credit Cards,KYC,Medium,2026-07-02,51,30,Breached,Open
ISSUE-82351,Wealth Management,Fraud,Medium,2026-05-22,92,30,Breached,Open
ISSUE-74270,Credit Cards,AML,High,2026-05-25,16,15,Breached,Closed
ISSUE-47518,Wealth Management,Transaction Monitoring,Medium,2026-06-21,62,30,Breached,In Progress
ISSUE-25210,Corporate Banking,Transaction Monitoring,Low,2026-07-08,45,60,On-Track,Open
ISSUE-36679,Retail Banking,KYC,Medium,2026-06-11,72,30,Breached,In Progress
ISSUE-11780,Corporate Banking,Sanctions,Low,2026-08-03,19,60,On-Track,Open
ISSUE-34400,Wealth Management,Fraud,Medium,2026-05-02,34,30,Breached,Closed
ISSUE-37052,Wealth Management,Sanctions,Medium,2026-08-05,28,30,On-Track,Closed
ISSUE-25818,Retail Banking,Sanctions,High,2026-04-27,117,15,Breached,Open
ISSUE-30651,Corporate Banking,Sanctions,High,2026-08-17,5,15,On-Track,In Progress
ISSUE-63901,Wealth Management,AML,Low,2026-07-25,27,60,On-Track,Closed
ISSUE-48977,Credit Cards,AML,High,2026-08-11,11,15,On-Track,Open
ISSUE-58585,Corporate Banking,Fraud,Low,2026-07-17,36,60,On-Track,In Progress
ISSUE-21234,Corporate Banking,KYC,High,2026-06-14,15,15,On-Track,Closed
ISSUE-11346,Investment Banking,KYC,High,2026-07-13,40,15,Breached,Open
ISSUE-13163,Retail Banking,AML,Medium,2026-07-20,33,30,Breached,In Progress
ISSUE-90357,Credit Cards,KYC,High,2026-04-25,119,15,Breached,In Progress
ISSUE-13733,Investment Banking,KYC,High,2026-05-20,94,15,Breached,In Progress
ISSUE-92315,Wealth Management,KYC,Medium,2026-07-02,10,30,On-Track,Closed
ISSUE-10678,Retail Banking,Sanctions,Medium,2026-07-21,26,30,On-Track,Closed
ISSUE-32024,Credit Cards,Sanctions,Medium,2026-04-24,34,30,Breached,Closed
ISSUE-67709,Corporate Banking,Fraud,Medium,2026-05-18,96,30,Breached,In Progress
ISSUE-60010,Retail Banking,Sanctions,Medium,2026-05-29,35,30,Breached,Closed
ISSUE-48942,Investment Banking,Transaction Monitoring,Low,2026-05-16,98,60,Breached,Open
ISSUE-57926,Investment Banking,Sanctions,Medium,2026-07-20,33,30,Breached,Open
ISSUE-74242,Credit Cards,Transaction Monitoring,High,2026-07-17,15,15,On-Track,Closed
ISSUE-83050,Investment Banking,AML,Medium,2026-08-13,9,30,On-Track,Open
ISSUE-54267,Investment Banking,Transaction Monitoring,High,2026-07-15,38,15,Breached,Open
ISSUE-57119,Retail Banking,AML,Low,2026-06-04,15,60,On-Track,Closed
ISSUE-84000,Retail Banking,Transaction Monitoring,High,2026-04-26,118,15,Breached,Open
ISSUE-14597,Wealth Management,AML,High,2026-04-29,115,15,Breached,Open
ISSUE-66646,Wealth Management,Fraud,High,2026-05-30,12,15,On-Track,Closed
ISSUE-14043,Wealth Management,Sanctions,High,2026-07-23,30,15,Breached,Open
ISSUE-74029,Wealth Management,KYC,Medium,2026-06-21,3,30,On-Track,Closed
ISSUE-38411,Credit Cards,Sanctions,High,2026-06-29,54,15,Breached,Open
ISSUE-93892,Wealth Management,Sanctions,Low,2026-08-15,7,60,On-Track,In Progress
ISSUE-50769,Retail Banking,Sanctions,Low,2026-06-24,59,60,On-Track,Open
ISSUE-73511,Investment Banking,Fraud,Medium,2026-06-12,71,30,Breached,In Progress
ISSUE-27024,Wealth Management,Transaction Monitoring,High,2026-05-08,11,15,On-Track,Closed
ISSUE-86300,Investment Banking,Fraud,Low,2026-07-26,27,60,On-Track,Open
ISSUE-34785,Corporate Banking,AML,High,2026-05-28,86,15,Breached,In Progress
ISSUE-40197,Investment Banking,Transaction Monitoring,Low,2026-05-22,13,60,On-Track,Closed
ISSUE-74245,Retail Banking,Sanctions,Medium,2026-06-07,76,30,Breached,In Progress
ISSUE-45787,Retail Banking,Transaction Monitoring,Medium,2026-07-17,36,30,Breached,Open
ISSUE-35764,Wealth Management,Sanctions,Low,2026-07-24,47,60,On-Track,Closed
ISSUE-87721,Wealth Management,Transaction Monitoring,High,2026-07-27,14,15,On-Track,Closed
ISSUE-49829,Credit Cards,Transaction Monitoring,High,2026-06-28,55,15,Breached,Open
ISSUE-52696,Retail Banking,KYC,Low,2026-07-29,24,60,On-Track,Open
ISSUE-40887,Investment Banking,Sanctions,Low,2026-06-21,62,60,Breached,Open
ISSUE-93664,Corporate Banking,Transaction Monitoring,Medium,2026-05-30,84,30,Breached,In Progress
ISSUE-72761,Investment Banking,Sanctions,High,2026-06-09,14,15,On-Track,Closed
ISSUE-28145,Investment Banking,AML,High,2026-06-04,5,15,On-Track,Closed
ISSUE-63494,Wealth Management,AML,Medium,2026-06-03,80,30,Breached,In Progress
ISSUE-72107,Wealth Management,Fraud,High,2026-05-17,97,15,Breached,Open
ISSUE-89996,Wealth Management,Fraud,Medium,2026-06-17,66,30,Breached,In Progress
ISSUE-95846,Corporate Banking,Sanctions,Medium,2026-07-10,27,30,On-Track,Closed
ISSUE-88765,Retail Banking,KYC,Medium,2026-06-15,68,30,Breached,In Progress
ISSUE-36528,Retail Banking,Fraud,Low,2026-05-03,65,60,Breached,Closed
ISSUE-41757,Corporate Banking,Sanctions,High,2026-06-20,63,15,Breached,Open
ISSUE-59126,Investment Banking,Sanctions,High,2026-07-13,40,15,Breached,Open
ISSUE-31019,Corporate Banking,Sanctions,Low,2026-06-25,58,60,On-Track,Open
ISSUE-40144,Wealth Management,Fraud,High,2026-05-01,113,15,Breached,Open
ISSUE-78556,Investment Banking,Transaction Monitoring,High,2026-05-29,85,15,Breached,In Progress
ISSUE-70542,Credit Cards,KYC,High,2026-05-19,18,15,Breached,Closed
ISSUE-89736,Retail Banking,Fraud,Medium,2026-07-09,44,30,Breached,In Progress
ISSUE-14807,Retail Banking,KYC,Low,2026-08-21,1,60,On-Track,Open
ISSUE-92687,Retail Banking,AML,Low,2026-07-19,34,60,On-Track,Open
ISSUE-22891,Corporate Banking,Sanctions,High,2026-06-18,16,15,Breached,Closed
ISSUE-87128,Retail Banking,Sanctions,High,2026-05-07,107,15,Breached,Open
ISSUE-37269,Wealth Management,Sanctions,Low,2026-06-12,71,60,Breached,Open
ISSUE-44231,Retail Banking,Sanctions,Low,2026-08-19,3,60,On-Track,Open
ISSUE-20756,Credit Cards,Transaction Monitoring,High,2026-06-24,59,15,Breached,In Progress
ISSUE-99861,Investment Banking,Sanctions,High,2026-08-12,10,15,On-Track,In Progress
ISSUE-65876,Retail Banking,AML,High,2026-07-02,51,15,Breached,Open
ISSUE-14077,Corporate Banking,Sanctions,Medium,2026-08-19,3,30,On-Track,Open
ISSUE-32664,Investment Banking,Transaction Monitoring,Low,2026-05-18,57,60,On-Track,Closed
ISSUE-63280,Investment Banking,Transaction Monitoring,High,2026-07-24,29,15,Breached,In Progress
ISSUE-64673,Retail Banking,AML,High,2026-08-16,6,15,On-Track,Open
ISSUE-62000,Retail Banking,Sanctions,Low,2026-05-02,4,60,On-Track,Closed
ISSUE-65112,Wealth Management,KYC,High,2026-06-04,79,15,Breached,In Progress
ISSUE-91438,Retail Banking,AML,Medium,2026-07-24,13,30,On-Track,Closed
ISSUE-67799,Wealth Management,AML,Low,2026-08-21,24,60,On-Track,Closed
ISSUE-77960,Retail Banking,Fraud,High,2026-05-27,87,15,Breached,In Progress
ISSUE-16399,Corporate Banking,Transaction Monitoring,Low,2026-06-12,71,60,Breached,In Progress
ISSUE-84506,Retail Banking,KYC,Low,2026-08-07,15,60,On-Track,Open
ISSUE-53244,Corporate Banking,Fraud,Medium,2026-08-19,3,30,On-Track,In Progress
ISSUE-60268,Wealth Management,AML,Low,2026-07-30,14,60,On-Track,Closed
ISSUE-91879,Corporate Banking,Sanctions,Medium,2026-06-23,60,30,Breached,In Progress
ISSUE-45127,Credit Cards,KYC,Low,2026-05-30,84,60,Breached,Open
ISSUE-39352,Wealth Management,AML,Medium,2026-08-21,29,30,On-Track,Closed
ISSUE-73736,Retail Banking,Fraud,Low,2026-07-26,27,60,On-Track,In Progress
ISSUE-61196,Corporate Banking,AML,High,2026-04-27,117,15,Breached,In Progress
ISSUE-29263,Retail Banking,Fraud,Medium,2026-08-05,17,30,On-Track,Open
ISSUE-60279,Retail Banking,Sanctions,Medium,2026-06-30,53,30,Breached,Open
ISSUE-18276,Corporate Banking,Fraud,Low,2026-07-31,22,60,On-Track,Closed
ISSUE-79838,Retail Banking,Sanctions,High,2026-07-30,23,15,Breached,In Progress
ISSUE-75719,Investment Banking,KYC,Low,2026-07-31,22,60,On-Track,Open
ISSUE-68520,Investment Banking,Fraud,Medium,2026-05-19,33,30,Breached,Closed
ISSUE-35396,Wealth Management,Fraud,Low,2026-04-27,21,60,On-Track,Closed
ISSUE-66214,Wealth Management,Transaction Monitoring,High,2026-05-03,111,15,Breached,Open
ISSUE-94513,Investment Banking,Transaction Monitoring,Low,2026-08-19,3,60,On-Track,Open
ISSUE-16415,Investment Banking,Sanctions,High,2026-05-19,95,15,Breached,Open
ISSUE-80593,Retail Banking,KYC,Low,2026-07-14,11,60,On-Track,Closed
ISSUE-48581,Wealth Management,KYC,Low,2026-08-20,2,60,On-Track,Open
ISSUE-49648,Corporate Banking,AML,Medium,2026-05-15,34,30,Breached,Closed
ISSUE-99672,Wealth Management,AML,Medium,2026-06-20,24,30,On-Track,Closed
ISSUE-88148,Corporate Banking,AML,High,2026-07-07,46,15,Breached,In Progress
ISSUE-67658,Corporate Banking,Sanctions,High,2026-06-23,60,15,Breached,Open
ISSUE-71001,Investment Banking,Fraud,High,2026-04-28,116,15,Breached,In Progress
ISSUE-98920,Corporate Banking,AML,High,2026-08-04,18,15,Breached,In Progress
ISSUE-66147,Credit Cards,AML,Medium,2026-07-30,23,30,On-Track,In Progress
ISSUE-90599,Corporate Banking,Sanctions,High,2026-07-01,4,15,On-Track,Closed
ISSUE-85257,Investment Banking,KYC,Low,2026-06-17,66,60,Breached,Open
ISSUE-86635,Corporate Banking,Transaction Monitoring,High,2026-07-16,7,15,On-Track,Closed
ISSUE-93126,Retail Banking,Fraud,Medium,2026-05-25,89,30,Breached,In Progress
ISSUE-67505,Investment Banking,AML,Medium,2026-06-07,76,30,Breached,Open
ISSUE-71962,Corporate Banking,AML,Medium,2026-06-25,58,30,Breached,In Progress
ISSUE-74237,Corporate Banking,Fraud,Low,2026-07-12,41,60,On-Track,In Progress
ISSUE-75383,Corporate Banking,Transaction Monitoring,Medium,2026-05-08,106,30,Breached,In Progress
ISSUE-41340,Wealth Management,Sanctions,Medium,2026-05-03,18,30,On-Track,Closed
ISSUE-30170,Investment Banking,Sanctions,High,2026-06-18,3,15,On-Track,Closed
ISSUE-15972,Credit Cards,KYC,Low,2026-05-05,109,60,Breached,Open
ISSUE-44326,Corporate Banking,Sanctions,High,2026-06-15,2,15,On-Track,Closed
ISSUE-59370,Credit Cards,KYC,High,2026-07-13,40,15,Breached,In Progress
ISSUE-96101,Credit Cards,Transaction Monitoring,Medium,2026-05-20,32,30,Breached,Closed
ISSUE-79996,Investment Banking,Transaction Monitoring,Low,2026-05-10,104,60,Breached,Open
ISSUE-50766,Credit Cards,KYC,Low,2026-05-31,2,60,On-Track,Closed
ISSUE-29438,Wealth Management,Fraud,High,2026-05-03,111,15,Breached,In Progress
ISSUE-89975,Wealth Management,Transaction Monitoring,Medium,2026-06-03,80,30,Breached,In Progress
ISSUE-25578,Credit Cards,Fraud,Medium,2026-05-03,111,30,Breached,In Progress
ISSUE-71778,Corporate Banking,KYC,Medium,2026-08-17,5,30,On-Track,Open
ISSUE-61191,Corporate Banking,Fraud,Low,2026-06-02,81,60,Breached,In Progress
ISSUE-89662,Investment Banking,Sanctions,Low,2026-06-28,54,60,On-Track,Closed
ISSUE-79018,Corporate Banking,Sanctions,Medium,2026-04-24,120,30,Breached,Open
ISSUE-44281,Credit Cards,Sanctions,Medium,2026-06-25,18,30,On-Track,Closed
ISSUE-33487,Retail Banking,Fraud,Medium,2026-07-01,52,30,Breached,In Progress
ISSUE-61892,Credit Cards,Sanctions,Low,2026-05-31,63,60,Breached,Closed
ISSUE-50689,Investment Banking,Transaction Monitoring,High,2026-08-11,11,15,On-Track,Open
ISSUE-24951,Retail Banking,KYC,Medium,2026-08-20,2,30,On-Track,In Progress
ISSUE-65615,Wealth Management,AML,Low,2026-05-10,104,60,Breached,Open
ISSUE-68531,Wealth Management,Sanctions,Medium,2026-07-22,31,30,Breached,Open
ISSUE-24176,Wealth Management,Transaction Monitoring,Low,2026-06-06,77,60,Breached,In Progress
ISSUE-13118,Retail Banking,KYC,Medium,2026-07-25,16,30,On-Track,Closed
ISSUE-79684,Wealth Management,Transaction Monitoring,Medium,2026-08-08,14,30,On-Track,In Progress
ISSUE-25124,Investment Banking,Transaction Monitoring,Low,2026-07-19,34,60,On-Track,Open
ISSUE-36692,Investment Banking,KYC,Medium,2026-05-18,9,30,On-Track,Closed
ISSUE-43323,Wealth Management,Transaction Monitoring,High,2026-07-31,22,15,Breached,Open
ISSUE-40596,Retail Banking,Fraud,Medium,2026-07-18,35,30,Breached,Open
ISSUE-72190,Credit Cards,Fraud,Low,2026-06-12,71,60,Breached,In Progress
ISSUE-80533,Investment Banking,Sanctions,Low,2026-07-03,50,60,On-Track,In Progress
ISSUE-88576,Retail Banking,Transaction Monitoring,Low,2026-06-30,49,60,On-Track,Closed
ISSUE-70730,Wealth Management,KYC,Medium,2026-08-06,16,30,On-Track,In Progress
ISSUE-86436,Wealth Management,KYC,Low,2026-07-05,48,60,On-Track,Open
ISSUE-24536,Retail Banking,AML,Medium,2026-08-16,6,30,On-Track,Open
ISSUE-92314,Retail Banking,KYC,High,2026-07-16,11,15,On-Track,Closed
ISSUE-92034,Retail Banking,KYC,Medium,2026-05-22,92,30,Breached,Open
ISSUE-73996,Corporate Banking,KYC,Low,2026-06-04,79,60,Breached,In Progress
ISSUE-80183,Investment Banking,Sanctions,Medium,2026-07-15,38,30,Breached,Open
ISSUE-11263,Investment Banking,Fraud,Medium,2026-06-24,11,30,On-Track,Closed
ISSUE-81338,Retail Banking,Fraud,Medium,2026-04-29,115,30,Breached,Open
ISSUE-21516,Wealth Management,Transaction Monitoring,Low,2026-06-09,74,60,Breached,Open
ISSUE-83427,Credit Cards,KYC,Medium,2026-07-14,39,30,Breached,Open
ISSUE-34539,Retail Banking,Fraud,Medium,2026-07-26,23,30,On-Track,Closed
ISSUE-13603,Credit Cards,KYC,Medium,2026-05-17,97,30,Breached,In Progress
ISSUE-63551,Investment Banking,AML,Low,2026-08-18,4,60,On-Track,Open
ISSUE-11150,Credit Cards,KYC,Low,2026-07-21,32,60,On-Track,Open
ISSUE-25413,Investment Banking,Transaction Monitoring,High,2026-05-11,103,15,Breached,Open
ISSUE-96573,Investment Banking,AML,Medium,2026-07-15,38,30,Breached,In Progress
ISSUE-41339,Retail Banking,KYC,High,2026-07-12,41,15,Breached,In Progress
ISSUE-63316,Wealth Management,AML,Medium,2026-06-05,18,30,On-Track,Closed
ISSUE-38838,Wealth Management,Sanctions,Medium,2026-05-26,88,30,Breached,In Progress
ISSUE-76447,Credit Cards,Fraud,Medium,2026-05-02,112,30,Breached,In Progress
ISSUE-28649,Corporate Banking,Transaction Monitoring,High,2026-08-04,18,15,Breached,In Progress
ISSUE-92098,Retail Banking,Sanctions,High,2026-06-22,12,15,On-Track,Closed
ISSUE-49360,Credit Cards,AML,High,2026-06-07,76,15,Breached,Open
ISSUE-29405,Investment Banking,Sanctions,Medium,2026-06-09,74,30,Breached,Open
ISSUE-35218,Retail Banking,Fraud,Low,2026-06-14,69,60,Breached,Open
ISSUE-56058,Investment Banking,KYC,Medium,2026-08-19,12,30,On-Track,Closed
ISSUE-53967,Investment Banking,AML,Medium,2026-07-12,24,30,On-Track,Closed
ISSUE-14147,Investment Banking,Sanctions,Medium,2026-06-08,23,30,On-Track,Closed
ISSUE-72050,Credit Cards,Transaction Monitoring,Low,2026-08-10,53,60,On-Track,Closed
ISSUE-96995,Credit Cards,Sanctions,Low,2026-06-28,7,60,On-Track,Closed
ISSUE-36407,Credit Cards,KYC,High,2026-07-04,49,15,Breached,Open
ISSUE-97732,Wealth Management,AML,High,2026-06-16,18,15,Breached,Closed
ISSUE-75449,Retail Banking,Transaction Monitoring,Low,2026-07-22,53,60,On-Track,Closed
ISSUE-74526,Corporate Banking,AML,Medium,2026-06-21,23,30,On-Track,Closed
ISSUE-49942,Credit Cards,KYC,Low,2026-07-31,50,60,On-Track,Closed
ISSUE-79979,Credit Cards,Fraud,Low,2026-06-14,10,60,On-Track,Closed
ISSUE-66389,Corporate Banking,KYC,Low,2026-06-05,78,60,Breached,Open
ISSUE-84940,Wealth Management,Transaction Monitoring,High,2026-07-17,3,15,On-Track,Closed
ISSUE-86699,Wealth Management,Fraud,High,2026-08-09,13,15,On-Track,In Progress
ISSUE-91993,Corporate Banking,Sanctions,Low,2026-05-26,11,60,On-Track,Closed
ISSUE-53054,Investment Banking,Transaction Monitoring,Medium,2026-06-26,23,30,On-Track,Closed
ISSUE-27738,Retail Banking,Fraud,Low,2026-05-12,102,60,Breached,Open
ISSUE-10702,Credit Cards,KYC,Low,2026-05-26,35,60,On-Track,Closed
ISSUE-99062,Investment Banking,Sanctions,Medium,2026-06-03,80,30,Breached,Open
ISSUE-10816,Investment Banking,KYC,Medium,2026-05-27,87,30,Breached,Open
ISSUE-86035,Corporate Banking,Sanctions,Medium,2026-08-04,18,30,On-Track,Open
ISSUE-35092,Investment Banking,Transaction Monitoring,Medium,2026-07-17,36,30,Breached,Open
ISSUE-85743,Wealth Management,AML,Low,2026-05-11,103,60,Breached,In Progress
ISSUE-66161,Retail Banking,Transaction Monitoring,High,2026-08-06,16,15,Breached,Open
ISSUE-61766,Corporate Banking,Transaction Monitoring,Low,2026-06-27,56,60,On-Track,Open
ISSUE-17378,Retail Banking,KYC,Low,2026-05-16,98,60,Breached,In Progress
ISSUE-56004,Credit Cards,AML,Low,2026-07-17,7,60,On-Track,Closed
ISSUE-71305,Retail Banking,Sanctions,Low,2026-06-12,48,60,On-Track,Closed
ISSUE-55695,Investment Banking,KYC,Medium,2026-07-28,31,30,Breached,Closed
ISSUE-27880,Corporate Banking,KYC,Medium,2026-05-08,106,30,Breached,In Progress
ISSUE-39552,Corporate Banking,KYC,High,2026-07-22,31,15,Breached,In Progress
ISSUE-73840,Wealth Management,AML,Low,2026-05-02,112,60,Breached,In Progress
ISSUE-42148,Retail Banking,Sanctions,Medium,2026-08-20,2,30,On-Track,Open
ISSUE-74685,Wealth Management,Sanctions,Low,2026-06-04,79,60,Breached,In Progress
ISSUE-93056,Wealth Management,Transaction Monitoring,Medium,2026-05-20,94,30,Breached,In Progress
ISSUE-96584,Wealth Management,Transaction Monitoring,Medium,2026-06-05,78,30,Breached,In Progress
ISSUE-88872,Corporate Banking,KYC,Medium,2026-07-20,19,30,On-Track,Closed
ISSUE-47000,Corporate Banking,KYC,High,2026-05-30,16,15,Breached,Closed
ISSUE-24102,Wealth Management,Fraud,Low,2026-06-20,12,60,On-Track,Closed
ISSUE-52579,Wealth Management,AML,Low,2026-07-01,52,60,On-Track,Open
ISSUE-53326,Retail Banking,KYC,Low,2026-07-10,43,60,On-Track,In Progress
ISSUE-63021,Corporate Banking,Transaction Monitoring,Low,2026-06-29,3,60,On-Track,Closed
ISSUE-19748,Wealth Management,Transaction Monitoring,Low,2026-06-16,67,60,Breached,In Progress
ISSUE-55601,Credit Cards,Fraud,Medium,2026-07-01,52,30,Breached,In Progress
ISSUE-93661,Wealth Management,Transaction Monitoring,High,2026-05-18,96,15,Breached,In Progress
ISSUE-72639,Corporate Banking,AML,Low,2026-07-23,30,60,On-Track,In Progress
ISSUE-95029,Corporate Banking,Transaction Monitoring,High,2026-06-16,67,15,Breached,Open
ISSUE-73372,Credit Cards,AML,High,2026-08-11,5,15,On-Track,Closed
ISSUE-45350,Investment Banking,Sanctions,Low,2026-07-06,47,60,On-Track,In Progress
ISSUE-11046,Wealth Management,AML,High,2026-08-03,19,15,Breached,Open
ISSUE-11649,Corporate Banking,Transaction Monitoring,High,2026-05-04,110,15,Breached,Open
ISSUE-95249,Corporate Banking,Sanctions,Medium,2026-06-17,10,30,On-Track,Closed
ISSUE-31258,Retail Banking,Transaction Monitoring,Medium,2026-06-22,61,30,Breached,In Progress
ISSUE-92285,Corporate Banking,Sanctions,Medium,2026-05-25,89,30,Breached,In Progress
ISSUE-39619,Corporate Banking,Transaction Monitoring,Low,2026-08-14,9,60,On-Track,Closed
ISSUE-97409,Investment Banking,Transaction Monitoring,Low,2026-04-29,115,60,Breached,In Progress
ISSUE-49476,Wealth Management,Transaction Monitoring,High,2026-07-16,37,15,Breached,Open
ISSUE-95827,Wealth Management,Fraud,Low,2026-08-15,7,60,On-Track,In Progress
ISSUE-53709,Investment Banking,Fraud,Medium,2026-08-14,8,30,On-Track,In Progress
ISSUE-80327,Corporate Banking,Sanctions,High,2026-06-06,77,15,Breached,Open
ISSUE-85924,Retail Banking,AML,Low,2026-07-05,48,60,On-Track,In Progress
ISSUE-84981,Investment Banking,Sanctions,Low,2026-07-15,38,60,On-Track,Open
ISSUE-93442,Corporate Banking,AML,Medium,2026-07-28,25,30,On-Track,Open
ISSUE-72057,Credit Cards,KYC,High,2026-07-19,15,15,On-Track,Closed
ISSUE-88055,Wealth Management,KYC,Medium,2026-06-08,15,30,On-Track,Closed
ISSUE-44149,Wealth Management,Fraud,Medium,2026-05-29,85,30,Breached,In Progress
ISSUE-67728,Retail Banking,Transaction Monitoring,Medium,2026-07-19,19,30,On-Track,Closed
ISSUE-32750,Wealth Management,Transaction Monitoring,High,2026-07-31,22,15,Breached,In Progress
ISSUE-17467,Wealth Management,Transaction Monitoring,High,2026-05-18,96,15,Breached,Open
ISSUE-69813,Wealth Management,Sanctions,Low,2026-06-14,69,60,Breached,Open
ISSUE-11481,Retail Banking,AML,Medium,2026-08-16,6,30,On-Track,Open
ISSUE-47451,Wealth Management,Transaction Monitoring,Low,2026-06-30,53,60,On-Track,Open
ISSUE-62897,Credit Cards,AML,High,2026-05-11,103,15,Breached,Open
ISSUE-68288,Investment Banking,Sanctions,Medium,2026-05-26,6,30,On-Track,Closed
ISSUE-77728,Corporate Banking,Fraud,Low,2026-08-21,35,60,On-Track,Closed
ISSUE-36852,Retail Banking,Transaction Monitoring,Low,2026-07-01,52,60,On-Track,Open
ISSUE-97543,Investment Banking,AML,High,2026-07-31,22,15,Breached,Open
ISSUE-47192,Corporate Banking,AML,High,2026-07-26,27,15,Breached,In Progress
ISSUE-59023,Credit Cards,KYC,High,2026-08-17,19,15,Breached,Closed
ISSUE-80256,Investment Banking,Fraud,High,2026-07-09,20,15,Breached,Closed
ISSUE-77123,Corporate Banking,Transaction Monitoring,Medium,2026-08-06,18,30,On-Track,Closed
ISSUE-48960,Retail Banking,Fraud,High,2026-06-18,8,15,On-Track,Closed
ISSUE-33136,Corporate Banking,Transaction Monitoring,Low,2026-06-17,66,60,Breached,In Progress
ISSUE-62247,Investment Banking,Fraud,Medium,2026-08-12,10,30,On-Track,Open
ISSUE-66511,Retail Banking,Transaction Monitoring,High,2026-05-31,83,15,Breached,Open
ISSUE-78985,Retail Banking,AML,Medium,2026-06-12,71,30,Breached,In Progress
ISSUE-62034,Wealth Management,Fraud,Low,2026-04-24,120,60,Breached,Open
ISSUE-23316,Corporate Banking,Sanctions,Low,2026-07-04,24,60,On-Track,Closed
ISSUE-49776,Wealth Management,Transaction Monitoring,Low,2026-07-29,24,60,On-Track,Open
ISSUE-65808,Credit Cards,KYC,Low,2026-05-07,107,60,Breached,Open
ISSUE-78468,Investment Banking,Transaction Monitoring,High,2026-07-17,36,15,Breached,In Progress
ISSUE-45759,Retail Banking,Fraud,Low,2026-05-05,109,60,Breached,In Progress
ISSUE-46868,Retail Banking,AML,Medium,2026-07-19,34,30,Breached,Open
ISSUE-32910,Retail Banking,Sanctions,Low,2026-06-15,47,60,On-Track,Closed
ISSUE-25411,Wealth Management,Sanctions,Medium,2026-08-16,16,30,On-Track,Closed
ISSUE-14138,Wealth Management,Sanctions,High,2026-08-02,20,15,Breached,In Progress
ISSUE-62315,Investment Banking,Sanctions,High,2026-07-07,46,15,Breached,In Progress
ISSUE-86797,Credit Cards,KYC,Low,2026-07-07,46,60,On-Track,In Progress
ISSUE-20762,Corporate Banking,KYC,Low,2026-08-10,40,60,On-Track,Closed
ISSUE-84177,Corporate Banking,AML,Low,2026-06-09,74,60,Breached,In Progress
ISSUE-91371,Credit Cards,Fraud,High,2026-06-12,71,15,Breached,In Progress
ISSUE-79938,Retail Banking,Transaction Monitoring,Medium,2026-08-09,13,30,On-Track,Open
ISSUE-92080,Credit Cards,Sanctions,Medium,2026-06-06,77,30,Breached,In Progress
ISSUE-71492,Investment Banking,KYC,High,2026-07-08,45,15,Breached,In Progress
ISSUE-82309,Wealth Management,Fraud,High,2026-07-13,40,15,Breached,Open
ISSUE-33871,Credit Cards,Transaction Monitoring,Low,2026-07-18,62,60,Breached,Closed
ISSUE-62130,Investment Banking,Transaction Monitoring,Low,2026-07-31,22,60,On-Track,In Progress
ISSUE-67998,Investment Banking,Sanctions,High,2026-07-09,44,15,Breached,Open
ISSUE-46724,Credit Cards,AML,Low,2026-07-29,24,60,On-Track,In Progress
ISSUE-85801,Wealth Management,KYC,Low,2026-07-19,34,60,On-Track,Open
ISSUE-18044,Credit Cards,Sanctions,High,2026-04-30,114,15,Breached,In Progress
ISSUE-42933,Corporate Banking,AML,High,2026-07-12,41,15,Breached,In Progress
ISSUE-52246,Wealth Management,Sanctions,Low,2026-08-21,1,60,On-Track,Open
ISSUE-55890,Credit Cards,Sanctions,Medium,2026-05-29,24,30,On-Track,Closed
ISSUE-43653,Retail Banking,AML,Medium,2026-05-08,12,30,On-Track,Closed
ISSUE-13612,Wealth Management,KYC,Medium,2026-05-09,21,30,On-Track,Closed
ISSUE-43381,Retail Banking,KYC,Medium,2026-06-18,65,30,Breached,In Progress
ISSUE-78581,Wealth Management,KYC,High,2026-06-01,82,15,Breached,Open
ISSUE-78489,Corporate Banking,Fraud,Medium,2026-06-18,65,30,Breached,In Progress
ISSUE-74488,Corporate Banking,Sanctions,Medium,2026-06-01,82,30,Breached,Open
ISSUE-90954,Wealth Management,Fraud,High,2026-07-06,5,15,On-Track,Closed
ISSUE-73973,Corporate Banking,Transaction Monitoring,Medium,2026-06-08,75,30,Breached,In Progress
ISSUE-26112,Credit Cards,Sanctions,High,2026-05-20,94,15,Breached,Open
ISSUE-21549,Retail Banking,KYC,High,2026-08-18,2,15,On-Track,Closed
ISSUE-81265,Corporate Banking,KYC,High,2026-04-25,119,15,Breached,Open
ISSUE-27618,Retail Banking,Sanctions,Low,2026-06-17,66,60,Breached,Open
ISSUE-45267,Corporate Banking,AML,Medium,2026-05-28,86,30,Breached,In Progress
ISSUE-60993,Wealth Management,Fraud,Low,2026-05-11,103,60,Breached,In Progress
ISSUE-58866,Wealth Management,Transaction Monitoring,Medium,2026-08-21,21,30,On-Track,Closed
ISSUE-80736,Wealth Management,AML,Low,2026-04-30,114,60,Breached,Open
ISSUE-13456,Corporate Banking,KYC,Low,2026-06-26,57,60,On-Track,Open
ISSUE-13800,Wealth Management,Fraud,Medium,2026-08-02,20,30,On-Track,In Progress
ISSUE-13481,Corporate Banking,Transaction Monitoring,High,2026-08-04,18,15,Breached,Open
ISSUE-95244,Wealth Management,Sanctions,Medium,2026-04-29,115,30,Breached,Open
ISSUE-22585,Credit Cards,Fraud,Low,2026-05-14,35,60,On-Track,Closed
ISSUE-70270,Retail Banking,Fraud,High,2026-06-09,1,15,On-Track,Closed
ISSUE-30577,Retail Banking,AML,Medium,2026-07-11,42,30,Breached,In Progress
ISSUE-36963,Investment Banking,Sanctions,Medium,2026-06-17,21,30,On-Track,Closed
ISSUE-98174,Retail Banking,Sanctions,Low,2026-07-25,28,60,On-Track,Open
ISSUE-40405,Investment Banking,Fraud,High,2026-06-25,1,15,On-Track,Closed
ISSUE-53128,Retail Banking,Transaction Monitoring,Low,2026-06-11,72,60,Breached,Open
ISSUE-91759,Credit Cards,KYC,Medium,2026-06-27,7,30,On-Track,Closed
ISSUE-12845,Credit Cards,KYC,Medium,2026-06-30,16,30,On-Track,Closed
ISSUE-12129,Retail Banking,KYC,Medium,2026-06-15,68,30,Breached,In Progress
ISSUE-77358,Wealth Management,Transaction Monitoring,Medium,2026-07-10,33,30,Breached,Closed
ISSUE-11591,Investment Banking,KYC,High,2026-08-11,11,15,On-Track,In Progress
ISSUE-50540,Retail Banking,Fraud,Low,2026-08-19,3,60,On-Track,In Progress
ISSUE-83838,Investment Banking,KYC,Medium,2026-04-24,120,30,Breached,In Progress
ISSUE-64149,Corporate Banking,KYC,Medium,2026-07-10,43,30,Breached,Open
ISSUE-86568,Investment Banking,Transaction Monitoring,Low,2026-06-24,59,60,On-Track,In Progress
ISSUE-19701,Investment Banking,Sanctions,Medium,2026-06-02,81,30,Breached,Open
ISSUE-30012,Investment Banking,Transaction Monitoring,Low,2026-07-03,50,60,On-Track,In Progress
ISSUE-46237,Investment Banking,AML,High,2026-07-16,37,15,Breached,In Progress
ISSUE-53379,Retail Banking,Sanctions,Medium,2026-06-28,16,30,On-Track,Closed
ISSUE-76197,Investment Banking,Fraud,Medium,2026-06-20,63,30,Breached,In Progress
ISSUE-35334,Credit Cards,AML,Medium,2026-08-13,9,30,On-Track,Open
ISSUE-20512,Investment Banking,AML,Medium,2026-06-26,57,30,Breached,Open
ISSUE-81837,Wealth Management,KYC,High,2026-08-01,21,15,Breached,In Progress
ISSUE-18784,Corporate Banking,KYC,High,2026-07-05,10,15,On-Track,Closed
ISSUE-44410,Retail Banking,Transaction Monitoring,Medium,2026-07-04,49,30,Breached,In Progress
ISSUE-68201,Corporate Banking,Transaction Monitoring,Medium,2026-08-16,6,30,On-Track,Open
ISSUE-58646,Wealth Management,Transaction Monitoring,Low,2026-07-24,29,60,On-Track,In Progress
ISSUE-69288,Retail Banking,Sanctions,Low,2026-07-07,46,60,On-Track,Open
ISSUE-91501,Credit Cards,KYC,Low,2026-05-15,64,60,Breached,Closed
ISSUE-30840,Investment Banking,Sanctions,High,2026-06-25,58,15,Breached,In Progress
ISSUE-62768,Wealth Management,KYC,Medium,2026-08-15,7,30,On-Track,Open
ISSUE-91076,Wealth Management,Transaction Monitoring,Low,2026-06-28,47,60,On-Track,Closed
ISSUE-60791,Wealth Management,KYC,Low,2026-05-27,87,60,Breached,In Progress
ISSUE-70180,Credit Cards,AML,Low,2026-07-01,54,60,On-Track,Closed
ISSUE-14852,Wealth Management,Transaction Monitoring,High,2026-07-04,3,15,On-Track,Closed
ISSUE-98813,Wealth Management,Transaction Monitoring,Low,2026-06-01,82,60,Breached,In Progress
ISSUE-29140,Corporate Banking,KYC,High,2026-04-24,120,15,Breached,Open
ISSUE-84815,Credit Cards,KYC,Low,2026-07-27,26,60,On-Track,Open
ISSUE-94479,Credit Cards,AML,Low,2026-06-11,72,60,Breached,In Progress
ISSUE-50645,Investment Banking,KYC,High,2026-08-08,7,15,On-Track,Closed
ISSUE-55015,Credit Cards,Fraud,High,2026-05-27,87,15,Breached,Open
ISSUE-40509,Investment Banking,AML,Low,2026-06-06,77,60,Breached,Open
ISSUE-31084,Credit Cards,AML,Medium,2026-08-09,13,30,On-Track,In Progress
ISSUE-62766,Wealth Management,KYC,High,2026-07-14,39,15,Breached,In Progress
ISSUE-97311,Credit Cards,Transaction Monitoring,Medium,2026-06-14,11,30,On-Track,Closed
ISSUE-84170,Retail Banking,KYC,Low,2026-07-12,44,60,On-Track,Closed
ISSUE-79633,Wealth Management,Fraud,Medium,2026-06-26,57,30,Breached,In Progress
ISSUE-58508,Wealth Management,KYC,Low,2026-07-29,32,60,On-Track,Closed
ISSUE-99462,Credit Cards,Fraud,Medium,2026-05-18,96,30,Breached,In Progress
ISSUE-41391,Retail Banking,KYC,High,2026-05-17,97,15,Breached,Open
ISSUE-24331,Retail Banking,KYC,Low,2026-08-09,13,60,On-Track,Open
ISSUE-64309,Retail Banking,Transaction Monitoring,High,2026-05-24,12,15,On-Track,Closed
ISSUE-86186,Wealth Management,KYC,High,2026-07-11,42,15,Breached,In Progress
ISSUE-12429,Credit Cards,AML,Medium,2026-05-21,14,30,On-Track,Closed
ISSUE-14436,Credit Cards,Fraud,Low,2026-07-07,46,60,On-Track,Open
ISSUE-76522,Investment Banking,Transaction Monitoring,Low,2026-06-27,56,60,On-Track,Open
ISSUE-36833,Corporate Banking,Fraud,High,2026-08-17,5,15,On-Track,Open
ISSUE-53692,Corporate Banking,Fraud,Low,2026-05-15,99,60,Breached,In Progress
ISSUE-81595,Corporate Banking,Transaction Monitoring,High,2026-06-03,80,15,Breached,In Progress
ISSUE-44939,Corporate Banking,Sanctions,Medium,2026-08-07,15,30,On-Track,In Progress
ISSUE-71834,Credit Cards,Fraud,Low,2026-06-15,11,60,On-Track,Closed
ISSUE-75094,Wealth Management,Sanctions,Medium,2026-05-15,99,30,Breached,In Progress
ISSUE-95479,Retail Banking,Sanctions,Medium,2026-07-05,48,30,Breached,In Progress
ISSUE-57155,Retail Banking,AML,High,2026-05-24,14,15,On-Track,Closed
ISSUE-77581,Credit Cards,AML,Medium,2026-04-26,118,30,Breached,Open
ISSUE-46971,Corporate Banking,KYC,Medium,2026-05-11,14,30,On-Track,Closed
ISSUE-90791,Credit Cards,Transaction Monitoring,Low,2026-06-20,40,60,On-Track,Closed
ISSUE-12348,Investment Banking,AML,Low,2026-05-12,35,60,On-Track,Closed
ISSUE-41662,Retail Banking,Fraud,Low,2026-05-30,38,60,On-Track,Closed
ISSUE-76268,Credit Cards,Transaction Monitoring,High,2026-07-18,11,15,On-Track,Closed
ISSUE-53423,Corporate Banking,Sanctions,Low,2026-05-23,91,60,Breached,Open
ISSUE-46775,Retail Banking,Sanctions,Low,2026-06-24,59,60,On-Track,Open
ISSUE-56048,Retail Banking,Sanctions,Low,2026-08-14,5,60,On-Track,Closed
ISSUE-73541,Wealth Management,Transaction Monitoring,High,2026-04-25,119,15,Breached,Open
ISSUE-70773,Credit Cards,Sanctions,Medium,2026-07-23,30,30,On-Track,Open
ISSUE-50458,Retail Banking,KYC,High,2026-07-09,44,15,Breached,Open
ISSUE-56956,Credit Cards,AML,Medium,2026-08-08,14,30,On-Track,Open
ISSUE-57331,Corporate Banking,Sanctions,Medium,2026-05-22,92,30,Breached,In Progress
ISSUE-61478,Wealth Management,Sanctions,Medium,2026-08-10,14,30,On-Track,Closed
ISSUE-57531,Corporate Banking,AML,High,2026-07-05,17,15,Breached,Closed
ISSUE-40153,Retail Banking,KYC,Low,2026-06-30,53,60,On-Track,In Progress
ISSUE-80869,Retail Banking,Sanctions,Low,2026-07-07,52,60,On-Track,Closed
ISSUE-75645,Investment Banking,Fraud,Low,2026-08-19,3,60,On-Track,In Progress
ISSUE-74830,Retail Banking,Fraud,Low,2026-05-12,102,60,Breached,In Progress
ISSUE-43029,Wealth Management,Fraud,Low,2026-07-10,43,60,On-Track,Open
ISSUE-91691,Credit Cards,Transaction Monitoring,Medium,2026-07-20,17,30,On-Track,Closed
ISSUE-82635,Retail Banking,Sanctions,Low,2026-08-17,8,60,On-Track,Closed
ISSUE-22167,Credit Cards,KYC,Low,2026-05-28,21,60,On-Track,Closed
ISSUE-69044,Investment Banking,Transaction Monitoring,Medium,2026-05-17,97,30,Breached,In Progress
ISSUE-39734,Credit Cards,KYC,Low,2026-05-19,43,60,On-Track,Closed
ISSUE-40379,Investment Banking,Transaction Monitoring,High,2026-07-31,22,15,Breached,In Progress
ISSUE-48301,Credit Cards,Transaction Monitoring,Medium,2026-05-22,92,30,Breached,In Progress
ISSUE-99263,Credit Cards,Fraud,High,2026-06-09,74,15,Breached,In Progress
ISSUE-53802,Corporate Banking,AML,Medium,2026-05-29,85,30,Breached,Open
ISSUE-77019,Investment Banking,Fraud,Medium,2026-07-12,41,30,Breached,In Progress
ISSUE-15617,Investment Banking,Sanctions,Low,2026-08-03,19,60,On-Track,In Progress
ISSUE-30438,Retail Banking,Transaction Monitoring,High,2026-08-01,20,15,Breached,Closed
ISSUE-11851,Credit Cards,Transaction Monitoring,Medium,2026-07-07,46,30,Breached,In Progress
ISSUE-97194,Retail Banking,KYC,Medium,2026-05-10,104,30,Breached,Open
ISSUE-96417,Retail Banking,KYC,High,2026-08-12,8,15,On-Track,Closed
ISSUE-93989,Investment Banking,Transaction Monitoring,Low,2026-07-03,21,60,On-Track,Closed
ISSUE-41043,Investment Banking,AML,High,2026-06-05,17,15,Breached,Closed
ISSUE-86330,Retail Banking,Sanctions,Low,2026-05-28,86,60,Breached,In Progress
ISSUE-94369,Wealth Management,Fraud,Low,2026-06-05,78,60,Breached,Open
ISSUE-30549,Credit Cards,Sanctions,Low,2026-05-27,87,60,Breached,In Progress
ISSUE-87393,Wealth Management,Sanctions,Low,2026-06-03,80,60,Breached,In Progress
ISSUE-19647,Credit Cards,Fraud,High,2026-07-19,34,15,Breached,Open
ISSUE-18078,Investment Banking,AML,Medium,2026-05-02,112,30,Breached,In Progress
ISSUE-69535,Retail Banking,Sanctions,Medium,2026-07-23,30,30,On-Track,Open
ISSUE-28341,Wealth Management,AML,Medium,2026-08-13,9,30,On-Track,Open
ISSUE-95169,Investment Banking,KYC,Low,2026-07-05,48,60,On-Track,In Progress
ISSUE-98129,Credit Cards,KYC,Low,2026-08-11,11,60,On-Track,In Progress
ISSUE-16566,Corporate Banking,Transaction Monitoring,High,2026-05-14,8,15,On-Track,Closed
ISSUE-36062,Retail Banking,Fraud,Low,2026-06-12,71,60,Breached,In Progress
ISSUE-36441,Credit Cards,AML,Low,2026-06-25,59,60,On-Track,Closed
ISSUE-43524,Corporate Banking,AML,Low,2026-06-02,81,60,Breached,In Progress
ISSUE-47079,Credit Cards,KYC,High,2026-08-21,1,15,On-Track,In Progress
ISSUE-22361,Investment Banking,Transaction Monitoring,Medium,2026-07-27,26,30,On-Track,Closed
ISSUE-50972,Corporate Banking,KYC,Low,2026-06-18,46,60,On-Track,Closed
ISSUE-29551,Wealth Management,Transaction Monitoring,Medium,2026-07-09,8,30,On-Track,Closed
ISSUE-94825,Retail Banking,AML,Low,2026-05-16,18,60,On-Track,Closed
ISSUE-71188,Investment Banking,Transaction Monitoring,Medium,2026-06-24,25,30,On-Track,Closed
ISSUE-98095,Wealth Management,KYC,Medium,2026-05-04,10,30,On-Track,Closed
ISSUE-30258,Wealth Management,AML,High,2026-05-30,15,15,On-Track,Closed
ISSUE-53131,Corporate Banking,Fraud,Low,2026-08-18,4,60,On-Track,Open
ISSUE-69112,Credit Cards,KYC,High,2026-08-10,12,15,On-Track,In Progress
ISSUE-31751,Corporate Banking,AML,Medium,2026-08-19,3,30,On-Track,Open
ISSUE-97943,Corporate Banking,Transaction Monitoring,High,2026-06-19,18,15,Breached,Closed
ISSUE-96343,Corporate Banking,KYC,Medium,2026-08-12,14,30,On-Track,Closed
ISSUE-14591,Corporate Banking,AML,Medium,2026-06-01,82,30,Breached,In Progress
ISSUE-27001,Investment Banking,Fraud,Medium,2026-06-08,28,30,On-Track,Closed
ISSUE-62731,Retail Banking,Sanctions,Low,2026-08-03,19,60,On-Track,In Progress
ISSUE-56360,Investment Banking,Fraud,Medium,2026-06-14,32,30,Breached,Closed
ISSUE-76724,Investment Banking,Sanctions,Low,2026-07-06,47,60,On-Track,In Progress
ISSUE-57949,Corporate Banking,Fraud,Low,2026-05-29,85,60,Breached,Open
ISSUE-95807,Investment Banking,Sanctions,Low,2026-08-03,19,60,On-Track,Open
ISSUE-63454,Wealth Management,Transaction Monitoring,Medium,2026-08-12,10,30,On-Track,Open
ISSUE-64088,Retail Banking,KYC,Medium,2026-07-08,45,30,Breached,Open
ISSUE-62018,Wealth Management,KYC,Medium,2026-04-27,31,30,Breached,Closed
ISSUE-15860,Corporate Banking,KYC,Medium,2026-08-14,26,30,On-Track,Closed
ISSUE-70343,Retail Banking,Transaction Monitoring,High,2026-05-04,110,15,Breached,Open
ISSUE-41293,Investment Banking,Transaction Monitoring,High,2026-08-12,19,15,Breached,Closed
ISSUE-75271,Corporate Banking,Transaction Monitoring,Medium,2026-04-29,115,30,Breached,In Progress
ISSUE-31506,Wealth Management,KYC,Low,2026-06-14,69,60,Breached,Open
ISSUE-54111,Corporate Banking,KYC,High,2026-08-13,9,15,On-Track,In Progress
ISSUE-50306,Investment Banking,AML,Low,2026-07-25,28,60,On-Track,Open
ISSUE-24228,Corporate Banking,KYC,Medium,2026-05-20,94,30,Breached,In Progress
ISSUE-34606,Wealth Management,Sanctions,High,2026-07-01,52,15,Breached,Open
ISSUE-61494,Wealth Management,KYC,Medium,2026-06-25,58,30,Breached,In Progress
ISSUE-82850,Investment Banking,Fraud,Low,2026-07-23,14,60,On-Track,Closed
ISSUE-83128,Retail Banking,KYC,Low,2026-08-10,54,60,On-Track,Closed
ISSUE-80360,Credit Cards,Sanctions,Medium,2026-07-23,18,30,On-Track,Closed
ISSUE-71475,Wealth Management,AML,Low,2026-04-26,118,60,Breached,In Progress
ISSUE-23561,Credit Cards,Fraud,Medium,2026-05-13,101,30,Breached,In Progress
ISSUE-55713,Wealth Management,Transaction Monitoring,Medium,2026-06-07,76,30,Breached,In Progress
ISSUE-25334,Credit Cards,AML,Low,2026-07-09,55,60,On-Track,Closed
ISSUE-26515,Corporate Banking,KYC,Low,2026-05-04,44,60,On-Track,Closed
ISSUE-25579,Corporate Banking,Transaction Monitoring,Medium,2026-07-22,31,30,Breached,Open
ISSUE-68955,Investment Banking,AML,High,2026-05-30,17,15,Breached,Closed
ISSUE-87967,Retail Banking,Fraud,Medium,2026-05-13,101,30,Breached,In Progress
ISSUE-57786,Wealth Management,Fraud,Medium,2026-05-28,86,30,Breached,In Progress
ISSUE-62591,Wealth Management,Transaction Monitoring,Low,2026-05-19,95,60,Breached,In Progress
ISSUE-15361,Corporate Banking,AML,High,2026-08-03,19,15,Breached,Open
ISSUE-85171,Wealth Management,Fraud,Low,2026-08-13,9,60,On-Track,In Progress
ISSUE-17806,Wealth Management,AML,High,2026-05-09,105,15,Breached,In Progress
ISSUE-23077,Wealth Management,AML,Low,2026-07-03,50,60,On-Track,In Progress
ISSUE-79654,Corporate Banking,AML,Medium,2026-05-30,33,30,Breached,Closed
ISSUE-27083,Retail Banking,AML,Medium,2026-06-24,59,30,Breached,In Progress
ISSUE-42115,Corporate Banking,AML,Medium,2026-05-05,109,30,Breached,In Progress
ISSUE-39639,Wealth Management,Fraud,Low,2026-06-28,55,60,On-Track,Open
ISSUE-25558,Corporate Banking,Sanctions,High,2026-08-20,2,15,On-Track,In Progress
ISSUE-87949,Wealth Management,Transaction Monitoring,Medium,2026-06-16,67,30,Breached,In Progress
ISSUE-72864,Corporate Banking,Fraud,Low,2026-06-01,82,60,Breached,In Progress
ISSUE-84605,Investment Banking,Sanctions,Medium,2026-05-13,101,30,Breached,In Progress
ISSUE-47732,Credit Cards,KYC,High,2026-08-05,17,15,Breached,In Progress
ISSUE-99030,Investment Banking,Transaction Monitoring,Medium,2026-08-14,8,30,On-Track,In Progress
ISSUE-95811,Wealth Management,KYC,Medium,2026-08-10,12,30,On-Track,Open
ISSUE-44584,Credit Cards,Transaction Monitoring,Low,2026-06-18,65,60,Breached,Open
ISSUE-51320,Credit Cards,Sanctions,Medium,2026-06-05,78,30,Breached,In Progress
ISSUE-63997,Investment Banking,AML,Low,2026-07-12,41,60,On-Track,In Progress
ISSUE-18240,Corporate Banking,KYC,High,2026-06-02,6,15,On-Track,Closed
ISSUE-87200,Credit Cards,Transaction Monitoring,High,2026-05-31,83,15,Breached,In Progress
ISSUE-90949,Wealth Management,Fraud,Low,2026-06-28,55,60,On-Track,Open
ISSUE-43987,Credit Cards,Transaction Monitoring,High,2026-07-28,25,15,Breached,Open
ISSUE-39264,Wealth Management,KYC,High,2026-05-20,94,15,Breached,In Progress
ISSUE-14692,Credit Cards,Fraud,High,2026-07-04,49,15,Breached,Open
ISSUE-93896,Wealth Management,Sanctions,High,2026-07-15,14,15,On-Track,Closed
ISSUE-92266,Investment Banking,Fraud,High,2026-07-08,45,15,Breached,In Progress
ISSUE-25764,Corporate Banking,KYC,Medium,2026-08-20,2,30,On-Track,Open
ISSUE-71805,Retail Banking,KYC,Medium,2026-08-09,13,30,On-Track,In Progress
ISSUE-29409,Investment Banking,Transaction Monitoring,Medium,2026-07-13,3,30,On-Track,Closed
ISSUE-50787,Investment Banking,AML,Medium,2026-06-22,61,30,Breached,In Progress
ISSUE-42259,Wealth Management,Sanctions,High,2026-06-27,56,15,Breached,In Progress
ISSUE-32605,Credit Cards,Transaction Monitoring,Low,2026-06-13,42,60,On-Track,Closed
ISSUE-71246,Retail Banking,Transaction Monitoring,Medium,2026-08-13,9,30,On-Track,In Progress
ISSUE-83327,Wealth Management,Fraud,Medium,2026-07-27,26,30,On-Track,In Progress
ISSUE-87598,Investment Banking,Sanctions,Medium,2026-06-22,61,30,Breached,In Progress
ISSUE-17672,Corporate Banking,AML,Medium,2026-04-25,19,30,On-Track,Closed
ISSUE-46316,Wealth Management,AML,Medium,2026-05-25,32,30,Breached,Closed
ISSUE-23648,Credit Cards,AML,Medium,2026-07-15,38,30,Breached,Open
ISSUE-24731,Investment Banking,Sanctions,Low,2026-07-24,29,60,On-Track,In Progress
ISSUE-34052,Credit Cards,Sanctions,Medium,2026-05-05,22,30,On-Track,Closed
ISSUE-16680,Corporate Banking,KYC,High,2026-05-23,91,15,Breached,Open
ISSUE-49065,Wealth Management,Fraud,High,2026-05-20,94,15,Breached,Open
ISSUE-64999,Retail Banking,Fraud,High,2026-06-16,67,15,Breached,Open
ISSUE-75577,Wealth Management,AML,Low,2026-06-28,55,60,On-Track,In Progress
ISSUE-57169,Credit Cards,Transaction Monitoring,High,2026-05-17,97,15,Breached,In Progress
ISSUE-90418,Corporate Banking,AML,High,2026-08-15,7,15,On-Track,Open
ISSUE-32109,Investment Banking,KYC,High,2026-08-18,4,15,On-Track,In Progress
ISSUE-29285,Credit Cards,AML,High,2026-07-09,44,15,Breached,Open
ISSUE-56288,Wealth Management,Sanctions,Medium,2026-06-22,61,30,Breached,Open
ISSUE-26030,Wealth Management,Fraud,High,2026-04-24,120,15,Breached,In Progress
ISSUE-25760,Corporate Banking,Fraud,Low,2026-06-22,61,60,Breached,In Progress
ISSUE-23824,Wealth Management,KYC,Low,2026-05-19,95,60,Breached,In Progress
ISSUE-38558,Wealth Management,Sanctions,High,2026-04-24,120,15,Breached,Open
ISSUE-80308,Corporate Banking,KYC,Medium,2026-06-06,77,30,Breached,Open
ISSUE-69266,Credit Cards,Sanctions,Medium,2026-07-08,45,30,Breached,Open
ISSUE-13345,Wealth Management,Fraud,Medium,2026-07-25,28,30,On-Track,In Progress
ISSUE-15797,Wealth Management,Transaction Monitoring,Medium,2026-08-06,16,30,On-Track,Open
ISSUE-58901,Credit Cards,AML,Low,2026-05-08,106,60,Breached,Open
ISSUE-70587,Wealth Management,AML,Medium,2026-07-27,26,30,On-Track,Open
ISSUE-84145,Credit Cards,Sanctions,Low,2026-06-16,67,60,Breached,In Progress
ISSUE-22204,Corporate Banking,Fraud,High,2026-05-25,8,15,On-Track,Closed
ISSUE-81381,Investment Banking,AML,Medium,2026-04-30,114,30,Breached,Open
ISSUE-59767,Retail Banking,KYC,High,2026-07-19,5,15,On-Track,Closed
ISSUE-84645,Corporate Banking,Fraud,Low,2026-07-10,45,60,On-Track,Closed
ISSUE-39675,Investment Banking,KYC,Low,2026-06-11,72,60,Breached,Open
ISSUE-94764,Investment Banking,Transaction Monitoring,Low,2026-06-25,58,60,On-Track,Open
ISSUE-36403,Credit Cards,Transaction Monitoring,High,2026-07-11,42,15,Breached,Open
ISSUE-76475,Credit Cards,KYC,Low,2026-07-31,22,60,On-Track,In Progress
ISSUE-96115,Investment Banking,Sanctions,Medium,2026-05-25,89,30,Breached,Open
ISSUE-50708,Retail Banking,Fraud,Low,2026-05-19,95,60,Breached,Open
ISSUE-73408,Wealth Management,Fraud,Medium,2026-06-03,17,30,On-Track,Closed
ISSUE-91974,Retail Banking,Fraud,High,2026-05-17,97,15,Breached,In Progress
ISSUE-28920,Investment Banking,Sanctions,High,2026-06-08,13,15,On-Track,Closed
ISSUE-48628,Wealth Management,AML,Low,2026-07-09,44,60,On-Track,In Progress
ISSUE-91686,Credit Cards,Transaction Monitoring,Medium,2026-06-21,62,30,Breached,Open
ISSUE-84325,Wealth Management,Sanctions,Low,2026-06-25,58,60,On-Track,In Progress
ISSUE-88969,Credit Cards,AML,Medium,2026-07-08,34,30,Breached,Closed
ISSUE-63539,Investment Banking,Transaction Monitoring,Low,2026-08-21,45,60,On-Track,Closed
ISSUE-68845,Corporate Banking,KYC,High,2026-08-18,4,15,On-Track,Open
ISSUE-15304,Corporate Banking,AML,Medium,2026-08-14,8,30,On-Track,Open
ISSUE-99783,Corporate Banking,Sanctions,Medium,2026-05-22,1,30,On-Track,Closed
ISSUE-90799,Retail Banking,KYC,High,2026-08-14,20,15,Breached,Closed
ISSUE-65068,Investment Banking,Fraud,High,2026-07-01,52,15,Breached,Open
ISSUE-80106,Corporate Banking,AML,Medium,2026-07-03,9,30,On-Track,Closed
ISSUE-99860,Retail Banking,Sanctions,Low,2026-07-05,44,60,On-Track,Closed
ISSUE-57126,Wealth Management,Fraud,Low,2026-08-01,21,60,On-Track,In Progress
ISSUE-97857,Retail Banking,Transaction Monitoring,High,2026-07-06,47,15,Breached,In Progress
ISSUE-33770,Investment Banking,Transaction Monitoring,Medium,2026-06-17,66,30,Breached,In Progress
ISSUE-75206,Credit Cards,Fraud,High,2026-05-20,6,15,On-Track,Closed
ISSUE-24881,Retail Banking,Sanctions,High,2026-07-08,13,15,On-Track,Closed
ISSUE-76240,Wealth Management,Transaction Monitoring,High,2026-07-28,25,15,Breached,Open
ISSUE-92361,Wealth Management,Fraud,Low,2026-06-10,73,60,Breached,Open
ISSUE-55269,Investment Banking,AML,Medium,2026-08-08,14,30,On-Track,In Progress
ISSUE-29829,Credit Cards,Transaction Monitoring,Low,2026-06-24,20,60,On-Track,Closed
ISSUE-96518,Retail Banking,KYC,Medium,2026-05-07,107,30,Breached,Open
ISSUE-54027,Wealth Management,AML,Low,2026-05-26,88,60,Breached,In Progress
ISSUE-60687,Credit Cards,AML,High,2026-08-17,18,15,Breached,Closed
ISSUE-29580,Retail Banking,Sanctions,Low,2026-05-11,16,60,On-Track,Closed
ISSUE-87277,Wealth Management,KYC,High,2026-07-19,34,15,Breached,Open
ISSUE-12049,Investment Banking,Transaction Monitoring,Low,2026-05-01,113,60,Breached,Open
ISSUE-69351,Retail Banking,Transaction Monitoring,Medium,2026-08-04,18,30,On-Track,In Progress
ISSUE-93496,Credit Cards,AML,High,2026-06-29,4,15,On-Track,Closed
ISSUE-85358,Investment Banking,KYC,High,2026-08-03,19,15,Breached,Open
ISSUE-17589,Retail Banking,Fraud,Medium,2026-05-15,99,30,Breached,In Progress
ISSUE-16894,Corporate Banking,Transaction Monitoring,Low,2026-07-16,37,60,On-Track,Open
ISSUE-20709,Corporate Banking,KYC,Medium,2026-05-17,97,30,Breached,Open
ISSUE-50187,Wealth Management,Sanctions,Medium,2026-07-22,10,30,On-Track,Closed
ISSUE-78203,Wealth Management,Transaction Monitoring,High,2026-08-12,10,15,On-Track,Open
ISSUE-42057,Credit Cards,Fraud,Low,2026-08-16,6,60,On-Track,Open
ISSUE-74890,Investment Banking,Sanctions,Low,2026-05-30,84,60,Breached,In Progress
ISSUE-26202,Retail Banking,Sanctions,High,2026-05-02,112,15,Breached,In Progress
ISSUE-52706,Retail Banking,KYC,Low,2026-05-29,85,60,Breached,Open
ISSUE-99968,Corporate Banking,Sanctions,High,2026-06-14,69,15,Breached,Open
ISSUE-79368,Corporate Banking,Fraud,Medium,2026-05-14,2,30,On-Track,Closed
ISSUE-49438,Corporate Banking,Sanctions,Low,2026-07-17,36,60,On-Track,In Progress
ISSUE-91115,Wealth Management,AML,Medium,2026-08-06,3,30,On-Track,Closed
ISSUE-81577,Retail Banking,Fraud,Low,2026-06-08,75,60,Breached,In Progress
ISSUE-50088,Investment Banking,AML,High,2026-08-05,10,15,On-Track,Closed
ISSUE-55458,Investment Banking,AML,Low,2026-06-12,71,60,Breached,In Progress
ISSUE-26872,Retail Banking,AML,Medium,2026-07-02,51,30,Breached,In Progress
ISSUE-30470,Credit Cards,Transaction Monitoring,Low,2026-06-26,57,60,On-Track,In Progress
ISSUE-28411,Wealth Management,AML,Low,2026-04-26,118,60,Breached,In Progress
ISSUE-89514,Credit Cards,Fraud,Medium,2026-05-16,18,30,On-Track,Closed
ISSUE-60760,Investment Banking,KYC,Medium,2026-07-26,27,30,On-Track,Open
ISSUE-43278,Wealth Management,KYC,High,2026-08-10,12,15,On-Track,Open
ISSUE-82863,Retail Banking,Fraud,Medium,2026-05-06,108,30,Breached,Open
ISSUE-42804,Corporate Banking,KYC,Medium,2026-07-15,38,30,Breached,In Progress
ISSUE-65552,Retail Banking,Transaction Monitoring,High,2026-07-09,44,15,Breached,Open
ISSUE-58444,Investment Banking,Fraud,High,2026-07-29,9,15,On-Track,Closed
ISSUE-53334,Investment Banking,AML,High,2026-07-13,40,15,Breached,In Progress
ISSUE-16332,Wealth Management,Fraud,Low,2026-08-05,10,60,On-Track,Closed
ISSUE-34193,Investment Banking,KYC,Medium,2026-04-24,120,30,Breached,In Progress
ISSUE-51679,Corporate Banking,AML,High,2026-08-02,20,15,Breached,Open
ISSUE-92382,Wealth Management,KYC,High,2026-05-27,8,15,On-Track,Closed
ISSUE-72736,Investment Banking,Transaction Monitoring,Low,2026-08-14,8,60,On-Track,Open
ISSUE-40206,Credit Cards,Sanctions,High,2026-04-26,1,15,On-Track,Closed
ISSUE-99236,Credit Cards,Sanctions,High,2026-06-15,68,15,Breached,In Progress
ISSUE-75172,Retail Banking,Fraud,Low,2026-06-09,74,60,Breached,In Progress
ISSUE-46206,Investment Banking,Sanctions,Low,2026-05-23,91,60,Breached,In Progress
ISSUE-61614,Retail Banking,Sanctions,Low,2026-07-21,32,60,On-Track,In Progress
ISSUE-80574,Investment Banking,Fraud,Low,2026-06-18,46,60,On-Track,Closed
ISSUE-61939,Retail Banking,Fraud,Low,2026-05-06,108,60,Breached,Open
ISSUE-54512,Corporate Banking,Sanctions,Medium,2026-07-06,47,30,Breached,In Progress
ISSUE-29646,Investment Banking,Fraud,High,2026-07-07,17,15,Breached,Closed
ISSUE-35208,Retail Banking,Fraud,High,2026-08-17,4,15,On-Track,Closed
ISSUE-95874,Investment Banking,AML,High,2026-05-28,20,15,Breached,Closed
ISSUE-78085,Corporate Banking,Sanctions,High,2026-06-29,54,15,Breached,In Progress
ISSUE-98759,Corporate Banking,Transaction Monitoring,Low,2026-08-07,15,60,On-Track,In Progress
ISSUE-13410,Credit Cards,AML,Low,2026-07-01,52,60,On-Track,In Progress
ISSUE-66792,Retail Banking,Sanctions,Medium,2026-07-13,11,30,On-Track,Closed
ISSUE-84251,Corporate Banking,Transaction Monitoring,Medium,2026-08-11,4,30,On-Track,Closed
ISSUE-37435,Wealth Management,Transaction Monitoring,Low,2026-08-13,9,60,On-Track,Open
ISSUE-71926,Investment Banking,AML,High,2026-05-25,89,15,Breached,Open
ISSUE-98256,Retail Banking,Fraud,High,2026-06-27,56,15,Breached,In Progress
ISSUE-69226,Retail Banking,Fraud,Low,2026-05-24,44,60,On-Track,Closed
ISSUE-28217,Investment Banking,Fraud,Low,2026-06-13,70,60,Breached,Open
ISSUE-27200,Credit Cards,Transaction Monitoring,Low,2026-07-26,27,60,On-Track,Open
ISSUE-27236,Corporate Banking,Transaction Monitoring,Low,2026-05-12,102,60,Breached,Open
ISSUE-93206,Corporate Banking,Sanctions,Medium,2026-08-13,9,30,On-Track,Open
ISSUE-87224,Investment Banking,Fraud,Low,2026-05-14,37,60,On-Track,Closed
ISSUE-70540,Investment Banking,Sanctions,Low,2026-06-29,7,60,On-Track,Closed
ISSUE-37347,Retail Banking,Sanctions,High,2026-06-23,60,15,Breached,In Progress
ISSUE-24322,Retail Banking,Transaction Monitoring,Low,2026-04-25,119,60,Breached,In Progress
ISSUE-75377,Credit Cards,Fraud,High,2026-04-25,119,15,Breached,Open
ISSUE-35466,Retail Banking,KYC,Medium,2026-06-10,14,30,On-Track,Closed
ISSUE-24123,Credit Cards,Sanctions,Low,2026-05-08,106,60,Breached,Open
ISSUE-55596,Retail Banking,KYC,Low,2026-06-03,80,60,Breached,Open
ISSUE-93926,Retail Banking,Fraud,Low,2026-06-03,4,60,On-Track,Closed
ISSUE-92192,Retail Banking,KYC,High,2026-07-28,25,15,Breached,Open
ISSUE-33017,Investment Banking,Fraud,Medium,2026-08-10,12,30,On-Track,Open
ISSUE-25620,Credit Cards,Sanctions,Low,2026-05-30,64,60,Breached,Closed
ISSUE-68117,Credit Cards,KYC,Low,2026-06-18,44,60,On-Track,Closed
ISSUE-88008,Investment Banking,Transaction Monitoring,Medium,2026-04-26,20,30,On-Track,Closed
ISSUE-78627,Wealth Management,Fraud,Low,2026-07-19,34,60,On-Track,Open
ISSUE-95440,Corporate Banking,Sanctions,Medium,2026-07-21,32,30,Breached,In Progress
ISSUE-26743,Credit Cards,AML,Medium,2026-07-24,29,30,On-Track,In Progress
ISSUE-91718,Retail Banking,AML,Medium,2026-06-22,27,30,On-Track,Closed
ISSUE-57733,Wealth Management,Sanctions,Medium,2026-06-18,65,30,Breached,In Progress
ISSUE-39005,Wealth Management,Fraud,Low,2026-06-24,24,60,On-Track,Closed
ISSUE-81162,Corporate Banking,AML,Medium,2026-05-17,97,30,Breached,In Progress
ISSUE-40047,Wealth Management,AML,Low,2026-06-14,5,60,On-Track,Closed
ISSUE-70803,Retail Banking,Sanctions,High,2026-06-18,18,15,Breached,Closed
ISSUE-82511,Retail Banking,Sanctions,High,2026-07-15,13,15,On-Track,Closed
ISSUE-22458,Wealth Management,Transaction Monitoring,Medium,2026-04-29,115,30,Breached,Open
ISSUE-25608,Credit Cards,AML,Medium,2026-07-03,50,30,Breached,Open
ISSUE-83063,Wealth Management,AML,High,2026-06-05,78,15,Breached,In Progress
ISSUE-85248,Investment Banking,Transaction Monitoring,Low,2026-07-23,7,60,On-Track,Closed
ISSUE-25220,Retail Banking,Transaction Monitoring,High,2026-07-22,31,15,Breached,Open
ISSUE-41926,Wealth Management,Sanctions,Medium,2026-05-10,104,30,Breached,Open
ISSUE-61492,Retail Banking,Sanctions,High,2026-05-17,97,15,Breached,In Progress
ISSUE-67166,Investment Banking,Transaction Monitoring,Medium,2026-06-17,66,30,Breached,Open
ISSUE-35505,Retail Banking,Fraud,Medium,2026-06-29,31,30,Breached,Closed
ISSUE-99014,Corporate Banking,Fraud,Medium,2026-08-06,16,30,On-Track,Open
ISSUE-17454,Corporate Banking,Sanctions,Low,2026-05-30,84,60,Breached,In Progress
ISSUE-17513,Investment Banking,Transaction Monitoring,Low,2026-07-08,45,60,On-Track,In Progress
ISSUE-88767,Wealth Management,Sanctions,Medium,2026-05-09,18,30,On-Track,Closed
ISSUE-88854,Investment Banking,KYC,Medium,2026-07-11,42,30,Breached,Open
ISSUE-61994,Wealth Management,Sanctions,Low,2026-07-09,44,60,On-Track,Open
ISSUE-78255,Wealth Management,Fraud,Medium,2026-06-16,67,30,Breached,Open
ISSUE-73824,Credit Cards,Transaction Monitoring,High,2026-06-24,59,15,Breached,Open
ISSUE-48353,Wealth Management,AML,High,2026-07-28,18,15,Breached,Closed
ISSUE-79576,Wealth Management,Sanctions,Medium,2026-05-08,26,30,On-Track,Closed
ISSUE-49316,Retail Banking,KYC,High,2026-08-07,12,15,On-Track,Closed
ISSUE-63453,Wealth Management,Fraud,Low,2026-08-17,5,60,On-Track,In Progress
ISSUE-98422,Corporate Banking,KYC,High,2026-07-17,36,15,Breached,In Progress
ISSUE-92830,Wealth Management,KYC,High,2026-06-13,14,15,On-Track,Closed
ISSUE-73256,Credit Cards,Sanctions,High,2026-06-18,18,15,Breached,Closed
ISSUE-47776,Investment Banking,AML,Low,2026-07-22,31,60,On-Track,In Progress
ISSUE-25362,Wealth Management,Fraud,Medium,2026-05-31,5,30,On-Track,Closed
ISSUE-48174,Corporate Banking,AML,High,2026-05-22,17,15,Breached,Closed
ISSUE-70158,Corporate Banking,Fraud,Low,2026-07-04,49,60,On-Track,Open
ISSUE-69696,Retail Banking,Sanctions,High,2026-06-25,12,15,On-Track,Closed
ISSUE-67125,Retail Banking,KYC,Low,2026-07-29,24,60,On-Track,Open
ISSUE-53278,Investment Banking,Transaction Monitoring,Medium,2026-07-20,33,30,Breached,In Progress
ISSUE-44301,Credit Cards,Transaction Monitoring,High,2026-06-29,54,15,Breached,In Progress
ISSUE-80173,Wealth Management,AML,Medium,2026-07-31,22,30,On-Track,In Progress
ISSUE-15585,Wealth Management,KYC,High,2026-07-01,52,15,Breached,In Progress
ISSUE-94101,Retail Banking,AML,High,2026-07-29,24,15,Breached,In Progress
ISSUE-80191,Investment Banking,Fraud,High,2026-05-31,83,15,Breached,Open
ISSUE-32895,Retail Banking,KYC,Medium,2026-08-13,9,30,On-Track,In Progress
ISSUE-87603,Retail Banking,Transaction Monitoring,High,2026-06-16,1,15,On-Track,Closed
ISSUE-47816,Retail Banking,KYC,Low,2026-07-28,25,60,On-Track,Open
ISSUE-94301,Credit Cards,AML,High,2026-07-09,44,15,Breached,Open
ISSUE-50859,Investment Banking,KYC,High,2026-06-06,77,15,Breached,In Progress
ISSUE-69747,Credit Cards,Sanctions,High,2026-07-06,47,15,Breached,Open
ISSUE-97003,Corporate Banking,Sanctions,Low,2026-07-21,32,60,On-Track,Open
ISSUE-72433,Wealth Management,KYC,Medium,2026-08-01,25,30,On-Track,Closed
ISSUE-72407,Credit Cards,AML,High,2026-07-10,43,15,Breached,Open
ISSUE-57979,Wealth Management,Fraud,Medium,2026-06-26,19,30,On-Track,Closed
ISSUE-69207,Credit Cards,Transaction Monitoring,High,2026-07-12,10,15,On-Track,Closed
ISSUE-29269,Credit Cards,Fraud,Low,2026-05-23,91,60,Breached,Open
ISSUE-24321,Wealth Management,KYC,Low,2026-07-16,14,60,On-Track,Closed
ISSUE-16127,Credit Cards,KYC,High,2026-08-12,5,15,On-Track,Closed
ISSUE-12885,Credit Cards,Transaction Monitoring,High,2026-05-18,5,15,On-Track,Closed
ISSUE-24257,Investment Banking,Fraud,Medium,2026-08-01,31,30,Breached,Closed
ISSUE-80522,Retail Banking,KYC,Medium,2026-06-16,67,30,Breached,In Progress
ISSUE-34928,Investment Banking,Fraud,Low,2026-05-04,56,60,On-Track,Closed
ISSUE-94830,Credit Cards,KYC,Medium,2026-05-04,2,30,On-Track,Closed
ISSUE-15329,Investment Banking,KYC,Low,2026-05-15,99,60,Breached,Open
ISSUE-79889,Corporate Banking,Fraud,High,2026-07-18,17,15,Breached,Closed
ISSUE-36337,Wealth Management,Transaction Monitoring,Medium,2026-06-02,81,30,Breached,Open
ISSUE-78274,Wealth Management,KYC,High,2026-07-01,19,15,Breached,Closed
ISSUE-12842,Wealth Management,KYC,High,2026-07-08,4,15,On-Track,Closed
ISSUE-20738,Credit Cards,Transaction Monitoring,High,2026-08-04,18,15,Breached,Open
ISSUE-28816,Investment Banking,Fraud,High,2026-07-31,5,15,On-Track,Closed
ISSUE-22027,Wealth Management,KYC,High,2026-05-06,108,15,Breached,Open
ISSUE-92953,Investment Banking,AML,High,2026-05-05,109,15,Breached,Open
ISSUE-66043,Wealth Management,Fraud,High,2026-06-03,10,15,On-Track,Closed
ISSUE-58442,Corporate Banking,AML,Medium,2026-08-09,13,30,On-Track,In Progress
ISSUE-52315,Credit Cards,Transaction Monitoring,Low,2026-07-24,22,60,On-Track,Closed
ISSUE-61658,Corporate Banking,AML,Medium,2026-07-07,10,30,On-Track,Closed
ISSUE-83408,Credit Cards,AML,High,2026-06-24,59,15,Breached,Open
ISSUE-48475,Investment Banking,Transaction Monitoring,Low,2026-05-13,47,60,On-Track,Closed
ISSUE-39029,Retail Banking,KYC,High,2026-08-15,7,15,On-Track,Open
ISSUE-39799,Credit Cards,Transaction Monitoring,High,2026-06-07,76,15,Breached,Open
ISSUE-67169,Credit Cards,AML,High,2026-05-09,15,15,On-Track,Closed
ISSUE-96541,Credit Cards,Sanctions,Low,2026-05-18,96,60,Breached,Open
ISSUE-31141,Investment Banking,Sanctions,Low,2026-07-20,60,60,On-Track,Closed
ISSUE-86146,Credit Cards,Sanctions,High,2026-04-28,116,15,Breached,Open
ISSUE-40958,Wealth Management,AML,Low,2026-05-16,98,60,Breached,Open
ISSUE-22130,Investment Banking,Sanctions,Medium,2026-07-30,32,30,Breached,Closed
ISSUE-29999,Retail Banking,KYC,Medium,2026-06-09,4,30,On-Track,Closed
ISSUE-46300,Wealth Management,AML,High,2026-05-08,106,15,Breached,In Progress
ISSUE-97046,Investment Banking,Transaction Monitoring,Medium,2026-07-01,21,30,On-Track,Closed
ISSUE-62991,Credit Cards,Transaction Monitoring,High,2026-06-23,6,15,On-Track,Closed
ISSUE-41860,Investment Banking,Fraud,Low,2026-05-21,93,60,Breached,Open
ISSUE-47834,Investment Banking,KYC,Medium,2026-06-01,82,30,Breached,In Progress
ISSUE-36749,Retail Banking,Sanctions,Medium,2026-06-11,72,30,Breached,In Progress
ISSUE-23842,Wealth Management,Sanctions,Low,2026-05-08,106,60,Breached,In Progress
ISSUE-51579,Corporate Banking,AML,Medium,2026-06-27,56,30,Breached,Open
ISSUE-57534,Wealth Management,Sanctions,Low,2026-06-28,55,60,On-Track,In Progress
ISSUE-67648,Wealth Management,Fraud,Medium,2026-08-05,30,30,On-Track,Closed
ISSUE-33492,Wealth Management,Fraud,Low,2026-07-31,22,60,On-Track,Open
ISSUE-44029,Corporate Banking,KYC,Medium,2026-08-13,21,30,On-Track,Closed
ISSUE-20016,Retail Banking,Sanctions,High,2026-07-31,22,15,Breached,Open
ISSUE-63864,Retail Banking,Sanctions,High,2026-08-01,1,15,On-Track,Closed
ISSUE-20974,Retail Banking,AML,Low,2026-07-31,57,60,On-Track,Closed
ISSUE-32366,Retail Banking,KYC,Low,2026-07-08,45,60,On-Track,Open
ISSUE-99893,Credit Cards,Fraud,Medium,2026-05-30,8,30,On-Track,Closed
ISSUE-44001,Wealth Management,AML,Low,2026-05-16,98,60,Breached,In Progress
ISSUE-36136,Wealth Management,Transaction Monitoring,Low,2026-08-02,51,60,On-Track,Closed
ISSUE-47169,Retail Banking,AML,Medium,2026-07-08,45,30,Breached,Open
ISSUE-40470,Retail Banking,AML,High,2026-08-19,3,15,On-Track,In Progress
ISSUE-51991,Credit Cards,KYC,High,2026-07-29,24,15,Breached,In Progress
ISSUE-26960,Investment Banking,Fraud,Low,2026-08-06,30,60,On-Track,Closed
ISSUE-12546,Investment Banking,AML,Medium,2026-06-30,53,30,Breached,In Progress
ISSUE-39236,Credit Cards,AML,Low,2026-08-15,7,60,On-Track,Open
ISSUE-50998,Retail Banking,Transaction Monitoring,Medium,2026-08-07,2,30,On-Track,Closed
ISSUE-71737,Retail Banking,Transaction Monitoring,High,2026-07-15,38,15,Breached,In Progress
ISSUE-69270,Investment Banking,KYC,Low,2026-06-27,56,60,On-Track,Open
ISSUE-14487,Credit Cards,KYC,High,2026-05-09,105,15,Breached,In Progress
ISSUE-80463,Credit Cards,Transaction Monitoring,Low,2026-08-18,35,60,On-Track,Closed
ISSUE-44768,Wealth Management,AML,Low,2026-06-22,61,60,Breached,Open
ISSUE-71387,Retail Banking,Fraud,Medium,2026-06-12,71,30,Breached,Open
ISSUE-92043,Retail Banking,AML,Low,2026-06-24,59,60,On-Track,In Progress
ISSUE-93828,Retail Banking,Sanctions,High,2026-07-22,31,15,Breached,Open
ISSUE-57520,Credit Cards,KYC,Low,2026-06-29,54,60,On-Track,In Progress
ISSUE-53260,Credit Cards,KYC,Low,2026-04-30,114,60,Breached,In Progress
ISSUE-76787,Wealth Management,Transaction Monitoring,Low,2026-05-28,30,60,On-Track,Closed
ISSUE-51250,Investment Banking,KYC,High,2026-07-25,28,15,Breached,In Progress
ISSUE-61924,Wealth Management,AML,Low,2026-07-12,41,60,On-Track,Open
ISSUE-92301,Corporate Banking,Fraud,Low,2026-04-24,120,60,Breached,In Progress
ISSUE-96881,Investment Banking,KYC,Medium,2026-06-10,73,30,Breached,Open
ISSUE-71399,Investment Banking,Fraud,Medium,2026-07-23,30,30,On-Track,Open
ISSUE-79339,Credit Cards,Fraud,Low,2026-05-26,88,60,Breached,Open
ISSUE-65837,Investment Banking,Sanctions,Low,2026-05-02,46,60,On-Track,Closed
ISSUE-47874,Corporate Banking,KYC,High,2026-08-20,2,15,On-Track,Open
ISSUE-66323,Wealth Management,AML,Medium,2026-07-04,17,30,On-Track,Closed
ISSUE-38121,Corporate Banking,AML,Low,2026-04-30,29,60,On-Track,Closed
ISSUE-82313,Corporate Banking,Fraud,High,2026-08-05,17,15,Breached,In Progress
ISSUE-75053,Retail Banking,Transaction Monitoring,Medium,2026-05-07,24,30,On-Track,Closed
ISSUE-16149,Retail Banking,Sanctions,Medium,2026-06-20,63,30,Breached,In Progress
ISSUE-61702,Corporate Banking,Sanctions,Medium,2026-04-24,120,30,Breached,In Progress
ISSUE-31047,Retail Banking,KYC,Low,2026-05-29,7,60,On-Track,Closed
ISSUE-20050,Wealth Management,Sanctions,Low,2026-06-07,76,60,Breached,In Progress
ISSUE-53811,Corporate Banking,KYC,Low,2026-06-13,5,60,On-Track,Closed
ISSUE-12081,Retail Banking,AML,High,2026-07-21,1,15,On-Track,Closed
ISSUE-88101,Investment Banking,Sanctions,Low,2026-07-20,33,60,On-Track,Open
ISSUE-83172,Investment Banking,AML,Low,2026-06-18,65,60,Breached,In Progress
ISSUE-63038,Corporate Banking,KYC,Low,2026-05-11,103,60,Breached,Open
ISSUE-11397,Investment Banking,Sanctions,Medium,2026-06-29,7,30,On-Track,Closed
ISSUE-74348,Investment Banking,AML,High,2026-05-04,110,15,Breached,Open
ISSUE-26742,Retail Banking,AML,High,2026-06-23,60,15,Breached,In Progress
ISSUE-68721,Retail Banking,Transaction Monitoring,Medium,2026-06-06,2,30,On-Track,Closed
ISSUE-59759,Wealth Management,Transaction Monitoring,Low,2026-06-04,79,60,Breached,Open
ISSUE-66680,Investment Banking,KYC,High,2026-08-06,12,15,On-Track,Closed
ISSUE-32182,Credit Cards,AML,Low,2026-06-03,80,60,Breached,Open
ISSUE-14603,Credit Cards,Sanctions,Low,2026-07-05,48,60,On-Track,In Progress
ISSUE-11582,Investment Banking,Transaction Monitoring,Low,2026-05-04,110,60,Breached,Open
ISSUE-67591,Retail Banking,Transaction Monitoring,Medium,2026-07-15,38,30,Breached,In Progress
ISSUE-19781,Credit Cards,Fraud,Medium,2026-07-30,22,30,On-Track,Closed
ISSUE-35048,Credit Cards,Transaction Monitoring,Medium,2026-05-01,29,30,On-Track,Closed
ISSUE-73279,Investment Banking,Fraud,High,2026-07-17,36,15,Breached,In Progress
ISSUE-12193,Credit Cards,Transaction Monitoring,High,2026-04-29,115,15,Breached,Open
ISSUE-50566,Investment Banking,Sanctions,High,2026-08-11,16,15,Breached,Closed
ISSUE-15785,Investment Banking,KYC,Low,2026-07-16,10,60,On-Track,Closed
ISSUE-34975,Corporate Banking,Fraud,Low,2026-08-01,21,60,On-Track,In Progress
ISSUE-44340,Corporate Banking,Fraud,Low,2026-05-27,87,60,Breached,Open
ISSUE-89455,Wealth Management,AML,High,2026-05-30,84,15,Breached,In Progress
ISSUE-23924,Credit Cards,Fraud,Low,2026-06-02,81,60,Breached,In Progress
ISSUE-71500,Corporate Banking,Sanctions,Low,2026-07-17,36,60,On-Track,In Progress
ISSUE-77642,Retail Banking,AML,High,2026-08-13,2,15,On-Track,Closed
ISSUE-29898,Credit Cards,Fraud,High,2026-07-02,51,15,Breached,In Progress
ISSUE-98340,Credit Cards,AML,High,2026-07-01,9,15,On-Track,Closed
ISSUE-48786,Retail Banking,Fraud,High,2026-06-27,14,15,On-Track,Closed
ISSUE-30092,Credit Cards,Transaction Monitoring,Low,2026-07-13,40,60,On-Track,In Progress
ISSUE-20891,Wealth Management,Transaction Monitoring,Medium,2026-07-11,33,30,Breached,Closed
ISSUE-61377,Wealth Management,KYC,Medium,2026-08-02,20,30,On-Track,In Progress
ISSUE-17564,Retail Banking,Fraud,Low,2026-05-29,85,60,Breached,In Progress
ISSUE-52776,Credit Cards,KYC,Medium,2026-06-13,70,30,Breached,Open
ISSUE-44495,Credit Cards,Fraud,High,2026-08-13,5,15,On-Track,Closed
ISSUE-22392,Corporate Banking,KYC,Medium,2026-08-19,3,30,On-Track,In Progress
ISSUE-24666,Investment Banking,AML,High,2026-06-19,64,15,Breached,Open
ISSUE-48797,Investment Banking,Sanctions,Low,2026-05-13,6,60,On-Track,Closed
ISSUE-88962,Investment Banking,Transaction Monitoring,Medium,2026-07-28,25,30,On-Track,In Progress
ISSUE-31985,Retail Banking,Fraud,Medium,2026-07-20,33,30,Breached,In Progress
ISSUE-45461,Wealth Management,Transaction Monitoring,Medium,2026-04-28,20,30,On-Track,Closed
ISSUE-90656,Credit Cards,AML,High,2026-06-08,9,15,On-Track,Closed
ISSUE-81578,Investment Banking,KYC,High,2026-04-27,20,15,Breached,Closed
ISSUE-15440,Credit Cards,Sanctions,Low,2026-06-17,46,60,On-Track,Closed
ISSUE-99304,Credit Cards,Transaction Monitoring,Medium,2026-06-08,75,30,Breached,Open
ISSUE-76861,Wealth Management,KYC,Medium,2026-05-12,102,30,Breached,In Progress
ISSUE-54526,Credit Cards,KYC,Medium,2026-05-27,33,30,Breached,Closed
ISSUE-70402,Corporate Banking,Transaction Monitoring,High,2026-06-11,3,15,On-Track,Closed
ISSUE-55761,Wealth Management,Transaction Monitoring,Medium,2026-08-10,12,30,On-Track,In Progress
ISSUE-32813,Credit Cards,Transaction Monitoring,Low,2026-05-03,111,60,Breached,Open
ISSUE-50390,Investment Banking,KYC,Medium,2026-06-22,61,30,Breached,Open
ISSUE-99173,Corporate Banking,Fraud,Medium,2026-06-14,69,30,Breached,Open
ISSUE-43568,Retail Banking,AML,Low,2026-06-29,54,60,On-Track,In Progress
ISSUE-43269,Wealth Management,Sanctions,High,2026-08-14,8,15,On-Track,Open
ISSUE-63294,Credit Cards,Sanctions,Medium,2026-05-25,89,30,Breached,Open
ISSUE-92920,Credit Cards,Sanctions,High,2026-06-03,15,15,On-Track,Closed
ISSUE-32827,Credit Cards,Transaction Monitoring,Medium,2026-06-22,1,30,On-Track,Closed
ISSUE-74199,Credit Cards,Transaction Monitoring,High,2026-05-04,110,15,Breached,Open
ISSUE-20735,Corporate Banking,Transaction Monitoring,High,2026-07-12,41,15,Breached,In Progress
ISSUE-35987,Credit Cards,AML,High,2026-05-07,107,15,Breached,Open
ISSUE-53839,Credit Cards,AML,High,2026-04-24,15,15,On-Track,Closed
ISSUE-65008,Credit Cards,Sanctions,Low,2026-04-24,120,60,Breached,Open
ISSUE-31468,Corporate Banking,Sanctions,High,2026-05-02,16,15,Breached,Closed
ISSUE-33877,Wealth Management,Sanctions,Medium,2026-07-06,47,30,Breached,Open
ISSUE-46624,Corporate Banking,Fraud,High,2026-05-24,90,15,Breached,Open
ISSUE-13611,Corporate Banking,KYC,High,2026-06-22,16,15,Breached,Closed
ISSUE-63630,Retail Banking,Transaction Monitoring,Low,2026-06-28,55,60,On-Track,In Progress
ISSUE-81562,Investment Banking,Transaction Monitoring,Medium,2026-07-23,25,30,On-Track,Closed
ISSUE-64583,Retail Banking,AML,High,2026-08-01,21,15,Breached,Open
ISSUE-33234,Retail Banking,Sanctions,High,2026-05-18,18,15,Breached,Closed
ISSUE-16138,Wealth Management,Transaction Monitoring,High,2026-07-05,48,15,Breached,Open
ISSUE-18646,Retail Banking,Transaction Monitoring,Low,2026-06-04,79,60,Breached,In Progress
ISSUE-96457,Wealth Management,Sanctions,Medium,2026-05-09,105,30,Breached,In Progress
ISSUE-50422,Corporate Banking,AML,Low,2026-08-11,29,60,On-Track,Closed
ISSUE-60079,Corporate Banking,Transaction Monitoring,High,2026-06-24,59,15,Breached,Open
ISSUE-70653,Investment Banking,AML,Medium,2026-05-10,104,30,Breached,In Progress
ISSUE-31785,Retail Banking,Fraud,High,2026-08-20,2,15,On-Track,Open
ISSUE-83537,Corporate Banking,AML,Low,2026-06-04,79,60,Breached,In Progress
ISSUE-98244,Wealth Management,KYC,Medium,2026-05-16,98,30,Breached,In Progress
ISSUE-90168,Retail Banking,Transaction Monitoring,Medium,2026-05-04,110,30,Breached,Open
ISSUE-59200,Corporate Banking,Transaction Monitoring,Low,2026-06-08,1,60,On-Track,Closed
ISSUE-91972,Retail Banking,AML,Medium,2026-05-27,87,30,Breached,Open
ISSUE-98716,Investment Banking,KYC,High,2026-08-12,10,15,On-Track,In Progress
ISSUE-63872,Retail Banking,Transaction Monitoring,High,2026-07-13,40,15,Breached,Open
ISSUE-81394,Corporate Banking,Sanctions,Medium,2026-04-26,3,30,On-Track,Closed
ISSUE-79991,Credit Cards,Fraud,Low,2026-07-25,28,60,On-Track,In Progress
ISSUE-98156,Corporate Banking,KYC,Medium,2026-05-09,35,30,Breached,Closed
ISSUE-16931,Retail Banking,KYC,Low,2026-06-05,56,60,On-Track,Closed
ISSUE-15892,Investment Banking,Sanctions,Medium,2026-08-10,12,30,On-Track,In Progress
ISSUE-79945,Wealth Management,Fraud,High,2026-06-30,53,15,Breached,Open
ISSUE-91649,Investment Banking,Sanctions,High,2026-05-11,103,15,Breached,Open
ISSUE-67045,Investment Banking,KYC,Low,2026-05-27,36,60,On-Track,Closed
ISSUE-94505,Retail Banking,AML,Medium,2026-06-14,69,30,Breached,Open
ISSUE-60774,Wealth Management,Sanctions,Low,2026-08-16,6,60,On-Track,Open
ISSUE-97071,Retail Banking,Sanctions,High,2026-07-01,52,15,Breached,Open
ISSUE-39512,Investment Banking,Fraud,Medium,2026-08-09,13,30,On-Track,In Progress
ISSUE-13405,Corporate Banking,Fraud,High,2026-06-21,62,15,Breached,Open
ISSUE-19624,Corporate Banking,Transaction Monitoring,Low,2026-04-24,120,60,Breached,Open
ISSUE-33817,Investment Banking,AML,Low,2026-08-14,8,60,On-Track,In Progress
ISSUE-82196,Investment Banking,KYC,Low,2026-05-05,109,60,Breached,In Progress
ISSUE-47853,Investment Banking,Sanctions,Medium,2026-07-07,46,30,Breached,In Progress
ISSUE-89908,Retail Banking,KYC,High,2026-07-31,22,15,Breached,Open
ISSUE-72386,Retail Banking,Fraud,Medium,2026-06-15,68,30,Breached,In Progress
ISSUE-61639,Retail Banking,AML,High,2026-06-02,17,15,Breached,Closed
ISSUE-85373,Investment Banking,KYC,Low,2026-04-25,119,60,Breached,In Progress
ISSUE-22491,Corporate Banking,Sanctions,Low,2026-07-27,26,60,On-Track,In Progress
ISSUE-23383,Corporate Banking,Transaction Monitoring,Low,2026-07-25,28,60,On-Track,Open
ISSUE-33257,Credit Cards,AML,Low,2026-07-29,24,60,On-Track,Open
ISSUE-34221,Wealth Management,Fraud,Low,2026-06-24,59,60,On-Track,In Progress
ISSUE-50242,Wealth Management,Fraud,Medium,2026-07-16,28,30,On-Track,Closed
ISSUE-82433,Credit Cards,AML,Medium,2026-08-12,10,30,On-Track,In Progress
ISSUE-68559,Retail Banking,Transaction Monitoring,Low,2026-06-10,73,60,Breached,Open
ISSUE-72831,Credit Cards,Transaction Monitoring,Medium,2026-08-12,10,30,On-Track,In Progress
ISSUE-79682,Investment Banking,Transaction Monitoring,High,2026-07-16,37,15,Breached,Open
ISSUE-31826,Corporate Banking,KYC,Medium,2026-04-30,114,30,Breached,In Progress
ISSUE-89901,Credit Cards,Fraud,Low,2026-04-27,117,60,Breached,In Progress
ISSUE-32408,Investment Banking,Fraud,Low,2026-08-05,7,60,On-Track,Closed
ISSUE-16265,Credit Cards,KYC,High,2026-06-19,8,15,On-Track,Closed
ISSUE-98927,Retail Banking,AML,Medium,2026-07-29,14,30,On-Track,Closed
ISSUE-71454,Wealth Management,Transaction Monitoring,Medium,2026-08-02,20,30,On-Track,Open
ISSUE-66453,Investment Banking,Sanctions,Low,2026-06-25,47,60,On-Track,Closed
ISSUE-85825,Wealth Management,Fraud,Low,2026-07-17,36,60,On-Track,Open
ISSUE-95069,Investment Banking,KYC,Medium,2026-06-15,68,30,Breached,Open
ISSUE-73582,Corporate Banking,Fraud,Low,2026-08-04,18,60,On-Track,In Progress
ISSUE-86602,Credit Cards,KYC,High,2026-04-29,11,15,On-Track,Closed
ISSUE-64603,Corporate Banking,Sanctions,High,2026-04-27,10,15,On-Track,Closed
ISSUE-16616,Credit Cards,AML,High,2026-05-27,87,15,Breached,Open
ISSUE-42738,Investment Banking,Sanctions,High,2026-06-21,62,15,Breached,In Progress
ISSUE-42209,Corporate Banking,Sanctions,Medium,2026-08-06,5,30,On-Track,Closed
ISSUE-48330,Corporate Banking,Fraud,Medium,2026-07-21,32,30,Breached,In Progress
ISSUE-39191,Retail Banking,KYC,Medium,2026-08-07,28,30,On-Track,Closed
ISSUE-70932,Investment Banking,Sanctions,Medium,2026-05-22,92,30,Breached,Open
ISSUE-39669,Retail Banking,Sanctions,Low,2026-06-01,82,60,Breached,Open
ISSUE-43429,Wealth Management,Transaction Monitoring,Medium,2026-05-10,7,30,On-Track,Closed
ISSUE-26399,Corporate Banking,Sanctions,Medium,2026-05-25,89,30,Breached,Open
ISSUE-61916,Corporate Banking,Fraud,Low,2026-07-10,43,60,On-Track,In Progress
ISSUE-86916,Investment Banking,Sanctions,Medium,2026-07-16,7,30,On-Track,Closed
ISSUE-95984,Investment Banking,KYC,High,2026-08-10,12,15,On-Track,In Progress
ISSUE-79771,Wealth Management,AML,Medium,2026-08-07,15,30,On-Track,Open
ISSUE-69364,Investment Banking,Fraud,Low,2026-05-27,87,60,Breached,Open
ISSUE-54218,Wealth Management,Fraud,Low,2026-05-02,112,60,Breached,In Progress
ISSUE-93982,Retail Banking,AML,Low,2026-07-04,49,60,On-Track,Open
ISSUE-84236,Credit Cards,Sanctions,High,2026-05-11,103,15,Breached,Open
ISSUE-88361,Credit Cards,Transaction Monitoring,Medium,2026-04-27,17,30,On-Track,Closed
ISSUE-54158,Corporate Banking,Sanctions,Medium,2026-05-22,19,30,On-Track,Closed
ISSUE-29679,Credit Cards,KYC,High,2026-07-10,43,15,Breached,In Progress
ISSUE-69496,Credit Cards,Transaction Monitoring,Medium,2026-08-13,15,30,On-Track,Closed
ISSUE-68927,Wealth Management,Fraud,Medium,2026-05-08,106,30,Breached,Open
ISSUE-52929,Retail Banking,KYC,Low,2026-07-26,32,60,On-Track,Closed
ISSUE-52434,Wealth Management,Transaction Monitoring,Low,2026-06-05,49,60,On-Track,Closed
ISSUE-98212,Retail Banking,Fraud,Low,2026-06-20,63,60,Breached,Open
ISSUE-88373,Wealth Management,Transaction Monitoring,Low,2026-07-02,51,60,On-Track,In Progress
ISSUE-72888,Investment Banking,KYC,High,2026-08-12,10,15,On-Track,Open
ISSUE-80959,Retail Banking,Fraud,Low,2026-08-14,32,60,On-Track,Closed
ISSUE-16902,Retail Banking,KYC,Medium,2026-08-20,2,30,On-Track,In Progress
ISSUE-24939,Investment Banking,AML,Low,2026-08-18,5,60,On-Track,Closed
ISSUE-49664,Corporate Banking,Sanctions,High,2026-08-11,11,15,On-Track,Open
ISSUE-96730,Wealth Management,KYC,High,2026-04-26,118,15,Breached,In Progress
ISSUE-72110,Investment Banking,AML,High,2026-06-04,5,15,On-Track,Closed
ISSUE-53320,Retail Banking,Sanctions,Medium,2026-08-06,16,30,On-Track,Open
ISSUE-94348,Corporate Banking,Fraud,Low,2026-06-23,27,60,On-Track,Closed
ISSUE-39978,Investment Banking,KYC,High,2026-05-22,92,15,Breached,In Progress
ISSUE-32324,Investment Banking,Sanctions,High,2026-05-17,97,15,Breached,In Progress
ISSUE-65894,Credit Cards,Transaction Monitoring,High,2026-08-18,8,15,On-Track,Closed
ISSUE-61046,Corporate Banking,AML,Low,2026-08-04,18,60,On-Track,In Progress
ISSUE-32970,Credit Cards,Transaction Monitoring,Medium,2026-06-11,72,30,Breached,Open
ISSUE-21037,Wealth Management,KYC,High,2026-05-22,92,15,Breached,In Progress
ISSUE-27199,Retail Banking,Transaction Monitoring,High,2026-05-08,3,15,On-Track,Closed
ISSUE-74818,Corporate Banking,Transaction Monitoring,Low,2026-07-18,35,60,On-Track,Open
ISSUE-64423,Wealth Management,AML,Low,2026-07-02,48,60,On-Track,Closed
ISSUE-83314,Investment Banking,Fraud,Medium,2026-07-29,28,30,On-Track,Closed
ISSUE-54566,Investment Banking,Sanctions,Low,2026-05-26,88,60,Breached,Open
ISSUE-26345,Retail Banking,AML,Medium,2026-06-17,66,30,Breached,Open
ISSUE-94720,Credit Cards,Fraud,Medium,2026-06-27,56,30,Breached,Open
ISSUE-89986,Corporate Banking,AML,Medium,2026-08-17,5,30,On-Track,Open
ISSUE-91836,Wealth Management,Sanctions,Medium,2026-07-11,42,30,Breached,Open
ISSUE-76696,Credit Cards,AML,Medium,2026-06-30,53,30,Breached,In Progress
ISSUE-44914,Investment Banking,Transaction Monitoring,Low,2026-04-28,20,60,On-Track,Closed
ISSUE-23728,Corporate Banking,AML,High,2026-08-03,19,15,Breached,In Progress
ISSUE-13870,Retail Banking,Transaction Monitoring,Low,2026-05-12,102,60,Breached,In Progress
ISSUE-74032,Credit Cards,Fraud,High,2026-04-28,116,15,Breached,In Progress
ISSUE-32525,Wealth Management,Fraud,Medium,2026-07-17,28,30,On-Track,Closed
ISSUE-87396,Wealth Management,KYC,Low,2026-05-04,51,60,On-Track,Closed
ISSUE-89131,Corporate Banking,Sanctions,Low,2026-06-02,40,60,On-Track,Closed
ISSUE-30054,Retail Banking,Transaction Monitoring,Medium,2026-05-10,104,30,Breached,In Progress
ISSUE-75180,Credit Cards,Transaction Monitoring,High,2026-08-18,4,15,On-Track,Open
ISSUE-67573,Corporate Banking,KYC,Low,2026-05-10,104,60,Breached,Open
ISSUE-79837,Corporate Banking,Transaction Monitoring,Medium,2026-06-06,77,30,Breached,Open
ISSUE-41764,Credit Cards,Transaction Monitoring,Low,2026-06-08,75,60,Breached,Open
ISSUE-12670,Wealth Management,Transaction Monitoring,High,2026-05-03,111,15,Breached,Open
ISSUE-49720,Corporate Banking,AML,Medium,2026-06-06,77,30,Breached,Open
ISSUE-81573,Corporate Banking,Transaction Monitoring,Low,2026-07-30,23,60,On-Track,Open
ISSUE-24510,Credit Cards,Sanctions,Low,2026-06-21,62,60,Breached,In Progress
ISSUE-88228,Wealth Management,Sanctions,High,2026-06-24,59,15,Breached,In Progress
ISSUE-92544,Retail Banking,Transaction Monitoring,Medium,2026-06-20,63,30,Breached,Open
ISSUE-26048,Investment Banking,Fraud,Medium,2026-08-08,14,30,On-Track,In Progress
ISSUE-30283,Credit Cards,KYC,Low,2026-08-06,65,60,Breached,Closed
ISSUE-41414,Investment Banking,Sanctions,Low,2026-08-15,17,60,On-Track,Closed
ISSUE-27438,Credit Cards,Sanctions,Medium,2026-05-08,22,30,On-Track,Closed
ISSUE-60058,Wealth Management,Sanctions,High,2026-08-05,20,15,Breached,Closed
ISSUE-81346,Wealth Management,Transaction Monitoring,Medium,2026-06-26,57,30,Breached,In Progress
ISSUE-90210,Corporate Banking,KYC,High,2026-07-24,29,15,Breached,In Progress
ISSUE-34363,Corporate Banking,KYC,High,2026-07-02,51,15,Breached,Open
ISSUE-21125,Corporate Banking,KYC,Low,2026-07-20,33,60,On-Track,Open
ISSUE-59655,Investment Banking,KYC,Low,2026-05-29,51,60,On-Track,Closed
ISSUE-66252,Credit Cards,AML,Low,2026-06-01,41,60,On-Track,Closed
ISSUE-62511,Wealth Management,Sanctions,Low,2026-06-16,6,60,On-Track,Closed
ISSUE-26357,Retail Banking,Fraud,High,2026-08-05,17,15,Breached,Open
ISSUE-21376,Corporate Banking,AML,High,2026-07-31,22,15,Breached,In Progress
ISSUE-55852,Wealth Management,Fraud,Medium,2026-06-27,56,30,Breached,Open
ISSUE-69026,Wealth Management,Fraud,High,2026-07-14,10,15,On-Track,Closed
ISSUE-83443,Credit Cards,Sanctions,High,2026-07-25,28,15,Breached,Open
ISSUE-60491,Investment Banking,KYC,Low,2026-07-28,25,60,On-Track,Open
ISSUE-51578,Wealth Management,Transaction Monitoring,Low,2026-06-24,50,60,On-Track,Closed
ISSUE-46521,Corporate Banking,AML,High,2026-05-17,3,15,On-Track,Closed
ISSUE-85563,Investment Banking,KYC,Low,2026-07-30,23,60,On-Track,In Progress
ISSUE-41600,Corporate Banking,AML,Medium,2026-06-26,57,30,Breached,In Progress
ISSUE-54689,Wealth Management,Fraud,Medium,2026-07-01,35,30,Breached,Closed
ISSUE-68208,Corporate Banking,KYC,Medium,2026-05-21,30,30,On-Track,Closed
ISSUE-10259,Wealth Management,Fraud,Low,2026-07-02,15,60,On-Track,Closed
ISSUE-28994,Retail Banking,Fraud,Low,2026-05-20,94,60,Breached,In Progress
ISSUE-36976,Credit Cards,KYC,Medium,2026-06-14,69,30,Breached,Open
ISSUE-78195,Wealth Management,Fraud,Low,2026-06-20,63,60,Breached,Open
ISSUE-74399,Corporate Banking,Sanctions,High,2026-06-23,8,15,On-Track,Closed
ISSUE-33290,Credit Cards,AML,Low,2026-05-17,97,60,Breached,Open
ISSUE-39040,Retail Banking,AML,Medium,2026-06-07,76,30,Breached,In Progress
ISSUE-88159,Credit Cards,Sanctions,Medium,2026-07-28,31,30,Breached,Closed
ISSUE-90486,Wealth Management,Transaction Monitoring,Low,2026-06-15,68,60,Breached,Open
ISSUE-95334,Retail Banking,Fraud,Medium,2026-06-04,79,30,Breached,Open
ISSUE-35819,Investment Banking,KYC,High,2026-07-26,27,15,Breached,Open
ISSUE-34022,Credit Cards,Transaction Monitoring,Medium,2026-06-06,19,30,On-Track,Closed
ISSUE-16656,Credit Cards,AML,Medium,2026-07-07,46,30,Breached,Open
ISSUE-84853,Retail Banking,Sanctions,Medium,2026-07-14,39,30,Breached,Open
ISSUE-80136,Wealth Management,Transaction Monitoring,Low,2026-07-19,34,60,On-Track,In Progress
ISSUE-95821,Retail Banking,Transaction Monitoring,High,2026-07-16,37,15,Breached,Open
ISSUE-26277,Retail Banking,Fraud,Low,2026-07-10,43,60,On-Track,Open
ISSUE-17362,Wealth Management,Sanctions,High,2026-07-13,40,15,Breached,In Progress
ISSUE-73609,Credit Cards,Fraud,High,2026-05-18,14,15,On-Track,Closed
ISSUE-67120,Retail Banking,Transaction Monitoring,High,2026-07-28,5,15,On-Track,Closed
ISSUE-61076,Retail Banking,Transaction Monitoring,High,2026-07-04,9,15,On-Track,Closed
ISSUE-29050,Retail Banking,KYC,Low,2026-05-28,48,60,On-Track,Closed
ISSUE-60442,Wealth Management,AML,Medium,2026-08-08,14,30,On-Track,In Progress
ISSUE-33344,Wealth Management,Fraud,Low,2026-06-17,66,60,Breached,In Progress
ISSUE-28186,Retail Banking,AML,Medium,2026-04-25,23,30,On-Track,Closed
ISSUE-89789,Credit Cards,Fraud,Medium,2026-05-01,113,30,Breached,Open
ISSUE-26631,Wealth Management,Sanctions,Medium,2026-07-16,37,30,Breached,Open
ISSUE-78314,Wealth Management,KYC,Low,2026-07-03,43,60,On-Track,Closed
ISSUE-61530,Wealth Management,KYC,Low,2026-08-05,17,60,On-Track,Open
ISSUE-57603,Investment Banking,Transaction Monitoring,Low,2026-06-17,60,60,On-Track,Closed
ISSUE-29778,Credit Cards,AML,Medium,2026-07-14,39,30,Breached,In Progress
ISSUE-98533,Corporate Banking,Fraud,High,2026-06-16,5,15,On-Track,Closed
ISSUE-69569,Credit Cards,KYC,Low,2026-07-02,51,60,On-Track,In Progress
ISSUE-77788,Wealth Management,KYC,Medium,2026-04-29,7,30,On-Track,Closed
ISSUE-31718,Investment Banking,Sanctions,Medium,2026-06-01,35,30,Breached,Closed
ISSUE-44234,Investment Banking,Transaction Monitoring,Medium,2026-07-17,26,30,On-Track,Closed
ISSUE-76397,Retail Banking,Sanctions,Low,2026-06-01,82,60,Breached,Open
ISSUE-38192,Corporate Banking,KYC,Medium,2026-07-04,49,30,Breached,In Progress
ISSUE-74502,Credit Cards,Sanctions,High,2026-06-09,74,15,Breached,Open
ISSUE-75411,Retail Banking,KYC,Low,2026-05-22,52,60,On-Track,Closed
ISSUE-24291,Credit Cards,AML,Low,2026-06-27,56,60,On-Track,In Progress
ISSUE-48070,Credit Cards,Sanctions,Low,2026-05-08,106,60,Breached,Open
ISSUE-66471,Corporate Banking,KYC,Medium,2026-07-22,31,30,Breached,Open
ISSUE-12310,Credit Cards,Fraud,Low,2026-08-13,9,60,On-Track,In Progress
ISSUE-37541,Investment Banking,Sanctions,Low,2026-06-20,63,60,Breached,In Progress
ISSUE-82544,Corporate Banking,AML,Medium,2026-08-16,6,30,On-Track,Open
ISSUE-34384,Investment Banking,AML,Low,2026-04-29,28,60,On-Track,Closed
ISSUE-84389,Corporate Banking,Transaction Monitoring,Low,2026-07-28,25,60,On-Track,In Progress
ISSUE-72216,Retail Banking,Transaction Monitoring,Low,2026-08-20,23,60,On-Track,Closed
ISSUE-59787,Retail Banking,Fraud,Low,2026-07-27,26,60,On-Track,Open
ISSUE-13402,Wealth Management,KYC,High,2026-08-16,6,15,On-Track,In Progress
ISSUE-47107,Credit Cards,Transaction Monitoring,Medium,2026-06-15,33,30,Breached,Closed
ISSUE-81664,Investment Banking,Fraud,High,2026-05-15,99,15,Breached,In Progress
ISSUE-20770,Wealth Management,Fraud,Low,2026-08-21,1,60,On-Track,Open
ISSUE-51850,Corporate Banking,AML,High,2026-05-13,1,15,On-Track,Closed
ISSUE-11998,Corporate Banking,AML,Low,2026-07-18,35,60,On-Track,In Progress
ISSUE-87834,Retail Banking,Transaction Monitoring,Low,2026-07-31,22,60,On-Track,In Progress
ISSUE-76836,Credit Cards,KYC,High,2026-06-24,59,15,Breached,Open
ISSUE-10364,Credit Cards,KYC,Low,2026-04-28,18,60,On-Track,Closed
ISSUE-53589,Investment Banking,Sanctions,High,2026-08-14,8,15,On-Track,In Progress
ISSUE-82371,Retail Banking,Fraud,Medium,2026-05-13,101,30,Breached,In Progress
ISSUE-22668,Credit Cards,Sanctions,Medium,2026-06-02,81,30,Breached,In Progress
ISSUE-11832,Wealth Management,Fraud,Low,2026-05-19,95,60,Breached,In Progress
ISSUE-18509,Investment Banking,AML,High,2026-05-13,101,15,Breached,In Progress
ISSUE-50044,Investment Banking,Transaction Monitoring,High,2026-05-09,105,15,Breached,In Progress
ISSUE-80355,Investment Banking,Sanctions,High,2026-07-29,5,15,On-Track,Closed
ISSUE-25026,Wealth Management,Fraud,High,2026-05-23,1,15,On-Track,Closed
ISSUE-51886,Wealth Management,Fraud,High,2026-07-19,34,15,Breached,Open
ISSUE-28148,Investment Banking,KYC,High,2026-05-03,7,15,On-Track,Closed
ISSUE-67342,Corporate Banking,AML,High,2026-07-20,7,15,On-Track,Closed
ISSUE-37825,Credit Cards,Fraud,High,2026-07-16,20,15,Breached,Closed
ISSUE-29852,Retail Banking,KYC,High,2026-04-30,114,15,Breached,In Progress
ISSUE-30960,Wealth Management,Sanctions,Low,2026-04-24,120,60,Breached,Open
ISSUE-59093,Corporate Banking,KYC,Low,2026-05-03,111,60,Breached,Open
ISSUE-42963,Investment Banking,Sanctions,Medium,2026-08-02,34,30,Breached,Closed
ISSUE-43887,Retail Banking,Fraud,Medium,2026-05-24,90,30,Breached,In Progress
ISSUE-74859,Wealth Management,KYC,Medium,2026-07-13,12,30,On-Track,Closed
ISSUE-43035,Credit Cards,Sanctions,High,2026-06-03,80,15,Breached,Open
ISSUE-74996,Corporate Banking,Transaction Monitoring,Low,2026-06-05,78,60,Breached,Open
ISSUE-67322,Retail Banking,Transaction Monitoring,High,2026-06-11,2,15,On-Track,Closed
ISSUE-82993,Credit Cards,Transaction Monitoring,Medium,2026-07-14,30,30,On-Track,Closed
ISSUE-48827,Wealth Management,Transaction Monitoring,Medium,2026-04-24,120,30,Breached,In Progress
ISSUE-12557,Retail Banking,Fraud,Low,2026-07-09,64,60,Breached,Closed
ISSUE-99973,Credit Cards,AML,Low,2026-06-19,20,60,On-Track,Closed
ISSUE-22157,Wealth Management,AML,High,2026-05-07,5,15,On-Track,Closed
ISSUE-70637,Investment Banking,Transaction Monitoring,High,2026-06-20,63,15,Breached,Open
ISSUE-93199,Retail Banking,KYC,High,2026-07-17,36,15,Breached,Open
ISSUE-63331,Wealth Management,Fraud,High,2026-05-13,101,15,Breached,Open
ISSUE-38482,Credit Cards,Transaction Monitoring,Low,2026-06-15,68,60,Breached,Open
ISSUE-59518,Corporate Banking,Fraud,Low,2026-08-12,10,60,On-Track,In Progress
ISSUE-62492,Retail Banking,AML,Low,2026-08-10,18,60,On-Track,Closed
ISSUE-70385,Corporate Banking,Sanctions,Low,2026-05-06,42,60,On-Track,Closed
ISSUE-60753,Wealth Management,KYC,High,2026-08-08,14,15,On-Track,In Progress
ISSUE-65833,Credit Cards,Fraud,High,2026-05-31,83,15,Breached,Open
ISSUE-86065,Credit Cards,Fraud,High,2026-07-26,27,15,Breached,Open
ISSUE-46065,Corporate Banking,AML,High,2026-05-20,7,15,On-Track,Closed
ISSUE-43729,Credit Cards,Fraud,High,2026-05-02,112,15,Breached,Open
ISSUE-24781,Retail Banking,KYC,High,2026-06-01,82,15,Breached,Open
ISSUE-79895,Investment Banking,Sanctions,Low,2026-07-21,32,60,On-Track,Open
ISSUE-59257,Investment Banking,AML,Low,2026-07-22,31,60,On-Track,In Progress
ISSUE-96207,Corporate Banking,Fraud,High,2026-08-01,21,15,Breached,Open
ISSUE-95557,Corporate Banking,Transaction Monitoring,Medium,2026-05-03,111,30,Breached,In Progress
ISSUE-53784,Retail Banking,Fraud,High,2026-07-29,24,15,Breached,Open
ISSUE-80353,Investment Banking,AML,High,2026-08-11,16,15,Breached,Closed
ISSUE-60761,Wealth Management,Fraud,Low,2026-05-24,90,60,Breached,In Progress
ISSUE-83876,Retail Banking,Transaction Monitoring,High,2026-06-29,54,15,Breached,Open
ISSUE-26969,Retail Banking,KYC,Low,2026-08-17,58,60,On-Track,Closed
ISSUE-34036,Investment Banking,Fraud,Medium,2026-06-06,77,30,Breached,In Progress
ISSUE-65397,Credit Cards,Sanctions,High,2026-08-19,3,15,On-Track,Open
ISSUE-94372,Corporate Banking,Sanctions,Low,2026-05-18,96,60,Breached,In Progress
ISSUE-19953,Wealth Management,AML,High,2026-08-15,7,15,On-Track,In Progress
ISSUE-72610,Wealth Management,Fraud,High,2026-08-08,14,15,On-Track,In Progress
ISSUE-49282,Investment Banking,Transaction Monitoring,Medium,2026-06-04,79,30,Breached,In Progress
ISSUE-88425,Investment Banking,Sanctions,High,2026-08-19,7,15,On-Track,Closed
ISSUE-85684,Investment Banking,KYC,Medium,2026-07-12,41,30,Breached,Open
ISSUE-54754,Wealth Management,AML,High,2026-06-30,53,15,Breached,Open
ISSUE-80181,Credit Cards,Sanctions,High,2026-08-12,14,15,On-Track,Closed
ISSUE-22800,Wealth Management,Fraud,Low,2026-08-10,12,60,On-Track,In Progress
ISSUE-49549,Credit Cards,Transaction Monitoring,Medium,2026-08-19,3,30,On-Track,Open
ISSUE-23920,Retail Banking,KYC,Medium,2026-05-12,1,30,On-Track,Closed
ISSUE-96985,Wealth Management,Sanctions,Low,2026-05-24,53,60,On-Track,Closed
ISSUE-55537,Investment Banking,AML,Medium,2026-07-11,42,30,Breached,Open
ISSUE-76835,Retail Banking,Fraud,Low,2026-08-02,20,60,On-Track,In Progress
ISSUE-74742,Investment Banking,Fraud,Low,2026-07-10,43,60,On-Track,Open
ISSUE-20131,Retail Banking,KYC,High,2026-06-27,10,15,On-Track,Closed
ISSUE-99215,Credit Cards,Transaction Monitoring,Low,2026-05-28,86,60,Breached,In Progress
ISSUE-72750,Corporate Banking,KYC,Medium,2026-05-01,113,30,Breached,In Progress
ISSUE-73717,Investment Banking,KYC,High,2026-05-11,6,15,On-Track,Closed
ISSUE-23524,Retail Banking,Fraud,High,2026-08-18,4,15,On-Track,Open
ISSUE-15997,Corporate Banking,Fraud,Low,2026-08-14,11,60,On-Track,Closed
ISSUE-22068,Corporate Banking,KYC,Medium,2026-08-21,1,30,On-Track,In Progress
ISSUE-62525,Investment Banking,AML,Low,2026-08-13,29,60,On-Track,Closed
ISSUE-82880,Wealth Management,Transaction Monitoring,High,2026-08-09,19,15,Breached,Closed
ISSUE-24206,Wealth Management,Fraud,Medium,2026-07-16,37,30,Breached,In Progress
ISSUE-41061,Corporate Banking,AML,High,2026-07-31,22,15,Breached,In Progress
ISSUE-33980,Investment Banking,KYC,High,2026-06-10,73,15,Breached,In Progress
ISSUE-93189,Investment Banking,Sanctions,High,2026-05-19,95,15,Breached,Open
ISSUE-82823,Credit Cards,Sanctions,Low,2026-07-09,58,60,On-Track,Closed
ISSUE-26046,Wealth Management,Sanctions,Low,2026-06-06,77,60,Breached,Open
ISSUE-47895,Credit Cards,AML,Medium,2026-05-19,95,30,Breached,In Progress
ISSUE-86625,Credit Cards,KYC,Low,2026-06-19,64,60,Breached,Open
ISSUE-35491,Investment Banking,Sanctions,Low,2026-05-04,46,60,On-Track,Closed
ISSUE-85387,Wealth Management,Fraud,High,2026-05-29,85,15,Breached,Open
ISSUE-82975,Corporate Banking,AML,High,2026-08-21,1,15,On-Track,Open
ISSUE-64531,Wealth Management,Transaction Monitoring,High,2026-06-18,65,15,Breached,Open
ISSUE-80799,Investment Banking,KYC,Low,2026-05-26,88,60,Breached,Open
ISSUE-96073,Corporate Banking,Fraud,High,2026-08-13,15,15,On-Track,Closed
ISSUE-45646,Credit Cards,Sanctions,Medium,2026-07-20,2,30,On-Track,Closed
ISSUE-53687,Corporate Banking,KYC,High,2026-04-29,18,15,Breached,Closed
ISSUE-57273,Retail Banking,Transaction Monitoring,High,2026-08-05,17,15,Breached,Open
ISSUE-38992,Investment Banking,AML,Low,2026-04-25,56,60,On-Track,Closed
ISSUE-89593,Credit Cards,Sanctions,Low,2026-06-22,61,60,Breached,In Progress
ISSUE-89842,Investment Banking,Sanctions,High,2026-08-13,9,15,On-Track,In Progress
ISSUE-92716,Wealth Management,Transaction Monitoring,Low,2026-08-13,9,60,On-Track,Open
ISSUE-57256,Corporate Banking,Sanctions,Medium,2026-05-05,109,30,Breached,Open
ISSUE-80188,Wealth Management,Transaction Monitoring,Low,2026-05-01,18,60,On-Track,Closed
ISSUE-34951,Investment Banking,Fraud,High,2026-05-24,90,15,Breached,In Progress
ISSUE-27518,Corporate Banking,Fraud,High,2026-07-16,37,15,Breached,In Progress
ISSUE-52774,Wealth Management,Sanctions,Medium,2026-05-24,32,30,Breached,Closed
ISSUE-88439,Credit Cards,KYC,Medium,2026-04-29,115,30,Breached,Open
ISSUE-75320,Corporate Banking,Fraud,Medium,2026-05-18,5,30,On-Track,Closed
ISSUE-41527,Investment Banking,KYC,Low,2026-07-25,30,60,On-Track,Closed
ISSUE-30629,Wealth Management,Transaction Monitoring,Medium,2026-07-13,40,30,Breached,In Progress
ISSUE-55836,Wealth Management,Sanctions,High,2026-07-22,31,15,Breached,In Progress
ISSUE-73010,Credit Cards,Fraud,Medium,2026-06-08,1,30,On-Track,Closed
ISSUE-81535,Investment Banking,KYC,High,2026-07-07,17,15,Breached,Closed
ISSUE-27977,Corporate Banking,Sanctions,Medium,2026-08-04,18,30,On-Track,Open
ISSUE-58151,Credit Cards,KYC,Medium,2026-06-13,70,30,Breached,In Progress
ISSUE-80878,Investment Banking,AML,Medium,2026-07-31,22,30,On-Track,In Progress
ISSUE-23693,Wealth Management,Transaction Monitoring,High,2026-05-02,112,15,Breached,In Progress
ISSUE-75220,Wealth Management,Transaction Monitoring,Low,2026-06-09,74,60,Breached,Open
ISSUE-16006,Credit Cards,AML,Medium,2026-05-20,94,30,Breached,In Progress
ISSUE-45909,Investment Banking,Fraud,Low,2026-08-07,7,60,On-Track,Closed
ISSUE-45400,Retail Banking,KYC,High,2026-07-05,48,15,Breached,Open
ISSUE-29373,Credit Cards,Fraud,Low,2026-07-26,27,60,On-Track,Open
ISSUE-56126,Credit Cards,Transaction Monitoring,Medium,2026-05-09,105,30,Breached,In Progress
ISSUE-65769,Corporate Banking,Fraud,Medium,2026-06-28,20,30,On-Track,Closed
ISSUE-52800,Investment Banking,Transaction Monitoring,High,2026-08-12,10,15,On-Track,In Progress
ISSUE-51299,Investment Banking,Transaction Monitoring,Low,2026-05-25,41,60,On-Track,Closed
ISSUE-39077,Investment Banking,AML,Medium,2026-06-03,16,30,On-Track,Closed
ISSUE-62750,Corporate Banking,AML,Low,2026-06-20,52,60,On-Track,Closed
ISSUE-70718,Retail Banking,Transaction Monitoring,Medium,2026-06-04,79,30,Breached,Open
ISSUE-38623,Corporate Banking,AML,Medium,2026-08-01,15,30,On-Track,Closed
ISSUE-44865,Wealth Management,Transaction Monitoring,High,2026-05-12,1,15,On-Track,Closed
ISSUE-88611,Corporate Banking,AML,Low,2026-04-24,120,60,Breached,Open
ISSUE-59222,Wealth Management,Transaction Monitoring,Medium,2026-05-08,106,30,Breached,Open
ISSUE-30173,Credit Cards,AML,Medium,2026-05-24,90,30,Breached,Open
ISSUE-18730,Wealth Management,Fraud,Medium,2026-08-07,15,30,On-Track,In Progress
ISSUE-87736,Corporate Banking,Fraud,Low,2026-08-19,54,60,On-Track,Closed
ISSUE-97200,Corporate Banking,Transaction Monitoring,Medium,2026-06-08,24,30,On-Track,Closed
ISSUE-51302,Wealth Management,Transaction Monitoring,Low,2026-08-11,54,60,On-Track,Closed
ISSUE-29149,Corporate Banking,Transaction Monitoring,Low,2026-05-15,62,60,Breached,Closed
ISSUE-56408,Corporate Banking,Sanctions,High,2026-06-24,59,15,Breached,In Progress
ISSUE-69958,Retail Banking,Transaction Monitoring,High,2026-07-05,18,15,Breached,Closed
ISSUE-67443,Investment Banking,Fraud,Low,2026-07-08,45,60,On-Track,Open
ISSUE-23681,Investment Banking,KYC,Low,2026-05-15,99,60,Breached,Open
ISSUE-92722,Corporate Banking,Fraud,Medium,2026-07-12,32,30,Breached,Closed
ISSUE-92316,Corporate Banking,Transaction Monitoring,High,2026-07-29,24,15,Breached,Open
ISSUE-27536,Corporate Banking,Transaction Monitoring,High,2026-06-12,71,15,Breached,In Progress
ISSUE-39883,Retail Banking,Transaction Monitoring,High,2026-05-12,102,15,Breached,Open
ISSUE-77940,Retail Banking,AML,Low,2026-05-04,33,60,On-Track,Closed
ISSUE-25723,Investment Banking,KYC,Low,2026-06-07,76,60,Breached,Open
ISSUE-93868,Credit Cards,KYC,Low,2026-07-12,63,60,Breached,Closed
ISSUE-20318,Retail Banking,Sanctions,High,2026-08-18,4,15,On-Track,Open
ISSUE-65230,Credit Cards,Sanctions,High,2026-07-22,31,15,Breached,Open
ISSUE-80321,Credit Cards,Sanctions,Medium,2026-04-26,27,30,On-Track,Closed
ISSUE-37713,Retail Banking,AML,High,2026-05-13,101,15,Breached,Open
ISSUE-89934,Credit Cards,KYC,Medium,2026-06-03,80,30,Breached,In Progress
ISSUE-65775,Retail Banking,KYC,High,2026-04-30,114,15,Breached,Open
ISSUE-35317,Retail Banking,Transaction Monitoring,Low,2026-08-10,12,60,On-Track,In Progress
ISSUE-48158,Corporate Banking,Sanctions,High,2026-07-06,7,15,On-Track,Closed
ISSUE-51591,Corporate Banking,Sanctions,High,2026-08-12,10,15,On-Track,Open
ISSUE-75398,Retail Banking,KYC,Medium,2026-08-16,6,30,On-Track,In Progress
ISSUE-36256,Credit Cards,Sanctions,High,2026-06-09,74,15,Breached,Open
ISSUE-42422,Wealth Management,Transaction Monitoring,Low,2026-05-20,94,60,Breached,Open
ISSUE-34500,Corporate Banking,KYC,Low,2026-06-03,80,60,Breached,In Progress
ISSUE-31651,Investment Banking,Fraud,Medium,2026-06-20,32,30,Breached,Closed
ISSUE-98407,Corporate Banking,Sanctions,Low,2026-08-10,12,60,On-Track,In Progress
ISSUE-82609,Investment Banking,Transaction Monitoring,Low,2026-05-11,103,60,Breached,In Progress
ISSUE-71062,Wealth Management,Sanctions,Medium,2026-06-04,14,30,On-Track,Closed
ISSUE-90909,Corporate Banking,KYC,High,2026-05-02,112,15,Breached,Open
ISSUE-55900,Investment Banking,AML,Medium,2026-05-30,84,30,Breached,Open
ISSUE-54947,Wealth Management,KYC,Medium,2026-06-08,75,30,Breached,In Progress
ISSUE-93889,Retail Banking,KYC,Medium,2026-05-28,5,30,On-Track,Closed
ISSUE-88709,Corporate Banking,KYC,Medium,2026-06-26,21,30,On-Track,Closed
ISSUE-20878,Investment Banking,Fraud,High,2026-06-06,77,15,Breached,Open
ISSUE-44429,Investment Banking,Fraud,Medium,2026-06-13,70,30,Breached,In Progress
ISSUE-31780,Wealth Management,Transaction Monitoring,High,2026-05-25,89,15,Breached,Open
ISSUE-63755,Retail Banking,Transaction Monitoring,Low,2026-07-10,43,60,On-Track,Open
ISSUE-12094,Corporate Banking,Fraud,High,2026-05-03,111,15,Breached,In Progress
ISSUE-71857,Wealth Management,Sanctions,Medium,2026-08-02,20,30,On-Track,Open
ISSUE-45239,Corporate Banking,Fraud,Low,2026-08-13,18,60,On-Track,Closed
ISSUE-86610,Retail Banking,AML,High,2026-04-30,13,15,On-Track,Closed
ISSUE-45061,Retail Banking,KYC,Medium,2026-08-05,19,30,On-Track,Closed
ISSUE-98699,Credit Cards,Sanctions,High,2026-06-30,53,15,Breached,In Progress
ISSUE-82210,Wealth Management,Sanctions,Medium,2026-05-09,105,30,Breached,In Progress
ISSUE-41936,Wealth Management,Fraud,Low,2026-05-08,106,60,Breached,Open
ISSUE-40259,Retail Banking,KYC,Medium,2026-07-02,51,30,Breached,Open
ISSUE-59671,Corporate Banking,Sanctions,Medium,2026-05-05,1,30,On-Track,Closed
ISSUE-85889,Credit Cards,Fraud,High,2026-07-05,20,15,Breached,Closed
ISSUE-14093,Wealth Management,KYC,Medium,2026-07-05,48,30,Breached,Open
ISSUE-67872,Retail Banking,Transaction Monitoring,High,2026-07-06,18,15,Breached,Closed
ISSUE-89470,Retail Banking,Transaction Monitoring,Medium,2026-07-07,21,30,On-Track,Closed
ISSUE-45600,Retail Banking,AML,Medium,2026-07-26,13,30,On-Track,Closed
ISSUE-94522,Corporate Banking,Sanctions,Low,2026-07-30,39,60,On-Track,Closed
ISSUE-70603,Investment Banking,Sanctions,Medium,2026-05-13,101,30,Breached,Open
ISSUE-82200,Credit Cards,Sanctions,Low,2026-04-27,117,60,Breached,Open
ISSUE-41989,Credit Cards,AML,High,2026-05-12,16,15,Breached,Closed
ISSUE-92312,Credit Cards,Sanctions,Low,2026-06-28,55,60,On-Track,In Progress
ISSUE-84906,Credit Cards,AML,High,2026-07-23,18,15,Breached,Closed
ISSUE-73702,Wealth Management,Sanctions,Low,2026-06-27,44,60,On-Track,Closed
ISSUE-95414,Credit Cards,KYC,Low,2026-07-16,37,60,On-Track,In Progress
ISSUE-27299,Wealth Management,Fraud,Low,2026-06-17,9,60,On-Track,Closed
ISSUE-43773,Credit Cards,Fraud,High,2026-08-16,6,15,On-Track,In Progress
ISSUE-89803,Investment Banking,Transaction Monitoring,High,2026-05-07,107,15,Breached,In Progress
ISSUE-31078,Retail Banking,Fraud,Low,2026-08-02,20,60,On-Track,In Progress
ISSUE-89355,Retail Banking,Transaction Monitoring,Medium,2026-05-18,11,30,On-Track,Closed
ISSUE-36588,Credit Cards,Fraud,Low,2026-08-16,43,60,On-Track,Closed
ISSUE-25341,Retail Banking,KYC,Low,2026-08-19,3,60,On-Track,Open
ISSUE-36419,Investment Banking,Sanctions,Medium,2026-05-12,25,30,On-Track,Closed
ISSUE-26327,Investment Banking,Fraud,High,2026-07-13,19,15,Breached,Closed
ISSUE-30273,Retail Banking,Transaction Monitoring,High,2026-07-14,39,15,Breached,In Progress
ISSUE-59501,Credit Cards,KYC,Low,2026-07-03,50,60,On-Track,Open
ISSUE-89374,Wealth Management,Sanctions,High,2026-07-22,31,15,Breached,In Progress
ISSUE-70755,Investment Banking,Fraud,High,2026-05-20,94,15,Breached,Open
ISSUE-20706,Wealth Management,AML,Low,2026-05-11,103,60,Breached,Open
ISSUE-87820,Corporate Banking,Fraud,Medium,2026-06-09,74,30,Breached,Open
ISSUE-82482,Retail Banking,KYC,Medium,2026-06-19,64,30,Breached,In Progress
ISSUE-43031,Wealth Management,KYC,Low,2026-06-09,74,60,Breached,Open
ISSUE-43458,Wealth Management,KYC,High,2026-06-21,3,15,On-Track,Closed
ISSUE-67010,Investment Banking,AML,Medium,2026-06-13,70,30,Breached,Open
ISSUE-73931,Investment Banking,Sanctions,High,2026-05-14,100,15,Breached,Open
ISSUE-95483,Retail Banking,Sanctions,Medium,2026-06-17,66,30,Breached,Open
ISSUE-61765,Investment Banking,Sanctions,Low,2026-07-31,22,60,On-Track,In Progress
ISSUE-82583,Corporate Banking,Transaction Monitoring,Medium,2026-05-19,95,30,Breached,In Progress
ISSUE-72116,Retail Banking,AML,Medium,2026-05-20,94,30,Breached,Open
ISSUE-72745,Retail Banking,AML,Medium,2026-06-20,63,30,Breached,Open
ISSUE-58325,Credit Cards,Sanctions,High,2026-06-27,56,15,Breached,In Progress
ISSUE-30787,Investment Banking,Fraud,High,2026-06-29,9,15,On-Track,Closed
ISSUE-93310,Wealth Management,Fraud,Medium,2026-05-14,9,30,On-Track,Closed
ISSUE-24414,Corporate Banking,Transaction Monitoring,Medium,2026-06-12,71,30,Breached,Open
ISSUE-70868,Investment Banking,Fraud,High,2026-05-08,106,15,Breached,In Progress
ISSUE-20958,Corporate Banking,Fraud,High,2026-06-12,5,15,On-Track,Closed
ISSUE-24798,Corporate Banking,Sanctions,Low,2026-06-28,55,60,On-Track,Open
ISSUE-97951,Investment Banking,Fraud,High,2026-07-17,36,15,Breached,Open
ISSUE-57145,Retail Banking,Sanctions,Low,2026-08-15,7,60,On-Track,In Progress
ISSUE-82060,Credit Cards,Fraud,Low,2026-08-01,21,60,On-Track,Open
ISSUE-98102,Credit Cards,Sanctions,Medium,2026-06-28,55,30,Breached,Open
ISSUE-34195,Credit Cards,Fraud,Medium,2026-07-12,21,30,On-Track,Closed
ISSUE-18622,Retail Banking,Fraud,Low,2026-07-19,34,60,On-Track,Open
ISSUE-20526,Retail Banking,Transaction Monitoring,Medium,2026-06-21,12,30,On-Track,Closed
ISSUE-96944,Wealth Management,AML,Medium,2026-06-03,80,30,Breached,Open
ISSUE-74148,Investment Banking,Sanctions,High,2026-05-05,109,15,Breached,Open
ISSUE-34181,Credit Cards,Transaction Monitoring,Low,2026-07-29,24,60,On-Track,In Progress
ISSUE-64263,Retail Banking,Fraud,Medium,2026-08-21,30,30,On-Track,Closed
ISSUE-40243,Retail Banking,Fraud,Medium,2026-06-29,54,30,Breached,Open
ISSUE-91777,Investment Banking,Fraud,Medium,2026-06-27,56,30,Breached,Open
ISSUE-96149,Corporate Banking,Transaction Monitoring,Low,2026-08-11,11,60,On-Track,In Progress
ISSUE-88963,Retail Banking,Fraud,Medium,2026-07-26,27,30,On-Track,Open
ISSUE-28235,Wealth Management,Transaction Monitoring,Low,2026-06-23,60,60,On-Track,Closed
ISSUE-95360,Wealth Management,AML,Low,2026-05-30,84,60,Breached,In Progress
ISSUE-16863,Corporate Banking,AML,High,2026-07-01,3,15,On-Track,Closed
ISSUE-15497,Credit Cards,Transaction Monitoring,Low,2026-05-30,84,60,Breached,In Progress
ISSUE-89869,Investment Banking,AML,Low,2026-05-03,40,60,On-Track,Closed
ISSUE-54571,Retail Banking,Sanctions,Medium,2026-05-11,103,30,Breached,Open
ISSUE-95092,Investment Banking,Fraud,Low,2026-06-22,61,60,Breached,In Progress
ISSUE-82561,Investment Banking,KYC,High,2026-05-05,109,15,Breached,Open
ISSUE-51644,Corporate Banking,Fraud,Medium,2026-05-17,97,30,Breached,Open
ISSUE-50507,Credit Cards,Fraud,Low,2026-06-21,62,60,Breached,In Progress
ISSUE-88448,Wealth Management,Sanctions,High,2026-05-03,19,15,Breached,Closed
ISSUE-49925,Corporate Banking,Transaction Monitoring,High,2026-06-11,3,15,On-Track,Closed
ISSUE-39732,Corporate Banking,Transaction Monitoring,High,2026-08-17,16,15,Breached,Closed
ISSUE-65926,Wealth Management,Fraud,Medium,2026-04-27,117,30,Breached,Open
ISSUE-36742,Corporate Banking,Transaction Monitoring,Low,2026-07-13,40,60,On-Track,In Progress
ISSUE-85436,Wealth Management,Transaction Monitoring,High,2026-06-15,68,15,Breached,Open
ISSUE-50327,Retail Banking,AML,High,2026-05-16,10,15,On-Track,Closed
ISSUE-97302,Corporate Banking,KYC,Low,2026-06-12,5,60,On-Track,Closed
ISSUE-11456,Retail Banking,Transaction Monitoring,High,2026-08-01,21,15,Breached,In Progress
ISSUE-52924,Wealth Management,KYC,Low,2026-07-10,43,60,On-Track,Open
ISSUE-44482,Credit Cards,AML,High,2026-06-15,68,15,Breached,Open
ISSUE-56928,Investment Banking,Transaction Monitoring,High,2026-05-02,112,15,Breached,Open
ISSUE-67108,Wealth Management,KYC,Medium,2026-07-15,38,30,Breached,Open
ISSUE-40712,Wealth Management,KYC,Low,2026-05-18,96,60,Breached,Open
ISSUE-73714,Wealth Management,AML,Medium,2026-07-03,50,30,Breached,Open
ISSUE-29993,Investment Banking,Transaction Monitoring,Low,2026-05-07,107,60,Breached,Open
ISSUE-44413,Corporate Banking,KYC,Low,2026-06-02,81,60,Breached,Open
ISSUE-51977,Credit Cards,Sanctions,Medium,2026-07-08,45,30,Breached,In Progress
ISSUE-60413,Retail Banking,AML,Low,2026-08-03,19,60,On-Track,In Progress
ISSUE-19040,Corporate Banking,Transaction Monitoring,Medium,2026-05-01,113,30,Breached,Open
ISSUE-23865,Wealth Management,Sanctions,Medium,2026-07-22,31,30,Breached,Open
ISSUE-14982,Investment Banking,AML,Medium,2026-06-30,53,30,Breached,In Progress
ISSUE-71740,Retail Banking,Fraud,High,2026-08-19,3,15,On-Track,In Progress
ISSUE-20320,Corporate Banking,Fraud,High,2026-06-28,55,15,Breached,Open
ISSUE-72583,Investment Banking,AML,High,2026-05-04,8,15,On-Track,Closed
ISSUE-95426,Wealth Management,AML,Medium,2026-05-15,99,30,Breached,In Progress
ISSUE-20975,Retail Banking,Fraud,Low,2026-05-17,97,60,Breached,Open
ISSUE-76201,Wealth Management,AML,High,2026-08-06,16,15,Breached,In Progress
ISSUE-40951,Retail Banking,Fraud,Medium,2026-05-22,92,30,Breached,Open
ISSUE-28230,Credit Cards,Fraud,Low,2026-04-25,119,60,Breached,In Progress
ISSUE-68130,Credit Cards,Fraud,Medium,2026-06-10,73,30,Breached,In Progress
ISSUE-43739,Corporate Banking,Fraud,Low,2026-05-20,28,60,On-Track,Closed
ISSUE-57890,Credit Cards,Fraud,High,2026-08-02,20,15,Breached,In Progress
ISSUE-89720,Investment Banking,Sanctions,Medium,2026-05-03,111,30,Breached,Open
ISSUE-85395,Credit Cards,AML,High,2026-05-03,7,15,On-Track,Closed
ISSUE-78002,Corporate Banking,Fraud,High,2026-05-10,104,15,Breached,In Progress
ISSUE-23873,Corporate Banking,Transaction Monitoring,High,2026-06-30,53,15,Breached,In Progress
ISSUE-35661,Credit Cards,Fraud,Medium,2026-06-18,65,30,Breached,Open
ISSUE-24519,Wealth Management,Fraud,High,2026-06-19,64,15,Breached,Open
ISSUE-54673,Investment Banking,AML,High,2026-05-28,86,15,Breached,In Progress
ISSUE-34348,Retail Banking,Fraud,Low,2026-08-14,7,60,On-Track,Closed
ISSUE-76087,Corporate Banking,Fraud,Low,2026-08-13,34,60,On-Track,Closed
ISSUE-96726,Wealth Management,KYC,Medium,2026-04-27,117,30,Breached,Open
ISSUE-42629,Corporate Banking,Transaction Monitoring,High,2026-05-29,85,15,Breached,In Progress
ISSUE-10842,Credit Cards,Sanctions,High,2026-08-14,8,15,On-Track,In Progress
ISSUE-57871,Corporate Banking,Sanctions,Medium,2026-07-24,11,30,On-Track,Closed
ISSUE-41379,Investment Banking,AML,High,2026-05-21,15,15,On-Track,Closed
ISSUE-43388,Corporate Banking,KYC,High,2026-05-05,17,15,Breached,Closed
ISSUE-75656,Retail Banking,Transaction Monitoring,Medium,2026-06-09,12,30,On-Track,Closed
ISSUE-61589,Wealth Management,Sanctions,High,2026-05-14,12,15,On-Track,Closed
ISSUE-90116,Wealth Management,Fraud,Low,2026-06-17,66,60,Breached,Open
ISSUE-82115,Investment Banking,Fraud,Low,2026-06-24,59,60,On-Track,Open
ISSUE-45629,Retail Banking,Fraud,Medium,2026-04-26,18,30,On-Track,Closed
ISSUE-32219,Corporate Banking,AML,High,2026-06-11,1,15,On-Track,Closed
ISSUE-55348,Retail Banking,Fraud,Low,2026-06-20,63,60,Breached,In Progress
ISSUE-83574,Wealth Management,Transaction Monitoring,Medium,2026-07-24,29,30,On-Track,In Progress
ISSUE-84309,Wealth Management,Fraud,High,2026-07-24,29,15,Breached,Open
ISSUE-42913,Credit Cards,KYC,High,2026-07-24,19,15,Breached,Closed
ISSUE-32802,Retail Banking,Sanctions,High,2026-08-01,1,15,On-Track,Closed
ISSUE-88693,Retail Banking,Fraud,Low,2026-05-07,21,60,On-Track,Closed
ISSUE-79841,Wealth Management,Sanctions,Medium,2026-06-08,20,30,On-Track,Closed
ISSUE-58922,Wealth Management,Fraud,Medium,2026-07-10,43,30,Breached,In Progress
ISSUE-41621,Retail Banking,Fraud,High,2026-08-10,12,15,On-Track,Open
ISSUE-79369,Credit Cards,Transaction Monitoring,High,2026-07-31,22,15,Breached,In Progress
ISSUE-33686,Retail Banking,Sanctions,Medium,2026-07-02,29,30,On-Track,Closed
ISSUE-37223,Retail Banking,AML,Low,2026-07-07,46,60,On-Track,In Progress
ISSUE-61695,Credit Cards,Transaction Monitoring,High,2026-07-07,13,15,On-Track,Closed
ISSUE-24845,Investment Banking,Fraud,Low,2026-07-18,35,60,On-Track,In Progress
ISSUE-60360,Corporate Banking,Transaction Monitoring,Low,2026-06-15,68,60,Breached,In Progress
ISSUE-83290,Investment Banking,Fraud,Medium,2026-08-01,35,30,Breached,Closed
ISSUE-81184,Wealth Management,KYC,Medium,2026-04-26,20,30,On-Track,Closed
ISSUE-41009,Credit Cards,Fraud,Low,2026-07-21,32,60,On-Track,Open
ISSUE-22564,Credit Cards,Fraud,Medium,2026-06-12,28,30,On-Track,Closed
ISSUE-91755,Retail Banking,Fraud,Low,2026-05-12,102,60,Breached,Open
ISSUE-57778,Credit Cards,AML,High,2026-05-06,14,15,On-Track,Closed
ISSUE-64648,Retail Banking,Sanctions,Medium,2026-06-11,72,30,Breached,Open
ISSUE-22665,Investment Banking,AML,High,2026-07-12,41,15,Breached,In Progress
ISSUE-69281,Retail Banking,Transaction Monitoring,High,2026-07-06,47,15,Breached,In Progress
ISSUE-18810,Credit Cards,KYC,High,2026-05-06,2,15,On-Track,Closed
ISSUE-52991,Corporate Banking,AML,Low,2026-06-23,60,60,On-Track,Open
ISSUE-77534,Wealth Management,Fraud,Medium,2026-08-21,1,30,On-Track,Open
ISSUE-50644,Credit Cards,Transaction Monitoring,Low,2026-05-29,22,60,On-Track,Closed
ISSUE-27653,Corporate Banking,KYC,High,2026-07-26,27,15,Breached,Open
ISSUE-24955,Credit Cards,Sanctions,Medium,2026-04-24,30,30,On-Track,Closed
ISSUE-54488,Corporate Banking,Transaction Monitoring,Low,2026-08-21,45,60,On-Track,Closed
ISSUE-24278,Credit Cards,Sanctions,High,2026-08-21,1,15,On-Track,Open
ISSUE-97741,Wealth Management,Sanctions,Low,2026-05-29,85,60,Breached,In Progress
ISSUE-54726,Investment Banking,Transaction Monitoring,High,2026-08-02,20,15,Breached,Open
ISSUE-26385,Investment Banking,Sanctions,Low,2026-05-05,2,60,On-Track,Closed
ISSUE-68566,Credit Cards,KYC,Low,2026-05-17,97,60,Breached,Open
ISSUE-13249,Credit Cards,AML,Medium,2026-07-27,5,30,On-Track,Closed
ISSUE-10477,Credit Cards,KYC,Medium,2026-05-22,92,30,Breached,Open
ISSUE-18957,Corporate Banking,Transaction Monitoring,Low,2026-05-24,90,60,Breached,Open
ISSUE-57320,Corporate Banking,AML,Low,2026-06-13,70,60,Breached,In Progress
ISSUE-78430,Retail Banking,Transaction Monitoring,Low,2026-07-04,43,60,On-Track,Closed
ISSUE-48989,Investment Banking,Sanctions,Medium,2026-06-24,59,30,Breached,Open
ISSUE-97563,Retail Banking,Transaction Monitoring,High,2026-08-05,17,15,Breached,Open
ISSUE-90704,Investment Banking,KYC,Low,2026-05-07,107,60,Breached,Open
ISSUE-60956,Wealth Management,KYC,Low,2026-07-05,48,60,On-Track,In Progress
ISSUE-57129,Wealth Management,Fraud,High,2026-06-21,62,15,Breached,In Progress
ISSUE-19802,Corporate Banking,KYC,Low,2026-07-31,22,60,On-Track,Open
ISSUE-37481,Corporate Banking,Transaction Monitoring,Low,2026-04-29,115,60,Breached,Open
ISSUE-84123,Retail Banking,Sanctions,Medium,2026-07-31,22,30,On-Track,Open
ISSUE-53366,Corporate Banking,AML,Low,2026-06-02,2,60,On-Track,Closed
ISSUE-51994,Retail Banking,Fraud,Low,2026-07-24,15,60,On-Track,Closed
ISSUE-43724,Investment Banking,Sanctions,High,2026-05-13,13,15,On-Track,Closed
ISSUE-96106,Credit Cards,Sanctions,Medium,2026-07-20,33,30,Breached,In Progress
ISSUE-63659,Credit Cards,Fraud,Medium,2026-06-25,58,30,Breached,In Progress
ISSUE-90885,Retail Banking,KYC,High,2026-06-29,13,15,On-Track,Closed
ISSUE-52751,Credit Cards,Sanctions,High,2026-07-01,11,15,On-Track,Closed
ISSUE-53277,Credit Cards,KYC,Medium,2026-07-06,22,30,On-Track,Closed
ISSUE-10705,Credit Cards,Transaction Monitoring,Low,2026-08-02,20,60,On-Track,Open
ISSUE-67588,Investment Banking,AML,High,2026-08-03,19,15,Breached,In Progress
ISSUE-24074,Corporate Banking,Sanctions,Low,2026-08-12,38,60,On-Track,Closed
ISSUE-32727,Credit Cards,Fraud,Low,2026-08-16,6,60,On-Track,Open
ISSUE-54325,Corporate Banking,AML,High,2026-08-17,5,15,On-Track,In Progress
ISSUE-77595,Credit Cards,KYC,Medium,2026-05-02,112,30,Breached,In Progress
ISSUE-18047,Investment Banking,KYC,High,2026-05-14,19,15,Breached,Closed
ISSUE-64374,Credit Cards,KYC,Medium,2026-05-27,20,30,On-Track,Closed
ISSUE-35427,Investment Banking,AML,Medium,2026-06-14,69,30,Breached,In Progress
ISSUE-95472,Credit Cards,Fraud,Medium,2026-04-24,120,30,Breached,Open
ISSUE-50175,Wealth Management,Fraud,Low,2026-08-16,6,60,On-Track,Open
ISSUE-26406,Credit Cards,Transaction Monitoring,Medium,2026-06-18,65,30,Breached,In Progress
ISSUE-73342,Retail Banking,KYC,Medium,2026-06-20,63,30,Breached,Open
ISSUE-55142,Wealth Management,Transaction Monitoring,High,2026-07-26,27,15,Breached,Open
ISSUE-60476,Credit Cards,AML,Low,2026-05-08,106,60,Breached,Open
ISSUE-49229,Credit Cards,Transaction Monitoring,Medium,2026-04-29,115,30,Breached,Open
ISSUE-74316,Corporate Banking,Transaction Monitoring,Low,2026-05-18,61,60,Breached,Closed
ISSUE-98811,Investment Banking,KYC,Medium,2026-05-09,105,30,Breached,Open
ISSUE-71987,Wealth Management,AML,Medium,2026-07-21,32,30,Breached,Open
ISSUE-51291,Credit Cards,Fraud,Medium,2026-07-03,50,30,Breached,In Progress
ISSUE-69763,Retail Banking,KYC,Medium,2026-06-27,56,30,Breached,Open
ISSUE-76778,Investment Banking,Transaction Monitoring,Medium,2026-05-01,113,30,Breached,Open
ISSUE-98045,Wealth Management,Transaction Monitoring,Low,2026-05-11,39,60,On-Track,Closed
ISSUE-73701,Retail Banking,Sanctions,High,2026-07-19,19,15,Breached,Closed
ISSUE-31648,Credit Cards,AML,Low,2026-07-07,46,60,On-Track,In Progress
ISSUE-44907,Investment Banking,Sanctions,Low,2026-07-06,36,60,On-Track,Closed
ISSUE-32759,Corporate Banking,Transaction Monitoring,Medium,2026-08-16,6,30,On-Track,Open
ISSUE-71005,Wealth Management,Fraud,Low,2026-05-18,96,60,Breached,In Progress
ISSUE-31614,Retail Banking,Sanctions,High,2026-05-04,14,15,On-Track,Closed
ISSUE-79756,Investment Banking,Transaction Monitoring,Medium,2026-06-22,61,30,Breached,Open
ISSUE-61387,Corporate Banking,AML,Medium,2026-06-18,65,30,Breached,In Progress
ISSUE-17215,Credit Cards,Sanctions,Medium,2026-07-12,41,30,Breached,In Progress
ISSUE-16900,Investment Banking,Transaction Monitoring,Medium,2026-06-01,28,30,On-Track,Closed
ISSUE-25030,Corporate Banking,AML,Medium,2026-07-21,22,30,On-Track,Closed
ISSUE-11342,Retail Banking,Transaction Monitoring,Low,2026-08-11,11,60,On-Track,Open
ISSUE-48038,Credit Cards,Transaction Monitoring,Low,2026-07-30,17,60,On-Track,Closed
ISSUE-98591,Corporate Banking,Transaction Monitoring,Low,2026-08-19,47,60,On-Track,Closed
ISSUE-97933,Retail Banking,Fraud,Low,2026-08-14,37,60,On-Track,Closed
ISSUE-56808,Retail Banking,AML,High,2026-07-18,35,15,Breached,Open
ISSUE-61858,Retail Banking,Fraud,High,2026-05-30,5,15,On-Track,Closed
ISSUE-26891,Credit Cards,AML,Medium,2026-05-29,85,30,Breached,Open
ISSUE-85926,Credit Cards,KYC,High,2026-05-28,86,15,Breached,Open
ISSUE-89634,Wealth Management,Transaction Monitoring,Medium,2026-05-01,113,30,Breached,In Progress
ISSUE-62404,Retail Banking,Transaction Monitoring,High,2026-06-14,69,15,Breached,In Progress
ISSUE-90968,Corporate Banking,AML,High,2026-06-20,12,15,On-Track,Closed
ISSUE-96478,Credit Cards,Fraud,Low,2026-08-10,33,60,On-Track,Closed
ISSUE-80795,Wealth Management,Transaction Monitoring,Medium,2026-05-19,95,30,Breached,In Progress
ISSUE-26913,Corporate Banking,KYC,Low,2026-05-14,8,60,On-Track,Closed
ISSUE-76528,Investment Banking,AML,Low,2026-07-25,28,60,On-Track,In Progress
ISSUE-72735,Wealth Management,AML,Medium,2026-07-14,39,30,Breached,In Progress
ISSUE-21137,Credit Cards,Transaction Monitoring,Medium,2026-06-28,30,30,On-Track,Closed
ISSUE-90502,Investment Banking,AML,High,2026-07-18,35,15,Breached,Open
ISSUE-18914,Retail Banking,KYC,Low,2026-07-01,52,60,On-Track,Open
ISSUE-44224,Corporate Banking,Fraud,Low,2026-06-01,82,60,Breached,Open
ISSUE-11504,Wealth Management,AML,High,2026-07-18,5,15,On-Track,Closed
ISSUE-10076,Investment Banking,Fraud,Low,2026-05-26,88,60,Breached,In Progress
ISSUE-60151,Investment Banking,Sanctions,High,2026-07-02,51,15,Breached,Open
ISSUE-41191,Retail Banking,Fraud,Low,2026-07-10,43,60,On-Track,In Progress
ISSUE-49831,Credit Cards,KYC,High,2026-06-02,14,15,On-Track,Closed
ISSUE-16974,Wealth Management,KYC,Low,2026-06-24,59,60,On-Track,Open
ISSUE-78943,Wealth Management,AML,Low,2026-08-18,4,60,On-Track,Open
ISSUE-55176,Credit Cards,Transaction Monitoring,Medium,2026-07-15,38,30,Breached,In Progress
ISSUE-40991,Retail Banking,Fraud,Low,2026-05-12,102,60,Breached,Open
ISSUE-27420,Wealth Management,KYC,Low,2026-08-01,21,60,On-Track,In Progress
ISSUE-84449,Investment Banking,KYC,Medium,2026-05-25,23,30,On-Track,Closed
ISSUE-13377,Investment Banking,Fraud,Low,2026-08-16,6,60,On-Track,Open
ISSUE-15578,Investment Banking,Transaction Monitoring,Medium,2026-05-23,91,30,Breached,Open
ISSUE-79726,Wealth Management,AML,Medium,2026-05-22,28,30,On-Track,Closed
ISSUE-44978,Corporate Banking,AML,Low,2026-07-19,34,60,On-Track,In Progress
ISSUE-71029,Credit Cards,KYC,High,2026-05-19,95,15,Breached,In Progress
ISSUE-17379,Credit Cards,Transaction Monitoring,Medium,2026-05-30,84,30,Breached,In Progress
ISSUE-81878,Corporate Banking,Sanctions,High,2026-06-12,71,15,Breached,In Progress
ISSUE-87870,Retail Banking,AML,High,2026-07-27,26,15,Breached,Open
ISSUE-33322,Investment Banking,Transaction Monitoring,High,2026-06-18,65,15,Breached,In Progress
ISSUE-59883,Investment Banking,AML,Low,2026-07-16,37,60,On-Track,Open
ISSUE-47024,Investment Banking,AML,Medium,2026-05-12,9,30,On-Track,Closed
ISSUE-51025,Corporate Banking,Transaction Monitoring,Medium,2026-06-21,62,30,Breached,In Progress
ISSUE-41418,Credit Cards,AML,Low,2026-07-21,32,60,On-Track,Open
ISSUE-56203,Retail Banking,Sanctions,Low,2026-06-09,74,60,Breached,Open
ISSUE-75716,Retail Banking,Sanctions,Low,2026-08-18,4,60,On-Track,Open
ISSUE-25762,Investment Banking,Transaction Monitoring,Medium,2026-08-12,10,30,On-Track,In Progress
ISSUE-98398,Credit Cards,Fraud,High,2026-07-20,33,15,Breached,Open
ISSUE-10384,Corporate Banking,KYC,High,2026-06-30,53,15,Breached,In Progress
ISSUE-71562,Corporate Banking,KYC,Low,2026-05-20,14,60,On-Track,Closed
ISSUE-44451,Corporate Banking,Sanctions,Medium,2026-08-07,15,30,On-Track,Open
ISSUE-35237,Investment Banking,Sanctions,High,2026-07-29,24,15,Breached,Open
ISSUE-22827,Wealth Management,AML,High,2026-05-22,92,15,Breached,Open
ISSUE-92406,Investment Banking,Fraud,Low,2026-06-02,37,60,On-Track,Closed
ISSUE-44730,Wealth Management,AML,Low,2026-05-20,94,60,Breached,Open
ISSUE-31737,Corporate Banking,Sanctions,Low,2026-05-03,111,60,Breached,In Progress
ISSUE-62041,Investment Banking,AML,Medium,2026-04-26,118,30,Breached,In Progress
ISSUE-72853,Retail Banking,Sanctions,Low,2026-07-26,27,60,On-Track,In Progress
ISSUE-77998,Investment Banking,Transaction Monitoring,Medium,2026-05-11,16,30,On-Track,Closed
ISSUE-68704,Investment Banking,Transaction Monitoring,Low,2026-05-12,102,60,Breached,In Progress
ISSUE-69265,Wealth Management,Transaction Monitoring,Medium,2026-07-28,25,30,On-Track,In Progress
ISSUE-40077,Investment Banking,AML,High,2026-08-19,19,15,Breached,Closed
ISSUE-42314,Corporate Banking,Sanctions,Medium,2026-07-09,44,30,Breached,Open
ISSUE-42718,Wealth Management,KYC,High,2026-05-14,100,15,Breached,In Progress
ISSUE-38118,Retail Banking,KYC,Low,2026-05-10,51,60,On-Track,Closed
ISSUE-33573,Wealth Management,Fraud,High,2026-07-27,26,15,Breached,In Progress
ISSUE-13791,Investment Banking,KYC,Low,2026-07-01,42,60,On-Track,Closed
ISSUE-73827,Investment Banking,AML,High,2026-07-07,46,15,Breached,In Progress
ISSUE-22525,Investment Banking,AML,Low,2026-07-26,27,60,On-Track,In Progress
ISSUE-51043,Wealth Management,Sanctions,High,2026-05-11,6,15,On-Track,Closed
ISSUE-13451,Corporate Banking,Fraud,Low,2026-07-24,29,60,On-Track,Open
ISSUE-22857,Retail Banking,Fraud,Medium,2026-05-26,88,30,Breached,Open
ISSUE-67055,Credit Cards,Sanctions,High,2026-08-03,19,15,Breached,In Progress
ISSUE-90119,Wealth Management,KYC,Low,2026-07-14,39,60,On-Track,In Progress
ISSUE-49069,Wealth Management,AML,High,2026-05-04,110,15,Breached,Open
ISSUE-10784,Retail Banking,Transaction Monitoring,Low,2026-07-02,8,60,On-Track,Closed
ISSUE-62737,Corporate Banking,Transaction Monitoring,Medium,2026-05-27,12,30,On-Track,Closed
ISSUE-99417,Credit Cards,AML,Low,2026-08-17,5,60,On-Track,Open
ISSUE-23823,Corporate Banking,Transaction Monitoring,Medium,2026-07-19,34,30,Breached,Open
ISSUE-33535,Retail Banking,AML,High,2026-05-08,19,15,Breached,Closed
ISSUE-63577,Investment Banking,Transaction Monitoring,Low,2026-06-26,57,60,On-Track,In Progress
ISSUE-34485,Credit Cards,Transaction Monitoring,Low,2026-07-21,34,60,On-Track,Closed
ISSUE-23984,Retail Banking,KYC,Low,2026-06-07,7,60,On-Track,Closed
ISSUE-25573,Investment Banking,Fraud,Medium,2026-06-22,20,30,On-Track,Closed
ISSUE-96980,Retail Banking,Transaction Monitoring,High,2026-05-01,17,15,Breached,Closed
ISSUE-16585,Corporate Banking,Transaction Monitoring,Medium,2026-08-03,34,30,Breached,Closed
ISSUE-19833,Credit Cards,KYC,Low,2026-08-14,8,60,On-Track,Open
ISSUE-67190,Retail Banking,KYC,High,2026-05-31,10,15,On-Track,Closed
ISSUE-67786,Credit Cards,Fraud,Medium,2026-05-11,5,30,On-Track,Closed
ISSUE-69038,Retail Banking,Transaction Monitoring,High,2026-05-03,19,15,Breached,Closed
ISSUE-67271,Corporate Banking,AML,High,2026-07-15,3,15,On-Track,Closed
ISSUE-67301,Wealth Management,Transaction Monitoring,High,2026-07-18,35,15,Breached,Open
ISSUE-29035,Wealth Management,Transaction Monitoring,Low,2026-05-24,43,60,On-Track,Closed
ISSUE-80674,Investment Banking,Transaction Monitoring,Low,2026-06-19,10,60,On-Track,Closed
ISSUE-95966,Corporate Banking,KYC,Low,2026-05-23,28,60,On-Track,Closed
ISSUE-45612,Credit Cards,Fraud,Low,2026-05-19,95,60,Breached,In Progress
ISSUE-98734,Credit Cards,Fraud,Low,2026-08-07,15,60,On-Track,In Progress
ISSUE-57684,Credit Cards,Transaction Monitoring,Medium,2026-07-27,26,30,On-Track,In Progress
ISSUE-67597,Corporate Banking,Transaction Monitoring,Low,2026-07-18,35,60,On-Track,In Progress
ISSUE-36189,Corporate Banking,Transaction Monitoring,Low,2026-06-25,35,60,On-Track,Closed
ISSUE-58061,Investment Banking,Fraud,High,2026-07-13,6,15,On-Track,Closed
ISSUE-35445,Investment Banking,AML,High,2026-07-01,11,15,On-Track,Closed
ISSUE-64300,Wealth Management,KYC,Medium,2026-06-23,30,30,On-Track,Closed
ISSUE-83191,Retail Banking,Fraud,Medium,2026-08-06,26,30,On-Track,Closed
ISSUE-85870,Credit Cards,Fraud,High,2026-07-27,5,15,On-Track,Closed
ISSUE-21445,Corporate Banking,Sanctions,Medium,2026-04-30,114,30,Breached,Open
ISSUE-19935,Wealth Management,AML,Medium,2026-05-18,33,30,Breached,Closed
ISSUE-56224,Credit Cards,Fraud,High,2026-06-18,7,15,On-Track,Closed
ISSUE-97073,Investment Banking,KYC,High,2026-07-14,6,15,On-Track,Closed
ISSUE-33729,Corporate Banking,KYC,High,2026-04-25,7,15,On-Track,Closed
ISSUE-30670,Investment Banking,Transaction Monitoring,Medium,2026-05-17,97,30,Breached,In Progress
ISSUE-29336,Investment Banking,KYC,Low,2026-05-07,107,60,Breached,In Progress
ISSUE-22267,Investment Banking,Sanctions,Low,2026-06-18,53,60,On-Track,Closed
ISSUE-22736,Credit Cards,AML,Low,2026-07-22,31,60,On-Track,Open
ISSUE-93702,Retail Banking,KYC,Low,2026-07-22,7,60,On-Track,Closed
ISSUE-64843,Corporate Banking,Sanctions,Medium,2026-05-29,85,30,Breached,In Progress
ISSUE-82574,Corporate Banking,Transaction Monitoring,High,2026-06-21,62,15,Breached,Open
ISSUE-59979,Investment Banking,Fraud,Medium,2026-08-06,16,30,On-Track,Open
ISSUE-20058,Wealth Management,Sanctions,High,2026-07-24,29,15,Breached,Open
ISSUE-43662,Retail Banking,Fraud,Low,2026-06-21,62,60,Breached,Open
ISSUE-64426,Wealth Management,Sanctions,High,2026-06-28,55,15,Breached,Open
ISSUE-98829,Wealth Management,Sanctions,Medium,2026-08-21,1,30,On-Track,In Progress
ISSUE-95802,Wealth Management,Fraud,Low,2026-07-31,54,60,On-Track,Closed
ISSUE-31419,Credit Cards,AML,Low,2026-07-05,48,60,On-Track,Open
ISSUE-62355,Retail Banking,Fraud,Low,2026-05-07,107,60,Breached,Open
ISSUE-35813,Retail Banking,Fraud,Low,2026-06-18,65,60,Breached,In Progress
ISSUE-33062,Wealth Management,KYC,Low,2026-05-31,60,60,On-Track,Closed
ISSUE-41195,Corporate Banking,Transaction Monitoring,Medium,2026-08-17,33,30,Breached,Closed
ISSUE-63556,Corporate Banking,AML,Medium,2026-07-16,37,30,Breached,In Progress
ISSUE-45966,Credit Cards,KYC,High,2026-05-04,110,15,Breached,In Progress
ISSUE-39137,Credit Cards,KYC,High,2026-08-17,19,15,Breached,Closed
ISSUE-82804,Corporate Banking,Transaction Monitoring,Low,2026-06-19,64,60,Breached,In Progress
ISSUE-19531,Credit Cards,Transaction Monitoring,Medium,2026-08-01,21,30,On-Track,Open
ISSUE-11845,Retail Banking,Transaction Monitoring,Medium,2026-06-29,54,30,Breached,In Progress
ISSUE-12269,Credit Cards,Fraud,Medium,2026-07-28,25,30,On-Track,Open
ISSUE-99994,Retail Banking,Fraud,Low,2026-08-01,21,60,On-Track,Open
ISSUE-31896,Investment Banking,Transaction Monitoring,Medium,2026-05-02,17,30,On-Track,Closed
ISSUE-20382,Credit Cards,Transaction Monitoring,Low,2026-06-05,78,60,Breached,Open
ISSUE-70751,Corporate Banking,AML,Medium,2026-05-13,31,30,Breached,Closed
ISSUE-70896,Wealth Management,AML,Medium,2026-05-31,83,30,Breached,Open
ISSUE-56647,Investment Banking,Sanctions,High,2026-05-01,113,15,Breached,In Progress
ISSUE-80620,Corporate Banking,Transaction Monitoring,High,2026-08-14,4,15,On-Track,Closed
ISSUE-25991,Corporate Banking,KYC,High,2026-08-10,19,15,Breached,Closed
ISSUE-23462,Retail Banking,Transaction Monitoring,Medium,2026-08-16,6,30,On-Track,Open
ISSUE-67917,Investment Banking,Fraud,Medium,2026-05-27,87,30,Breached,Open
ISSUE-31699,Investment Banking,AML,Low,2026-06-24,18,60,On-Track,Closed
ISSUE-79757,Credit Cards,Sanctions,High,2026-06-14,69,15,Breached,Open
ISSUE-29190,Retail Banking,AML,Low,2026-08-12,17,60,On-Track,Closed
ISSUE-71884,Retail Banking,Fraud,Medium,2026-05-08,10,30,On-Track,Closed
ISSUE-61173,Corporate Banking,Fraud,Low,2026-05-12,9,60,On-Track,Closed
ISSUE-18463,Credit Cards,KYC,Low,2026-06-23,49,60,On-Track,Closed
ISSUE-85880,Wealth Management,Transaction Monitoring,High,2026-05-08,106,15,Breached,In Progress
ISSUE-68493,Credit Cards,AML,High,2026-05-20,94,15,Breached,Open
ISSUE-44135,Retail Banking,Fraud,Medium,2026-07-18,1,30,On-Track,Closed
ISSUE-48950,Credit Cards,KYC,Low,2026-08-07,15,60,On-Track,In Progress
ISSUE-29867,Corporate Banking,KYC,High,2026-06-07,13,15,On-Track,Closed
ISSUE-70639,Retail Banking,Transaction Monitoring,High,2026-06-05,78,15,Breached,In Progress
ISSUE-64143,Wealth Management,KYC,Medium,2026-06-29,9,30,On-Track,Closed
ISSUE-45407,Credit Cards,Transaction Monitoring,Low,2026-06-22,21,60,On-Track,Closed
ISSUE-44045,Corporate Banking,AML,Medium,2026-06-24,59,30,Breached,In Progress
ISSUE-69963,Corporate Banking,Fraud,Low,2026-05-14,100,60,Breached,In Progress
ISSUE-28454,Wealth Management,Sanctions,Medium,2026-05-02,112,30,Breached,Open
ISSUE-26738,Wealth Management,Sanctions,High,2026-05-28,3,15,On-Track,Closed
ISSUE-36627,Wealth Management,Transaction Monitoring,High,2026-05-20,94,15,Breached,In Progress
ISSUE-19073,Credit Cards,AML,Low,2026-08-21,1,60,On-Track,Open
ISSUE-27793,Retail Banking,Fraud,Medium,2026-08-01,21,30,On-Track,In Progress
ISSUE-87573,Investment Banking,Fraud,Low,2026-08-04,10,60,On-Track,Closed
ISSUE-20963,Credit Cards,KYC,High,2026-06-20,63,15,Breached,Open
ISSUE-73783,Investment Banking,KYC,Low,2026-06-05,78,60,Breached,In Progress
ISSUE-10386,Investment Banking,Fraud,High,2026-08-21,1,15,On-Track,Open
ISSUE-15811,Credit Cards,Fraud,Low,2026-06-29,54,60,On-Track,In Progress
ISSUE-96425,Wealth Management,Transaction Monitoring,Low,2026-04-27,45,60,On-Track,Closed
ISSUE-69175,Credit Cards,Transaction Monitoring,High,2026-05-26,10,15,On-Track,Closed
ISSUE-50068,Corporate Banking,Transaction Monitoring,High,2026-05-23,2,15,On-Track,Closed
ISSUE-32890,Investment Banking,Sanctions,High,2026-06-09,74,15,Breached,Open
ISSUE-77970,Wealth Management,AML,High,2026-06-28,6,15,On-Track,Closed
ISSUE-79402,Retail Banking,Transaction Monitoring,Low,2026-06-27,49,60,On-Track,Closed
ISSUE-62953,Wealth Management,KYC,Low,2026-06-28,55,60,On-Track,In Progress
ISSUE-61706,Wealth Management,AML,High,2026-08-08,14,15,On-Track,In Progress
ISSUE-96276,Investment Banking,KYC,Medium,2026-07-01,9,30,On-Track,Closed
ISSUE-67235,Investment Banking,Transaction Monitoring,Low,2026-07-27,13,60,On-Track,Closed
ISSUE-56477,Retail Banking,Fraud,High,2026-07-30,23,15,Breached,In Progress
ISSUE-52085,Corporate Banking,AML,Low,2026-06-03,80,60,Breached,Open
ISSUE-61662,Corporate Banking,AML,High,2026-05-11,8,15,On-Track,Closed
ISSUE-58345,Investment Banking,Sanctions,Low,2026-06-11,72,60,Breached,In Progress
ISSUE-50989,Investment Banking,KYC,Low,2026-08-20,6,60,On-Track,Closed
ISSUE-62915,Corporate Banking,Fraud,Medium,2026-05-14,100,30,Breached,Open
ISSUE-43111,Retail Banking,Sanctions,High,2026-08-18,4,15,On-Track,In Progress
ISSUE-19082,Credit Cards,Fraud,Low,2026-08-07,15,60,On-Track,In Progress
ISSUE-39305,Wealth Management,Fraud,Medium,2026-06-22,14,30,On-Track,Closed
ISSUE-78309,Wealth Management,AML,Medium,2026-07-05,26,30,On-Track,Closed
ISSUE-67363,Retail Banking,AML,Medium,2026-05-24,90,30,Breached,In Progress
ISSUE-57065,Corporate Banking,Fraud,High,2026-05-20,94,15,Breached,Open
ISSUE-42375,Investment Banking,AML,Medium,2026-07-17,36,30,Breached,Open
ISSUE-93748,Credit Cards,Sanctions,Low,2026-05-05,109,60,Breached,Open
ISSUE-81950,Corporate Banking,Fraud,High,2026-07-12,41,15,Breached,In Progress
ISSUE-56868,Corporate Banking,AML,High,2026-08-08,14,15,On-Track,In Progress
ISSUE-48215,Investment Banking,Fraud,Low,2026-06-15,68,60,Breached,Open
ISSUE-66388,Corporate Banking,Sanctions,Low,2026-05-05,56,60,On-Track,Closed
ISSUE-75806,Credit Cards,Sanctions,High,2026-07-05,16,15,Breached,Closed
ISSUE-13920,Retail Banking,Transaction Monitoring,High,2026-07-14,14,15,On-Track,Closed
ISSUE-44487,Wealth Management,Transaction Monitoring,Low,2026-05-04,110,60,Breached,In Progress
ISSUE-33630,Credit Cards,Fraud,High,2026-07-20,33,15,Breached,In Progress
ISSUE-92018,Corporate Banking,Sanctions,Medium,2026-05-06,11,30,On-Track,Closed
ISSUE-69460,Credit Cards,AML,High,2026-08-01,21,15,Breached,Open
ISSUE-47755,Wealth Management,KYC,High,2026-04-25,15,15,On-Track,Closed
ISSUE-75998,Credit Cards,Sanctions,Medium,2026-05-11,30,30,On-Track,Closed
ISSUE-41503,Corporate Banking,Fraud,Low,2026-08-19,3,60,On-Track,In Progress
ISSUE-26952,Investment Banking,KYC,Medium,2026-05-06,8,30,On-Track,Closed
ISSUE-81552,Investment Banking,AML,Medium,2026-05-27,87,30,Breached,In Progress
ISSUE-59681,Investment Banking,Fraud,High,2026-05-15,6,15,On-Track,Closed
ISSUE-14164,Credit Cards,Sanctions,High,2026-06-01,82,15,Breached,In Progress
ISSUE-68268,Retail Banking,Sanctions,High,2026-05-08,106,15,Breached,Open
ISSUE-94451,Credit Cards,Transaction Monitoring,Medium,2026-04-24,120,30,Breached,In Progress
ISSUE-43169,Wealth Management,AML,Low,2026-06-21,23,60,On-Track,Closed
ISSUE-52205,Retail Banking,Fraud,Low,2026-05-23,91,60,Breached,In Progress
ISSUE-73195,Wealth Management,Fraud,Low,2026-06-20,51,60,On-Track,Closed
ISSUE-17680,Retail Banking,AML,Medium,2026-07-10,43,30,Breached,Open
ISSUE-42605,Corporate Banking,AML,High,2026-05-21,93,15,Breached,In Progress
ISSUE-26549,Investment Banking,KYC,Medium,2026-04-24,120,30,Breached,In Progress
ISSUE-47578,Investment Banking,KYC,High,2026-08-04,18,15,Breached,In Progress
ISSUE-68419,Investment Banking,Transaction Monitoring,Medium,2026-06-20,63,30,Breached,Open
ISSUE-76079,Investment Banking,Sanctions,Medium,2026-05-15,14,30,On-Track,Closed
ISSUE-25416,Retail Banking,Sanctions,Medium,2026-05-22,7,30,On-Track,Closed
ISSUE-32475,Wealth Management,AML,High,2026-06-26,57,15,Breached,Open
ISSUE-30835,Retail Banking,Transaction Monitoring,High,2026-08-18,17,15,Breached,Closed
ISSUE-92541,Wealth Management,AML,High,2026-06-28,1,15,On-Track,Closed
ISSUE-29354,Corporate Banking,KYC,Medium,2026-05-27,87,30,Breached,Open
ISSUE-34989,Credit Cards,Transaction Monitoring,Low,2026-06-25,58,60,On-Track,In Progress
ISSUE-27089,Credit Cards,AML,High,2026-06-18,65,15,Breached,In Progress
ISSUE-99320,Wealth Management,Transaction Monitoring,Medium,2026-05-27,87,30,Breached,In Progress
ISSUE-64851,Corporate Banking,KYC,Medium,2026-06-15,21,30,On-Track,Closed
ISSUE-87477,Retail Banking,Fraud,Low,2026-06-30,53,60,On-Track,Open
ISSUE-34920,Credit Cards,AML,Medium,2026-05-22,33,30,Breached,Closed
ISSUE-23500,Credit Cards,KYC,Medium,2026-06-23,60,30,Breached,Open
ISSUE-85396,Wealth Management,AML,Low,2026-05-27,87,60,Breached,In Progress
ISSUE-91912,Wealth Management,Sanctions,Medium,2026-05-21,2,30,On-Track,Closed
ISSUE-30479,Wealth Management,AML,Low,2026-06-15,55,60,On-Track,Closed
ISSUE-97020,Investment Banking,Transaction Monitoring,Medium,2026-07-05,9,30,On-Track,Closed
ISSUE-56118,Wealth Management,Transaction Monitoring,High,2026-06-06,77,15,Breached,Open
ISSUE-99581,Credit Cards,Fraud,Medium,2026-06-11,72,30,Breached,Open
ISSUE-15760,Corporate Banking,AML,High,2026-06-04,79,15,Breached,Open
ISSUE-57109,Retail Banking,Transaction Monitoring,Low,2026-06-07,76,60,Breached,In Progress
ISSUE-72027,Credit Cards,Sanctions,Medium,2026-08-16,6,30,On-Track,Open
ISSUE-29292,Retail Banking,Fraud,Low,2026-06-29,22,60,On-Track,Closed
ISSUE-19600,Retail Banking,Transaction Monitoring,Medium,2026-07-08,45,30,Breached,In Progress
ISSUE-31910,Credit Cards,Sanctions,High,2026-05-11,12,15,On-Track,Closed
ISSUE-39643,Investment Banking,Fraud,Medium,2026-07-21,34,30,Breached,Closed
ISSUE-16599,Investment Banking,Sanctions,Low,2026-06-22,61,60,Breached,Open
ISSUE-67512,Investment Banking,AML,Low,2026-06-12,71,60,Breached,Open
ISSUE-94628,Credit Cards,AML,High,2026-05-26,7,15,On-Track,Closed
ISSUE-72767,Corporate Banking,Sanctions,Low,2026-08-09,13,60,On-Track,In Progress
ISSUE-52577,Wealth Management,Transaction Monitoring,Medium,2026-06-24,59,30,Breached,Open
ISSUE-49726,Retail Banking,Transaction Monitoring,Medium,2026-04-30,7,30,On-Track,Closed
ISSUE-78915,Wealth Management,KYC,Medium,2026-05-01,113,30,Breached,In Progress
ISSUE-87983,Corporate Banking,AML,Low,2026-07-29,24,60,On-Track,Open
ISSUE-37802,Investment Banking,KYC,Low,2026-05-18,96,60,Breached,In Progress
ISSUE-97530,Investment Banking,AML,High,2026-06-17,7,15,On-Track,Closed
ISSUE-19591,Corporate Banking,Sanctions,Medium,2026-07-30,23,30,On-Track,In Progress
ISSUE-69852,Credit Cards,KYC,Low,2026-06-02,4,60,On-Track,Closed
ISSUE-39397,Credit Cards,Transaction Monitoring,Low,2026-07-11,42,60,On-Track,In Progress
ISSUE-82348,Credit Cards,KYC,Low,2026-07-27,26,60,On-Track,In Progress
ISSUE-21934,Credit Cards,AML,Medium,2026-06-22,61,30,Breached,In Progress
ISSUE-79663,Corporate Banking,AML,Medium,2026-05-14,17,30,On-Track,Closed
ISSUE-67937,Corporate Banking,Sanctions,Medium,2026-05-17,97,30,Breached,In Progress
ISSUE-72324,Credit Cards,Transaction Monitoring,Medium,2026-06-06,77,30,Breached,In Progress
ISSUE-83322,Retail Banking,Transaction Monitoring,Medium,2026-05-18,96,30,Breached,In Progress
ISSUE-67346,Corporate Banking,KYC,High,2026-05-19,95,15,Breached,Open
ISSUE-57509,Investment Banking,KYC,Low,2026-08-04,5,60,On-Track,Closed
ISSUE-96608,Credit Cards,AML,High,2026-07-13,40,15,Breached,Open
ISSUE-56065,Wealth Management,Sanctions,Low,2026-05-16,14,60,On-Track,Closed
ISSUE-61449,Retail Banking,AML,High,2026-06-17,66,15,Breached,Open
ISSUE-12543,Corporate Banking,Transaction Monitoring,Low,2026-06-15,68,60,Breached,Open
ISSUE-64727,Wealth Management,Transaction Monitoring,Low,2026-06-13,70,60,Breached,In Progress
ISSUE-80172,Retail Banking,Transaction Monitoring,High,2026-05-25,89,15,Breached,Open
ISSUE-64004,Corporate Banking,Sanctions,Medium,2026-08-03,19,30,On-Track,In Progress
ISSUE-13551,Retail Banking,Fraud,High,2026-08-06,8,15,On-Track,Closed
ISSUE-88795,Corporate Banking,KYC,Low,2026-06-06,48,60,On-Track,Closed
ISSUE-94303,Investment Banking,Transaction Monitoring,High,2026-07-02,51,15,Breached,In Progress
ISSUE-62583,Retail Banking,Sanctions,Low,2026-04-27,117,60,Breached,Open
ISSUE-24258,Wealth Management,Sanctions,Medium,2026-07-22,10,30,On-Track,Closed
ISSUE-79529,Wealth Management,Transaction Monitoring,High,2026-05-13,101,15,Breached,Open
ISSUE-89436,Credit Cards,Transaction Monitoring,Low,2026-06-27,56,60,On-Track,Open
ISSUE-97647,Credit Cards,Transaction Monitoring,Medium,2026-05-28,86,30,Breached,In Progress
ISSUE-36152,Wealth Management,Sanctions,Medium,2026-06-22,61,30,Breached,Open
ISSUE-35656,Corporate Banking,KYC,Medium,2026-05-04,110,30,Breached,Open
ISSUE-74753,Wealth Management,Transaction Monitoring,Low,2026-08-02,49,60,On-Track,Closed
ISSUE-52479,Credit Cards,Transaction Monitoring,Low,2026-06-24,59,60,On-Track,In Progress
ISSUE-99723,Retail Banking,Fraud,Medium,2026-07-20,33,30,Breached,Open
ISSUE-33612,Corporate Banking,Sanctions,High,2026-05-09,8,15,On-Track,Closed
ISSUE-25021,Retail Banking,Fraud,Low,2026-08-10,12,60,On-Track,Open
ISSUE-63726,Wealth Management,KYC,Low,2026-06-21,62,60,Breached,Open
ISSUE-90268,Retail Banking,Fraud,Medium,2026-07-18,35,30,Breached,In Progress
ISSUE-43027,Investment Banking,KYC,High,2026-04-26,118,15,Breached,Open
ISSUE-26437,Wealth Management,KYC,Medium,2026-07-28,35,30,Breached,Closed
ISSUE-59716,Credit Cards,Transaction Monitoring,Low,2026-05-07,107,60,Breached,Open
ISSUE-73309,Corporate Banking,AML,Low,2026-07-17,36,60,On-Track,Open
ISSUE-10958,Investment Banking,Sanctions,Low,2026-05-10,34,60,On-Track,Closed
ISSUE-66370,Wealth Management,Fraud,High,2026-06-04,79,15,Breached,Open
ISSUE-73951,Corporate Banking,KYC,High,2026-06-25,19,15,Breached,Closed
ISSUE-19372,Credit Cards,Sanctions,High,2026-04-24,120,15,Breached,Open
ISSUE-26627,Wealth Management,KYC,High,2026-07-16,20,15,Breached,Closed
ISSUE-82817,Investment Banking,Transaction Monitoring,Low,2026-08-19,8,60,On-Track,Closed
ISSUE-28204,Credit Cards,Sanctions,High,2026-05-16,98,15,Breached,Open
ISSUE-98221,Investment Banking,Sanctions,Low,2026-08-13,9,60,On-Track,In Progress
ISSUE-38148,Investment Banking,AML,Medium,2026-07-28,25,30,On-Track,Open
ISSUE-30300,Credit Cards,Fraud,Low,2026-06-09,48,60,On-Track,Closed
ISSUE-20019,Wealth Management,KYC,Low,2026-07-28,25,60,On-Track,Open
ISSUE-63620,Corporate Banking,Transaction Monitoring,Low,2026-08-15,7,60,On-Track,In Progress
ISSUE-96292,Credit Cards,Fraud,Medium,2026-08-04,12,30,On-Track,Closed
ISSUE-19881,Retail Banking,Fraud,High,2026-07-05,15,15,On-Track,Closed
ISSUE-58130,Investment Banking,KYC,Medium,2026-07-29,24,30,On-Track,In Progress
ISSUE-93124,Investment Banking,Fraud,Low,2026-05-15,99,60,Breached,In Progress
ISSUE-15208,Retail Banking,Sanctions,Low,2026-05-21,93,60,Breached,Open
ISSUE-97728,Retail Banking,Fraud,High,2026-07-14,39,15,Breached,In Progress
ISSUE-33138,Wealth Management,Sanctions,Low,2026-07-20,3,60,On-Track,Closed
ISSUE-26651,Wealth Management,AML,High,2026-05-28,86,15,Breached,Open
ISSUE-61917,Corporate Banking,AML,High,2026-08-13,9,15,On-Track,Open
ISSUE-99245,Credit Cards,Sanctions,High,2026-06-05,3,15,On-Track,Closed
ISSUE-60313,Retail Banking,Transaction Monitoring,Low,2026-07-25,28,60,On-Track,Open
ISSUE-46291,Wealth Management,Sanctions,Medium,2026-07-19,34,30,Breached,Open
ISSUE-74280,Credit Cards,Fraud,High,2026-07-04,49,15,Breached,In Progress
ISSUE-70855,Wealth Management,Fraud,High,2026-05-17,97,15,Breached,Open
ISSUE-22987,Corporate Banking,Transaction Monitoring,Medium,2026-05-07,107,30,Breached,In Progress
ISSUE-36275,Corporate Banking,Sanctions,Low,2026-05-09,105,60,Breached,In Progress
ISSUE-12438,Retail Banking,Transaction Monitoring,Medium,2026-06-13,29,30,On-Track,Closed
ISSUE-58115,Credit Cards,Fraud,High,2026-07-23,30,15,Breached,Open
ISSUE-92727,Credit Cards,Transaction Monitoring,Medium,2026-07-01,52,30,Breached,Open
ISSUE-61231,Credit Cards,AML,High,2026-06-09,19,15,Breached,Closed
ISSUE-22837,Corporate Banking,Transaction Monitoring,Medium,2026-07-07,46,30,Breached,In Progress
ISSUE-86492,Credit Cards,Sanctions,Low,2026-07-23,30,60,On-Track,In Progress
ISSUE-18541,Retail Banking,KYC,High,2026-05-13,101,15,Breached,In Progress
ISSUE-81319,Retail Banking,Sanctions,Medium,2026-08-01,21,30,On-Track,In Progress
ISSUE-71676,Investment Banking,Fraud,Medium,2026-05-29,18,30,On-Track,Closed
ISSUE-26906,Wealth Management,Fraud,Low,2026-05-15,27,60,On-Track,Closed
ISSUE-82142,Corporate Banking,KYC,Low,2026-08-03,57,60,On-Track,Closed
ISSUE-87111,Retail Banking,AML,Medium,2026-08-06,16,30,On-Track,Open
ISSUE-44437,Corporate Banking,Sanctions,Low,2026-05-08,14,60,On-Track,Closed
ISSUE-35277,Corporate Banking,Transaction Monitoring,Low,2026-04-25,35,60,On-Track,Closed
ISSUE-67522,Wealth Management,KYC,Low,2026-05-21,93,60,Breached,Open
ISSUE-26804,Wealth Management,AML,High,2026-05-17,97,15,Breached,Open
ISSUE-48671,Retail Banking,Transaction Monitoring,High,2026-07-13,40,15,Breached,Open
ISSUE-20086,Wealth Management,Fraud,Low,2026-07-11,42,60,On-Track,Open
ISSUE-46528,Investment Banking,Fraud,Low,2026-06-09,74,60,Breached,Open
ISSUE-70045,Investment Banking,Sanctions,High,2026-08-16,6,15,On-Track,In Progress
ISSUE-25867,Investment Banking,Transaction Monitoring,Low,2026-07-03,50,60,On-Track,Open
ISSUE-41056,Wealth Management,Fraud,Low,2026-05-16,98,60,Breached,In Progress
ISSUE-25737,Credit Cards,Fraud,Medium,2026-08-12,5,30,On-Track,Closed
ISSUE-30026,Wealth Management,Sanctions,High,2026-08-10,12,15,On-Track,In Progress
ISSUE-78100,Wealth Management,KYC,Low,2026-07-11,42,60,On-Track,In Progress
ISSUE-38414,Corporate Banking,AML,Medium,2026-05-04,19,30,On-Track,Closed
ISSUE-51637,Investment Banking,Transaction Monitoring,High,2026-06-16,67,15,Breached,Open
ISSUE-12241,Investment Banking,Fraud,Low,2026-07-23,39,60,On-Track,Closed
ISSUE-92560,Credit Cards,Sanctions,Low,2026-04-25,119,60,Breached,Open
ISSUE-46676,Investment Banking,AML,Low,2026-08-11,11,60,On-Track,In Progress
ISSUE-55681,Corporate Banking,AML,Medium,2026-07-25,28,30,On-Track,In Progress
ISSUE-54168,Wealth Management,Sanctions,Medium,2026-07-15,38,30,Breached,In Progress
ISSUE-99265,Retail Banking,KYC,Medium,2026-06-21,62,30,Breached,In Progress
ISSUE-42163,Credit Cards,Sanctions,Low,2026-05-02,13,60,On-Track,Closed
ISSUE-56420,Corporate Banking,AML,Medium,2026-04-25,119,30,Breached,Open
ISSUE-12446,Retail Banking,Fraud,Low,2026-06-20,63,60,Breached,Open
ISSUE-64919,Investment Banking,Sanctions,High,2026-06-20,63,15,Breached,In Progress
ISSUE-83158,Credit Cards,Fraud,Medium,2026-07-28,24,30,On-Track,Closed
ISSUE-43459,Retail Banking,AML,Medium,2026-07-03,50,30,Breached,Open
ISSUE-97402,Credit Cards,KYC,High,2026-07-29,24,15,Breached,Open
ISSUE-66374,Retail Banking,Sanctions,Low,2026-04-30,114,60,Breached,Open
ISSUE-89099,Wealth Management,AML,Medium,2026-05-06,108,30,Breached,Open
ISSUE-54827,Credit Cards,Fraud,Low,2026-07-31,52,60,On-Track,Closed
ISSUE-67744,Corporate Banking,KYC,Low,2026-06-28,55,60,On-Track,In Progress
ISSUE-94158,Retail Banking,Fraud,Medium,2026-06-13,70,30,Breached,In Progress
ISSUE-53621,Credit Cards,Sanctions,High,2026-07-30,2,15,On-Track,Closed
ISSUE-30551,Wealth Management,KYC,Low,2026-06-01,82,60,Breached,In Progress
ISSUE-16040,Investment Banking,AML,High,2026-05-14,9,15,On-Track,Closed
ISSUE-51567,Retail Banking,AML,Medium,2026-05-26,88,30,Breached,In Progress
ISSUE-33451,Retail Banking,Fraud,Low,2026-06-14,5,60,On-Track,Closed
ISSUE-64248,Credit Cards,Fraud,High,2026-05-12,102,15,Breached,Open
ISSUE-71935,Investment Banking,AML,Low,2026-08-12,10,60,On-Track,Open
ISSUE-83141,Corporate Banking,KYC,Low,2026-07-04,55,60,On-Track,Closed
ISSUE-14380,Corporate Banking,Transaction Monitoring,Medium,2026-07-26,3,30,On-Track,Closed
ISSUE-53520,Retail Banking,Transaction Monitoring,Medium,2026-08-04,28,30,On-Track,Closed
ISSUE-41976,Credit Cards,Transaction Monitoring,Low,2026-06-03,80,60,Breached,In Progress
ISSUE-67024,Investment Banking,Fraud,High,2026-05-30,84,15,Breached,Open
ISSUE-64521,Credit Cards,KYC,High,2026-08-02,20,15,Breached,Open
ISSUE-91299,Investment Banking,Sanctions,Medium,2026-07-15,38,30,Breached,Open
ISSUE-46251,Investment Banking,Transaction Monitoring,Low,2026-07-21,32,60,On-Track,In Progress
ISSUE-55053,Investment Banking,AML,Medium,2026-07-25,12,30,On-Track,Closed
ISSUE-96057,Wealth Management,Sanctions,Low,2026-05-20,94,60,Breached,In Progress
ISSUE-38113,Retail Banking,Sanctions,Medium,2026-04-29,115,30,Breached,Open
ISSUE-20096,Credit Cards,AML,Low,2026-07-05,48,60,On-Track,In Progress
ISSUE-62376,Corporate Banking,Fraud,Medium,2026-08-16,6,30,On-Track,Open
ISSUE-13425,Credit Cards,Fraud,High,2026-06-02,81,15,Breached,Open
ISSUE-37906,Corporate Banking,Sanctions,High,2026-06-27,56,15,Breached,Open
ISSUE-87914,Wealth Management,Transaction Monitoring,Low,2026-07-09,44,60,On-Track,Open
ISSUE-80383,Corporate Banking,Sanctions,Low,2026-05-10,104,60,Breached,Open
ISSUE-73893,Retail Banking,AML,Medium,2026-05-06,31,30,Breached,Closed
ISSUE-75141,Credit Cards,AML,Medium,2026-05-02,112,30,Breached,Open
ISSUE-48716,Wealth Management,Fraud,Low,2026-05-23,59,60,On-Track,Closed
ISSUE-43462,Corporate Banking,Transaction Monitoring,Low,2026-05-24,90,60,Breached,Open
ISSUE-72392,Investment Banking,AML,High,2026-05-27,87,15,Breached,Open
ISSUE-11228,Investment Banking,AML,Low,2026-06-11,61,60,Breached,Closed
ISSUE-45353,Credit Cards,AML,Medium,2026-06-27,2,30,On-Track,Closed
ISSUE-37042,Corporate Banking,KYC,Medium,2026-07-11,19,30,On-Track,Closed
ISSUE-91344,Credit Cards,Sanctions,Low,2026-07-15,38,60,On-Track,Open
ISSUE-95405,Retail Banking,Transaction Monitoring,High,2026-04-29,2,15,On-Track,Closed
ISSUE-73515,Investment Banking,Transaction Monitoring,High,2026-05-15,13,15,On-Track,Closed
ISSUE-39309,Investment Banking,Transaction Monitoring,High,2026-06-24,59,15,Breached,Open
ISSUE-72661,Investment Banking,Sanctions,Medium,2026-06-06,77,30,Breached,Open
ISSUE-50914,Wealth Management,Transaction Monitoring,Medium,2026-06-26,25,30,On-Track,Closed
ISSUE-26132,Credit Cards,AML,High,2026-05-10,104,15,Breached,In Progress
ISSUE-70560,Credit Cards,Sanctions,Low,2026-06-26,16,60,On-Track,Closed
ISSUE-43418,Corporate Banking,KYC,High,2026-06-01,82,15,Breached,Open
ISSUE-22193,Wealth Management,Fraud,High,2026-05-15,99,15,Breached,Open
ISSUE-32154,Wealth Management,Sanctions,High,2026-05-22,92,15,Breached,In Progress
ISSUE-85780,Wealth Management,AML,Low,2026-06-08,20,60,On-Track,Closed
ISSUE-48338,Wealth Management,Fraud,High,2026-06-23,20,15,Breached,Closed
ISSUE-37082,Credit Cards,Sanctions,Medium,2026-06-29,7,30,On-Track,Closed
ISSUE-98349,Wealth Management,Sanctions,Low,2026-06-13,70,60,Breached,In Progress
ISSUE-76179,Credit Cards,Transaction Monitoring,Medium,2026-06-19,64,30,Breached,In Progress
ISSUE-56441,Investment Banking,AML,Medium,2026-06-19,64,30,Breached,In Progress
ISSUE-87428,Credit Cards,Fraud,High,2026-05-19,95,15,Breached,Open
ISSUE-40682,Retail Banking,Fraud,Low,2026-07-13,40,60,On-Track,In Progress
ISSUE-91729,Wealth Management,KYC,High,2026-04-27,117,15,Breached,In Progress
ISSUE-77772,Retail Banking,Fraud,Low,2026-04-30,114,60,Breached,In Progress
ISSUE-79266,Corporate Banking,AML,Medium,2026-06-07,76,30,Breached,Open
ISSUE-24602,Wealth Management,AML,High,2026-05-26,7,15,On-Track,Closed
ISSUE-91965,Corporate Banking,KYC,Low,2026-08-14,8,60,On-Track,In Progress
ISSUE-76217,Wealth Management,Transaction Monitoring,Medium,2026-07-07,46,30,Breached,In Progress
ISSUE-65240,Credit Cards,Transaction Monitoring,Medium,2026-08-11,31,30,Breached,Closed
ISSUE-38915,Wealth Management,KYC,High,2026-05-11,103,15,Breached,Open
ISSUE-84465,Wealth Management,KYC,High,2026-08-08,14,15,On-Track,Open
ISSUE-92163,Investment Banking,Fraud,High,2026-05-31,83,15,Breached,Open
ISSUE-22191,Credit Cards,AML,Low,2026-05-19,95,60,Breached,In Progress
ISSUE-28914,Credit Cards,Sanctions,Medium,2026-08-04,10,30,On-Track,Closed
ISSUE-94322,Corporate Banking,AML,High,2026-06-02,81,15,Breached,In Progress
ISSUE-48512,Investment Banking,KYC,Low,2026-07-20,33,60,On-Track,In Progress
ISSUE-74679,Credit Cards,Transaction Monitoring,High,2026-06-30,53,15,Breached,Open
ISSUE-65249,Investment Banking,Fraud,Low,2026-05-25,89,60,Breached,In Progress
ISSUE-16763,Retail Banking,AML,High,2026-07-28,25,15,Breached,In Progress
ISSUE-19636,Investment Banking,KYC,Low,2026-05-26,7,60,On-Track,Closed
ISSUE-74615,Investment Banking,AML,Medium,2026-06-08,24,30,On-Track,Closed
ISSUE-41426,Investment Banking,Fraud,Low,2026-06-17,66,60,Breached,Open
ISSUE-74397,Credit Cards,Transaction Monitoring,High,2026-07-06,47,15,Breached,Open
ISSUE-79973,Investment Banking,Transaction Monitoring,Medium,2026-08-02,20,30,On-Track,Open
ISSUE-93000,Corporate Banking,KYC,Medium,2026-05-30,30,30,On-Track,Closed
ISSUE-74839,Credit Cards,Sanctions,Medium,2026-07-02,51,30,Breached,Open
ISSUE-11316,Credit Cards,Fraud,Low,2026-04-24,60,60,On-Track,Closed
ISSUE-30854,Investment Banking,Fraud,Medium,2026-06-26,57,30,Breached,Open
ISSUE-91560,Credit Cards,Transaction Monitoring,Low,2026-08-01,21,60,On-Track,In Progress
ISSUE-88246,Retail Banking,Sanctions,Medium,2026-07-17,8,30,On-Track,Closed
ISSUE-21960,Wealth Management,Transaction Monitoring,High,2026-08-21,1,15,On-Track,Open
ISSUE-65917,Retail Banking,KYC,Low,2026-05-04,110,60,Breached,Open
ISSUE-26372,Retail Banking,AML,Medium,2026-05-12,102,30,Breached,In Progress
ISSUE-95938,Corporate Banking,Transaction Monitoring,High,2026-07-28,8,15,On-Track,Closed
ISSUE-34663,Retail Banking,KYC,High,2026-04-24,120,15,Breached,In Progress
ISSUE-81215,Credit Cards,AML,Low,2026-06-01,19,60,On-Track,Closed
ISSUE-29323,Corporate Banking,KYC,Low,2026-08-02,20,60,On-Track,Open
ISSUE-73725,Retail Banking,Transaction Monitoring,High,2026-06-14,7,15,On-Track,Closed
ISSUE-95667,Corporate Banking,Transaction Monitoring,Medium,2026-06-18,65,30,Breached,Open
ISSUE-87057,Credit Cards,KYC,Medium,2026-07-19,34,30,Breached,In Progress
ISSUE-53005,Wealth Management,AML,High,2026-07-08,8,15,On-Track,Closed
ISSUE-55026,Retail Banking,AML,Medium,2026-06-19,64,30,Breached,In Progress
ISSUE-87823,Investment Banking,AML,Medium,2026-08-21,2,30,On-Track,Closed
ISSUE-27091,Corporate Banking,AML,High,2026-06-11,72,15,Breached,Open
ISSUE-15751,Investment Banking,Fraud,Low,2026-05-19,95,60,Breached,Open
ISSUE-42903,Investment Banking,AML,Low,2026-07-15,38,60,On-Track,Open
ISSUE-79166,Retail Banking,Transaction Monitoring,Medium,2026-04-25,119,30,Breached,Open
ISSUE-17219,Corporate Banking,Sanctions,High,2026-06-17,66,15,Breached,In Progress
ISSUE-39263,Corporate Banking,Fraud,Low,2026-06-07,76,60,Breached,In Progress
ISSUE-35577,Corporate Banking,KYC,Medium,2026-07-22,31,30,Breached,In Progress
ISSUE-89958,Credit Cards,Sanctions,Low,2026-06-04,79,60,Breached,In Progress
ISSUE-59314,Credit Cards,Transaction Monitoring,High,2026-05-19,95,15,Breached,Open
ISSUE-37369,Investment Banking,Transaction Monitoring,Medium,2026-07-21,2,30,On-Track,Closed
ISSUE-48241,Corporate Banking,AML,Medium,2026-08-08,34,30,Breached,Closed
ISSUE-99290,Corporate Banking,KYC,Low,2026-06-08,65,60,Breached,Closed
ISSUE-73050,Investment Banking,AML,Medium,2026-07-18,35,30,Breached,Open
ISSUE-71037,Investment Banking,Fraud,Medium,2026-06-16,67,30,Breached,Open
ISSUE-61572,Corporate Banking,Transaction Monitoring,Medium,2026-04-26,7,30,On-Track,Closed
ISSUE-19877,Wealth Management,AML,High,2026-07-11,42,15,Breached,In Progress
ISSUE-24001,Investment Banking,Fraud,High,2026-06-19,64,15,Breached,Open
ISSUE-39681,Investment Banking,Transaction Monitoring,Low,2026-07-04,49,60,On-Track,Open
ISSUE-61146,Corporate Banking,Sanctions,High,2026-05-03,111,15,Breached,In Progress
ISSUE-63409,Corporate Banking,Transaction Monitoring,Medium,2026-05-01,7,30,On-Track,Closed
ISSUE-36020,Credit Cards,Transaction Monitoring,Medium,2026-06-14,69,30,Breached,In Progress
ISSUE-94172,Investment Banking,Fraud,Low,2026-08-16,6,60,On-Track,Open
ISSUE-48568,Credit Cards,AML,Low,2026-06-11,5,60,On-Track,Closed
ISSUE-64154,Corporate Banking,Sanctions,Low,2026-05-03,47,60,On-Track,Closed
ISSUE-46636,Wealth Management,KYC,High,2026-06-14,69,15,Breached,In Progress
ISSUE-53510,Credit Cards,Sanctions,Medium,2026-05-28,86,30,Breached,In Progress
ISSUE-99175,Wealth Management,Transaction Monitoring,Medium,2026-07-18,15,30,On-Track,Closed
ISSUE-11875,Retail Banking,Transaction Monitoring,Medium,2026-05-30,84,30,Breached,Open
ISSUE-59708,Corporate Banking,Fraud,High,2026-06-03,80,15,Breached,In Progress
ISSUE-40867,Retail Banking,Transaction Monitoring,Low,2026-06-08,35,60,On-Track,Closed
ISSUE-93805,Retail Banking,Sanctions,Low,2026-04-25,119,60,Breached,In Progress
ISSUE-84910,Investment Banking,Sanctions,High,2026-06-12,71,15,Breached,Open
ISSUE-37893,Retail Banking,Sanctions,Low,2026-06-22,61,60,Breached,In Progress
ISSUE-18392,Wealth Management,KYC,Medium,2026-05-03,2,30,On-Track,Closed
ISSUE-19413,Investment Banking,AML,Medium,2026-07-10,43,30,Breached,In Progress
ISSUE-81851,Investment Banking,AML,Medium,2026-06-23,60,30,Breached,Open
ISSUE-67741,Credit Cards,AML,High,2026-05-10,104,15,Breached,In Progress
ISSUE-44211,Retail Banking,Transaction Monitoring,High,2026-05-13,101,15,Breached,Open
ISSUE-70381,Credit Cards,Sanctions,High,2026-07-02,15,15,On-Track,Closed
ISSUE-83185,Wealth Management,KYC,Medium,2026-05-04,110,30,Breached,In Progress
ISSUE-92517,Investment Banking,Fraud,Low,2026-07-27,14,60,On-Track,Closed
ISSUE-35774,Retail Banking,Transaction Monitoring,Low,2026-08-12,57,60,On-Track,Closed
ISSUE-64497,Wealth Management,AML,High,2026-06-19,64,15,Breached,In Progress
ISSUE-58198,Investment Banking,Transaction Monitoring,Low,2026-05-31,83,60,Breached,Open
ISSUE-28997,Retail Banking,AML,High,2026-07-17,36,15,Breached,In Progress
ISSUE-51627,Retail Banking,AML,High,2026-05-28,86,15,Breached,In Progress
ISSUE-87713,Corporate Banking,Transaction Monitoring,Low,2026-06-06,64,60,Breached,Closed
ISSUE-28084,Corporate Banking,Sanctions,High,2026-08-19,8,15,On-Track,Closed
ISSUE-79577,Investment Banking,Fraud,High,2026-04-26,1,15,On-Track,Closed
ISSUE-15818,Investment Banking,KYC,Low,2026-07-02,51,60,On-Track,In Progress
ISSUE-84385,Retail Banking,KYC,High,2026-06-24,19,15,Breached,Closed
ISSUE-72586,Corporate Banking,KYC,Low,2026-07-08,60,60,On-Track,Closed
ISSUE-24245,Investment Banking,Transaction Monitoring,Medium,2026-06-20,8,30,On-Track,Closed
ISSUE-85132,Wealth Management,Sanctions,High,2026-06-27,56,15,Breached,In Progress
ISSUE-89182,Wealth Management,Fraud,Low,2026-06-25,58,60,On-Track,Open
ISSUE-71398,Wealth Management,Sanctions,High,2026-06-24,59,15,Breached,In Progress
ISSUE-11329,Investment Banking,AML,Medium,2026-07-27,26,30,On-Track,In Progress
ISSUE-76606,Wealth Management,Fraud,Low,2026-05-07,107,60,Breached,In Progress
ISSUE-70749,Investment Banking,Transaction Monitoring,Medium,2026-06-12,13,30,On-Track,Closed
ISSUE-63607,Retail Banking,Transaction Monitoring,Low,2026-07-08,45,60,On-Track,In Progress
ISSUE-62291,Retail Banking,KYC,High,2026-06-03,13,15,On-Track,Closed
ISSUE-42640,Investment Banking,KYC,High,2026-08-16,6,15,On-Track,In Progress
ISSUE-88292,Retail Banking,Fraud,Low,2026-05-25,50,60,On-Track,Closed
ISSUE-35965,Retail Banking,Transaction Monitoring,Low,2026-05-05,109,60,Breached,In Progress
ISSUE-86883,Credit Cards,AML,High,2026-06-17,66,15,Breached,Open
ISSUE-27874,Investment Banking,Transaction Monitoring,Medium,2026-07-15,22,30,On-Track,Closed
ISSUE-75187,Wealth Management,Fraud,Medium,2026-06-16,67,30,Breached,In Progress
ISSUE-23421,Corporate Banking,Fraud,Medium,2026-05-30,84,30,Breached,In Progress
ISSUE-98442,Credit Cards,AML,High,2026-07-05,48,15,Breached,In Progress
ISSUE-38451,Credit Cards,Transaction Monitoring,High,2026-07-01,52,15,Breached,Open
ISSUE-53626,Credit Cards,Fraud,Medium,2026-07-21,32,30,Breached,Open
ISSUE-52072,Wealth Management,Sanctions,High,2026-07-20,6,15,On-Track,Closed
ISSUE-66982,Retail Banking,Fraud,Low,2026-08-04,18,60,On-Track,Open
ISSUE-68125,Corporate Banking,Sanctions,High,2026-08-10,19,15,Breached,Closed
ISSUE-50382,Corporate Banking,AML,Medium,2026-07-04,49,30,Breached,In Progress
ISSUE-60620,Retail Banking,Fraud,Medium,2026-05-28,86,30,Breached,In Progress
ISSUE-84982,Credit Cards,KYC,Medium,2026-04-24,34,30,Breached,Closed
ISSUE-67934,Credit Cards,Fraud,High,2026-08-13,7,15,On-Track,Closed
ISSUE-38999,Investment Banking,KYC,High,2026-04-29,115,15,Breached,Open
ISSUE-72145,Corporate Banking,Fraud,High,2026-07-16,37,15,Breached,In Progress
ISSUE-95040,Credit Cards,AML,Medium,2026-08-10,32,30,Breached,Closed
ISSUE-82134,Credit Cards,KYC,High,2026-04-28,13,15,On-Track,Closed
ISSUE-91783,Credit Cards,KYC,High,2026-08-07,10,15,On-Track,Closed
ISSUE-76854,Investment Banking,KYC,Low,2026-05-06,108,60,Breached,Open
ISSUE-57707,Corporate Banking,KYC,Medium,2026-08-02,20,30,On-Track,In Progress
ISSUE-91518,Wealth Management,KYC,Low,2026-05-27,87,60,Breached,Open
ISSUE-49030,Corporate Banking,KYC,High,2026-07-29,3,15,On-Track,Closed
ISSUE-51997,Corporate Banking,Sanctions,High,2026-06-07,15,15,On-Track,Closed
ISSUE-29593,Corporate Banking,Transaction Monitoring,Low,2026-05-19,95,60,Breached,In Progress
ISSUE-98792,Credit Cards,Fraud,Medium,2026-08-18,4,30,On-Track,In Progress
ISSUE-83473,Retail Banking,KYC,High,2026-06-13,70,15,Breached,In Progress
ISSUE-96315,Credit Cards,KYC,High,2026-08-13,9,15,On-Track,In Progress
ISSUE-19263,Wealth Management,KYC,Low,2026-06-09,74,60,Breached,In Progress
ISSUE-64827,Credit Cards,Fraud,High,2026-07-11,10,15,On-Track,Closed
ISSUE-25199,Retail Banking,Transaction Monitoring,High,2026-08-16,6,15,On-Track,Open
ISSUE-40743,Wealth Management,KYC,Medium,2026-07-11,42,30,Breached,In Progress
ISSUE-18540,Investment Banking,Sanctions,High,2026-07-17,36,15,Breached,Open
ISSUE-49784,Wealth Management,Transaction Monitoring,Medium,2026-05-13,101,30,Breached,In Progress
ISSUE-16884,Retail Banking,Transaction Monitoring,High,2026-07-05,48,15,Breached,Open
ISSUE-39936,Retail Banking,Transaction Monitoring,Low,2026-07-15,38,60,On-Track,In Progress
ISSUE-68772,Wealth Management,AML,High,2026-05-19,95,15,Breached,Open
ISSUE-52133,Retail Banking,KYC,Medium,2026-08-15,23,30,On-Track,Closed
ISSUE-20649,Wealth Management,AML,High,2026-07-09,44,15,Breached,Open
ISSUE-97133,Credit Cards,AML,High,2026-06-02,81,15,Breached,Open
ISSUE-64262,Retail Banking,Sanctions,High,2026-05-25,89,15,Breached,In Progress
ISSUE-69341,Credit Cards,KYC,Low,2026-05-23,91,60,Breached,In Progress
ISSUE-68935,Retail Banking,Transaction Monitoring,Low,2026-08-02,63,60,Breached,Closed
ISSUE-22885,Wealth Management,KYC,Low,2026-06-24,59,60,On-Track,In Progress
ISSUE-63943,Credit Cards,AML,Low,2026-06-07,76,60,Breached,In Progress
ISSUE-28239,Wealth Management,Transaction Monitoring,Medium,2026-08-12,10,30,On-Track,Open
ISSUE-10118,Investment Banking,Fraud,Medium,2026-06-05,3,30,On-Track,Closed
ISSUE-38818,Investment Banking,Fraud,High,2026-04-24,120,15,Breached,Open
ISSUE-63648,Corporate Banking,KYC,High,2026-06-26,57,15,Breached,Open
ISSUE-35546,Retail Banking,Transaction Monitoring,Low,2026-05-20,94,60,Breached,In Progress
ISSUE-94096,Investment Banking,Fraud,Medium,2026-07-15,38,30,Breached,In Progress
ISSUE-22448,Retail Banking,AML,Low,2026-05-04,110,60,Breached,Open
ISSUE-93244,Credit Cards,Fraud,Low,2026-07-02,51,60,On-Track,Closed
ISSUE-27703,Wealth Management,Fraud,Medium,2026-07-25,30,30,On-Track,Closed
ISSUE-98207,Corporate Banking,Transaction Monitoring,Medium,2026-06-08,26,30,On-Track,Closed
ISSUE-62420,Investment Banking,KYC,Medium,2026-08-16,6,30,On-Track,Open
ISSUE-10359,Retail Banking,KYC,Low,2026-06-25,40,60,On-Track,Closed
ISSUE-95798,Credit Cards,AML,Medium,2026-07-17,11,30,On-Track,Closed
ISSUE-55764,Corporate Banking,Sanctions,High,2026-06-19,64,15,Breached,In Progress
ISSUE-32650,Investment Banking,Fraud,High,2026-05-24,4,15,On-Track,Closed
ISSUE-27541,Retail Banking,Transaction Monitoring,Medium,2026-06-25,21,30,On-Track,Closed
ISSUE-78249,Wealth Management,Sanctions,Medium,2026-08-06,9,30,On-Track,Closed
ISSUE-80872,Retail Banking,KYC,High,2026-07-28,25,15,Breached,In Progress
ISSUE-32194,Corporate Banking,KYC,High,2026-05-11,103,15,Breached,Open
ISSUE-60183,Wealth Management,KYC,Medium,2026-05-27,87,30,Breached,Open
ISSUE-18459,Wealth Management,Transaction Monitoring,Medium,2026-06-08,75,30,Breached,In Progress
ISSUE-87009,Corporate Banking,Transaction Monitoring,Medium,2026-07-09,44,30,Breached,Open
ISSUE-52509,Credit Cards,Fraud,Low,2026-06-18,65,60,Breached,Open
ISSUE-52432,Corporate Banking,KYC,Medium,2026-04-30,114,30,Breached,In Progress
ISSUE-23137,Credit Cards,Sanctions,Medium,2026-05-04,6,30,On-Track,Closed
ISSUE-83902,Investment Banking,Sanctions,Medium,2026-06-13,70,30,Breached,In Progress
ISSUE-74697,Investment Banking,KYC,Medium,2026-06-29,54,30,Breached,In Progress
ISSUE-49305,Retail Banking,Fraud,Medium,2026-08-07,15,30,On-Track,In Progress
ISSUE-32195,Retail Banking,KYC,High,2026-08-17,5,15,On-Track,In Progress
ISSUE-57794,Credit Cards,Fraud,Medium,2026-06-15,68,30,Breached,Open
ISSUE-61927,Credit Cards,Transaction Monitoring,High,2026-06-07,2,15,On-Track,Closed
ISSUE-47261,Corporate Banking,Sanctions,Low,2026-05-21,35,60,On-Track,Closed
ISSUE-81977,Credit Cards,KYC,Low,2026-04-28,116,60,Breached,Open
ISSUE-63976,Wealth Management,Sanctions,High,2026-05-01,113,15,Breached,Open
ISSUE-97400,Investment Banking,AML,High,2026-08-12,16,15,Breached,Closed
ISSUE-84579,Retail Banking,Sanctions,High,2026-08-15,13,15,On-Track,Closed
ISSUE-32254,Retail Banking,Sanctions,Medium,2026-08-16,6,30,On-Track,In Progress
ISSUE-48368,Investment Banking,Transaction Monitoring,High,2026-08-15,7,15,On-Track,In Progress
ISSUE-10913,Investment Banking,Transaction Monitoring,Low,2026-05-13,17,60,On-Track,Closed
ISSUE-83529,Wealth Management,KYC,Medium,2026-04-24,10,30,On-Track,Closed
ISSUE-23161,Credit Cards,Fraud,High,2026-07-02,51,15,Breached,In Progress
ISSUE-72757,Corporate Banking,AML,High,2026-05-14,100,15,Breached,Open
ISSUE-72185,Wealth Management,Fraud,Medium,2026-05-08,15,30,On-Track,Closed
ISSUE-53101,Corporate Banking,Fraud,Medium,2026-06-05,78,30,Breached,In Progress
ISSUE-32718,Retail Banking,Sanctions,High,2026-06-06,77,15,Breached,In Progress
ISSUE-48094,Investment Banking,KYC,High,2026-06-04,79,15,Breached,In Progress
ISSUE-58014,Corporate Banking,Transaction Monitoring,Low,2026-07-20,33,60,On-Track,In Progress
ISSUE-19669,Corporate Banking,Transaction Monitoring,High,2026-06-16,7,15,On-Track,Closed
ISSUE-40091,Credit Cards,Transaction Monitoring,Low,2026-08-09,12,60,On-Track,Closed
ISSUE-47399,Credit Cards,KYC,High,2026-08-09,13,15,On-Track,Open
ISSUE-96656,Retail Banking,AML,Medium,2026-05-13,32,30,Breached,Closed
ISSUE-45682,Retail Banking,Fraud,Low,2026-08-07,15,60,On-Track,In Progress
ISSUE-40710,Retail Banking,AML,Medium,2026-07-31,22,30,On-Track,In Progress
ISSUE-83675,Investment Banking,Transaction Monitoring,High,2026-06-27,56,15,Breached,In Progress
ISSUE-34755,Wealth Management,AML,High,2026-05-25,89,15,Breached,Open
ISSUE-18284,Corporate Banking,Transaction Monitoring,High,2026-07-21,2,15,On-Track,Closed
ISSUE-32568,Retail Banking,Fraud,Medium,2026-07-12,41,30,Breached,In Progress
ISSUE-82026,Retail Banking,Transaction Monitoring,Low,2026-07-23,30,60,On-Track,Open
ISSUE-25788,Credit Cards,AML,High,2026-05-23,20,15,Breached,Closed
ISSUE-11588,Corporate Banking,Fraud,Low,2026-07-14,27,60,On-Track,Closed
ISSUE-84359,Wealth Management,AML,Low,2026-08-04,6,60,On-Track,Closed
ISSUE-70741,Investment Banking,AML,High,2026-05-27,87,15,Breached,In Progress
ISSUE-29997,Investment Banking,Fraud,Medium,2026-06-05,9,30,On-Track,Closed
ISSUE-88089,Corporate Banking,Sanctions,Medium,2026-08-06,30,30,On-Track,Closed
ISSUE-97391,Wealth Management,AML,Medium,2026-08-14,8,30,On-Track,Open
ISSUE-34185,Corporate Banking,Transaction Monitoring,High,2026-08-11,11,15,On-Track,In Progress
ISSUE-12775,Retail Banking,Transaction Monitoring,High,2026-05-26,88,15,Breached,In Progress
ISSUE-99622,Credit Cards,AML,Low,2026-08-04,18,60,On-Track,Open
ISSUE-83958,Credit Cards,Sanctions,Low,2026-06-09,16,60,On-Track,Closed
ISSUE-95028,Corporate Banking,Fraud,Low,2026-06-13,70,60,Breached,Open
ISSUE-16331,Investment Banking,AML,Medium,2026-08-19,24,30,On-Track,Closed
ISSUE-28245,Investment Banking,AML,High,2026-06-02,81,15,Breached,In Progress
ISSUE-64380,Wealth Management,Fraud,High,2026-04-29,115,15,Breached,Open
ISSUE-54544,Corporate Banking,Fraud,High,2026-06-02,81,15,Breached,In Progress
ISSUE-19303,Credit Cards,Fraud,Medium,2026-05-15,34,30,Breached,Closed
ISSUE-92082,Corporate Banking,Transaction Monitoring,Medium,2026-04-27,117,30,Breached,Open
ISSUE-87385,Retail Banking,Fraud,Low,2026-07-07,46,60,On-Track,Open
ISSUE-72306,Corporate Banking,KYC,Low,2026-06-11,72,60,Breached,In Progress
ISSUE-56525,Retail Banking,AML,Low,2026-08-16,23,60,On-Track,Closed
ISSUE-26915,Credit Cards,KYC,High,2026-04-24,120,15,Breached,Open
ISSUE-26249,Investment Banking,Transaction Monitoring,Low,2026-08-13,9,60,On-Track,In Progress
ISSUE-32181,Wealth Management,Sanctions,High,2026-07-08,45,15,Breached,In Progress
ISSUE-79460,Corporate Banking,Fraud,Low,2026-07-24,29,60,On-Track,In Progress
ISSUE-41474,Retail Banking,KYC,Low,2026-06-20,41,60,On-Track,Closed
ISSUE-38548,Wealth Management,Transaction Monitoring,Low,2026-05-03,111,60,Breached,In Progress
ISSUE-28392,Corporate Banking,Transaction Monitoring,High,2026-07-18,35,15,Breached,Open
ISSUE-24999,Retail Banking,Fraud,Low,2026-05-19,95,60,Breached,In Progress
ISSUE-43494,Retail Banking,KYC,Medium,2026-06-18,65,30,Breached,In Progress
ISSUE-55755,Investment Banking,KYC,High,2026-07-20,16,15,Breached,Closed
ISSUE-78876,Corporate Banking,Sanctions,Medium,2026-07-30,29,30,On-Track,Closed
ISSUE-64874,Investment Banking,Fraud,Low,2026-07-02,14,60,On-Track,Closed
ISSUE-87940,Corporate Banking,Sanctions,High,2026-08-07,15,15,On-Track,Open
ISSUE-26193,Corporate Banking,Sanctions,Low,2026-07-19,34,60,On-Track,In Progress
ISSUE-59018,Credit Cards,KYC,Medium,2026-06-09,74,30,Breached,Open
ISSUE-92155,Credit Cards,Transaction Monitoring,Medium,2026-06-05,78,30,Breached,Open
ISSUE-24168,Investment Banking,Fraud,Medium,2026-05-26,88,30,Breached,In Progress
ISSUE-84304,Credit Cards,Fraud,Medium,2026-07-06,32,30,Breached,Closed
ISSUE-50729,Wealth Management,AML,High,2026-08-17,6,15,On-Track,Closed
ISSUE-43064,Wealth Management,Transaction Monitoring,High,2026-06-24,59,15,Breached,In Progress
ISSUE-20574,Investment Banking,Sanctions,High,2026-07-18,2,15,On-Track,Closed
ISSUE-61048,Retail Banking,AML,High,2026-07-17,36,15,Breached,In Progress
ISSUE-48964,Retail Banking,AML,Low,2026-05-23,91,60,Breached,Open
ISSUE-34628,Credit Cards,Sanctions,Medium,2026-08-01,22,30,On-Track,Closed
ISSUE-10428,Investment Banking,Fraud,High,2026-06-16,67,15,Breached,Open
ISSUE-60030,Credit Cards,KYC,High,2026-06-16,67,15,Breached,In Progress
ISSUE-40885,Investment Banking,KYC,High,2026-06-26,57,15,Breached,In Progress
ISSUE-14592,Investment Banking,KYC,Medium,2026-08-05,8,30,On-Track,Closed
ISSUE-75030,Corporate Banking,Sanctions,High,2026-05-19,95,15,Breached,In Progress
ISSUE-88623,Credit Cards,Transaction Monitoring,Medium,2026-05-06,108,30,Breached,In Progress
ISSUE-69593,Wealth Management,KYC,High,2026-05-12,3,15,On-Track,Closed
ISSUE-74514,Investment Banking,KYC,Low,2026-06-19,64,60,Breached,Open
ISSUE-18212,Retail Banking,AML,High,2026-06-30,53,15,Breached,In Progress
ISSUE-75717,Corporate Banking,Transaction Monitoring,Medium,2026-07-06,7,30,On-Track,Closed
ISSUE-27951,Investment Banking,Fraud,Low,2026-05-06,108,60,Breached,In Progress
ISSUE-81110,Corporate Banking,Transaction Monitoring,Medium,2026-08-21,1,30,On-Track,In Progress
ISSUE-31750,Corporate Banking,KYC,Low,2026-04-28,50,60,On-Track,Closed
ISSUE-14614,Wealth Management,KYC,High,2026-07-24,29,15,Breached,In Progress
ISSUE-97185,Retail Banking,AML,High,2026-06-01,10,15,On-Track,Closed
ISSUE-30765,Investment Banking,Transaction Monitoring,Medium,2026-05-16,98,30,Breached,Open
ISSUE-45906,Corporate Banking,Fraud,High,2026-06-07,8,15,On-Track,Closed
ISSUE-25318,Corporate Banking,AML,Medium,2026-06-16,67,30,Breached,In Progress
ISSUE-85903,Wealth Management,Transaction Monitoring,Low,2026-08-16,6,60,On-Track,In Progress
ISSUE-44568,Corporate Banking,Transaction Monitoring,Medium,2026-07-07,46,30,Breached,Open
ISSUE-69883,Wealth Management,Fraud,Low,2026-04-27,117,60,Breached,In Progress
ISSUE-32198,Wealth Management,Sanctions,Low,2026-05-10,104,60,Breached,Open
ISSUE-64633,Wealth Management,Transaction Monitoring,Medium,2026-05-14,19,30,On-Track,Closed
ISSUE-62206,Corporate Banking,AML,Low,2026-08-07,45,60,On-Track,Closed
ISSUE-19932,Corporate Banking,Fraud,Low,2026-05-15,18,60,On-Track,Closed
ISSUE-45199,Credit Cards,Fraud,High,2026-07-13,2,15,On-Track,Closed
ISSUE-38273,Investment Banking,Sanctions,Low,2026-07-07,46,60,On-Track,Open
ISSUE-86849,Retail Banking,Transaction Monitoring,Medium,2026-06-17,66,30,Breached,Open
ISSUE-91780,Investment Banking,KYC,High,2026-06-14,69,15,Breached,In Progress
ISSUE-36480,Credit Cards,KYC,Medium,2026-06-18,35,30,Breached,Closed
ISSUE-78528,Credit Cards,Sanctions,Medium,2026-06-04,79,30,Breached,In Progress
ISSUE-31628,Credit Cards,Transaction Monitoring,Low,2026-08-08,14,60,On-Track,In Progress
ISSUE-22639,Wealth Management,Sanctions,Low,2026-08-15,8,60,On-Track,Closed
ISSUE-95436,Investment Banking,AML,Low,2026-08-09,39,60,On-Track,Closed
ISSUE-36078,Retail Banking,Sanctions,High,2026-04-29,115,15,Breached,Open
ISSUE-36909,Credit Cards,KYC,High,2026-08-19,3,15,On-Track,Open
ISSUE-11174,Retail Banking,Sanctions,High,2026-06-14,5,15,On-Track,Closed
ISSUE-79666,Retail Banking,Transaction Monitoring,Medium,2026-07-31,22,30,On-Track,Open
ISSUE-20171,Credit Cards,AML,High,2026-08-18,10,15,On-Track,Closed
ISSUE-84121,Wealth Management,KYC,Low,2026-05-08,106,60,Breached,In Progress
ISSUE-59269,Wealth Management,AML,High,2026-05-06,9,15,On-Track,Closed
ISSUE-75352,Retail Banking,AML,Medium,2026-08-01,21,30,On-Track,Open
ISSUE-85524,Retail Banking,Sanctions,Medium,2026-07-26,27,30,On-Track,In Progress
ISSUE-75138,Wealth Management,Transaction Monitoring,Medium,2026-05-25,6,30,On-Track,Closed
ISSUE-93967,Corporate Banking,AML,Low,2026-04-27,117,60,Breached,Open
ISSUE-98163,Investment Banking,Sanctions,Medium,2026-06-12,71,30,Breached,Open
ISSUE-55502,Corporate Banking,Fraud,Low,2026-04-27,117,60,Breached,In Progress
ISSUE-45329,Retail Banking,AML,Low,2026-04-24,120,60,Breached,Open
ISSUE-43342,Credit Cards,KYC,High,2026-06-17,4,15,On-Track,Closed
ISSUE-24837,Investment Banking,AML,Low,2026-06-14,65,60,Breached,Closed
ISSUE-76487,Investment Banking,KYC,High,2026-06-16,67,15,Breached,Open
ISSUE-40201,Investment Banking,Fraud,Low,2026-07-06,47,60,On-Track,In Progress
ISSUE-82800,Corporate Banking,KYC,High,2026-05-04,110,15,Breached,Open
ISSUE-65995,Corporate Banking,Fraud,Low,2026-07-29,30,60,On-Track,Closed
ISSUE-34693,Investment Banking,Fraud,High,2026-06-23,60,15,Breached,Open
ISSUE-27799,Investment Banking,Sanctions,High,2026-08-10,12,15,On-Track,Open
ISSUE-42651,Wealth Management,Fraud,Low,2026-07-23,28,60,On-Track,Closed
ISSUE-52847,Investment Banking,Fraud,Low,2026-06-25,61,60,Breached,Closed
ISSUE-12124,Credit Cards,KYC,Low,2026-06-27,59,60,On-Track,Closed
ISSUE-51394,Retail Banking,Transaction Monitoring,Medium,2026-06-04,79,30,Breached,In Progress
ISSUE-37321,Investment Banking,AML,Low,2026-04-28,116,60,Breached,In Progress
ISSUE-37982,Wealth Management,Transaction Monitoring,Low,2026-04-25,119,60,Breached,Open
ISSUE-44099,Retail Banking,Fraud,Medium,2026-05-07,107,30,Breached,Open
ISSUE-46102,Corporate Banking,Fraud,High,2026-05-16,13,15,On-Track,Closed
ISSUE-89019,Retail Banking,Fraud,Medium,2026-06-09,74,30,Breached,In Progress
ISSUE-49910,Investment Banking,Sanctions,Medium,2026-06-18,65,30,Breached,Open
ISSUE-17279,Wealth Management,Transaction Monitoring,Medium,2026-08-11,11,30,On-Track,Open
ISSUE-99976,Wealth Management,Sanctions,Medium,2026-08-10,12,30,On-Track,Open
ISSUE-27894,Investment Banking,AML,Low,2026-05-23,91,60,Breached,Open
ISSUE-94554,Wealth Management,AML,High,2026-08-06,16,15,Breached,Open
ISSUE-22360,Corporate Banking,AML,Medium,2026-05-24,1,30,On-Track,Closed
ISSUE-10278,Credit Cards,Transaction Monitoring,Low,2026-07-12,41,60,On-Track,In Progress
ISSUE-30871,Wealth Management,KYC,High,2026-05-30,20,15,Breached,Closed
ISSUE-65168,Credit Cards,Sanctions,Low,2026-06-18,41,60,On-Track,Closed
ISSUE-63276,Wealth Management,AML,Medium,2026-06-20,63,30,Breached,Open
ISSUE-49031,Corporate Banking,AML,Low,2026-07-25,52,60,On-Track,Closed
ISSUE-55240,Credit Cards,Fraud,Low,2026-08-16,6,60,On-Track,Open
ISSUE-69040,Retail Banking,AML,Medium,2026-08-01,21,30,On-Track,Open
ISSUE-30307,Retail Banking,Fraud,High,2026-06-27,15,15,On-Track,Closed
ISSUE-19862,Retail Banking,KYC,Medium,2026-07-10,43,30,Breached,Open
ISSUE-83267,Credit Cards,Sanctions,Low,2026-08-11,11,60,On-Track,Open
ISSUE-14448,Credit Cards,Transaction Monitoring,Medium,2026-06-10,73,30,Breached,Open
ISSUE-86685,Retail Banking,Sanctions,Low,2026-08-10,12,60,On-Track,Open
ISSUE-45003,Retail Banking,KYC,Low,2026-06-22,61,60,Breached,Open
ISSUE-27786,Credit Cards,Transaction Monitoring,Medium,2026-08-17,18,30,On-Track,Closed
ISSUE-23205,Corporate Banking,Fraud,Low,2026-07-11,42,60,On-Track,Open
ISSUE-18028,Credit Cards,Fraud,Medium,2026-04-27,11,30,On-Track,Closed
ISSUE-91831,Retail Banking,Sanctions,Medium,2026-07-26,27,30,On-Track,In Progress
ISSUE-61003,Corporate Banking,Fraud,Medium,2026-07-28,7,30,On-Track,Closed
ISSUE-35030,Credit Cards,Sanctions,Medium,2026-06-28,55,30,Breached,Open
ISSUE-62140,Corporate Banking,KYC,High,2026-08-11,11,15,On-Track,Open
ISSUE-58248,Credit Cards,AML,High,2026-06-29,8,15,On-Track,Closed
ISSUE-29045,Investment Banking,KYC,Medium,2026-07-20,33,30,Breached,Open
ISSUE-61289,Wealth Management,KYC,Medium,2026-08-06,16,30,On-Track,Open
ISSUE-68614,Retail Banking,AML,Low,2026-04-28,116,60,Breached,In Progress
ISSUE-35272,Wealth Management,Sanctions,Medium,2026-08-10,12,30,On-Track,Open
ISSUE-91437,Investment Banking,Sanctions,Medium,2026-07-07,46,30,Breached,Open
ISSUE-70032,Retail Banking,KYC,Low,2026-04-29,36,60,On-Track,Closed
ISSUE-67975,Wealth Management,Sanctions,High,2026-05-05,20,15,Breached,Closed
ISSUE-96624,Wealth Management,Fraud,High,2026-05-16,98,15,Breached,In Progress
ISSUE-55135,Wealth Management,AML,Low,2026-07-09,44,60,On-Track,Open
ISSUE-19640,Credit Cards,Fraud,High,2026-07-29,24,15,Breached,Open
ISSUE-63349,Corporate Banking,KYC,Low,2026-05-31,83,60,Breached,In Progress
ISSUE-59585,Credit Cards,Transaction Monitoring,High,2026-05-17,3,15,On-Track,Closed
ISSUE-42974,Credit Cards,Fraud,Medium,2026-05-07,4,30,On-Track,Closed
ISSUE-81979,Corporate Banking,Sanctions,Low,2026-08-18,50,60,On-Track,Closed
ISSUE-34425,Corporate Banking,Transaction Monitoring,Medium,2026-08-20,17,30,On-Track,Closed
ISSUE-44550,Credit Cards,Sanctions,Low,2026-05-20,94,60,Breached,Open
ISSUE-83270,Corporate Banking,Fraud,Medium,2026-04-30,27,30,On-Track,Closed
ISSUE-31611,Wealth Management,KYC,Low,2026-05-09,58,60,On-Track,Closed
ISSUE-48893,Investment Banking,Fraud,Medium,2026-08-05,33,30,Breached,Closed
ISSUE-66978,Corporate Banking,KYC,Medium,2026-07-01,17,30,On-Track,Closed
ISSUE-74650,Corporate Banking,Transaction Monitoring,Medium,2026-07-04,49,30,Breached,Open
ISSUE-50952,Credit Cards,Sanctions,Low,2026-06-28,55,60,On-Track,Open
ISSUE-34033,Credit Cards,Fraud,High,2026-05-15,1,15,On-Track,Closed
ISSUE-28143,Corporate Banking,Fraud,Medium,2026-06-19,32,30,Breached,Closed
ISSUE-13952,Wealth Management,Sanctions,Low,2026-07-16,58,60,On-Track,Closed
ISSUE-99716,Wealth Management,Transaction Monitoring,High,2026-06-22,11,15,On-Track,Closed
ISSUE-11195,Investment Banking,Transaction Monitoring,Medium,2026-05-19,1,30,On-Track,Closed
ISSUE-37173,Corporate Banking,Sanctions,Medium,2026-06-29,8,30,On-Track,Closed
ISSUE-40478,Investment Banking,Fraud,Medium,2026-08-09,13,30,On-Track,In Progress
ISSUE-10637,Investment Banking,Fraud,High,2026-07-02,51,15,Breached,Open
ISSUE-20368,Corporate Banking,AML,Medium,2026-06-25,58,30,Breached,Open
ISSUE-52524,Retail Banking,Transaction Monitoring,High,2026-06-04,79,15,Breached,Open
ISSUE-93018,Wealth Management,Transaction Monitoring,Low,2026-06-13,70,60,Breached,In Progress
ISSUE-11762,Wealth Management,Fraud,Low,2026-07-12,41,60,On-Track,Open
ISSUE-54268,Credit Cards,AML,Low,2026-07-12,35,60,On-Track,Closed
ISSUE-51684,Corporate Banking,Sanctions,Low,2026-06-01,82,60,Breached,In Progress
ISSUE-46615,Corporate Banking,Transaction Monitoring,Medium,2026-05-24,90,30,Breached,Open
ISSUE-80614,Retail Banking,Sanctions,Low,2026-05-16,98,60,Breached,In Progress
ISSUE-69601,Wealth Management,AML,Low,2026-08-13,9,60,On-Track,In Progress
ISSUE-37169,Corporate Banking,AML,Medium,2026-05-19,95,30,Breached,Open
ISSUE-41416,Wealth Management,Fraud,High,2026-05-06,108,15,Breached,In Progress
ISSUE-76479,Investment Banking,KYC,High,2026-07-13,40,15,Breached,In Progress
ISSUE-37379,Retail Banking,KYC,High,2026-06-16,67,15,Breached,Open
ISSUE-24439,Investment Banking,Sanctions,High,2026-08-07,15,15,On-Track,In Progress
ISSUE-80831,Credit Cards,Sanctions,Low,2026-05-21,93,60,Breached,In Progress
ISSUE-46910,Credit Cards,Transaction Monitoring,High,2026-05-26,88,15,Breached,Open
ISSUE-20845,Corporate Banking,Transaction Monitoring,Medium,2026-08-16,6,30,On-Track,Open
ISSUE-33695,Retail Banking,AML,Low,2026-05-07,62,60,Breached,Closed
ISSUE-74926,Wealth Management,Transaction Monitoring,High,2026-04-28,116,15,Breached,Open
ISSUE-95424,Investment Banking,AML,Low,2026-05-25,89,60,Breached,Open
ISSUE-10401,Wealth Management,Sanctions,Medium,2026-05-29,85,30,Breached,Open
ISSUE-77681,Investment Banking,KYC,Medium,2026-04-28,116,30,Breached,Open
ISSUE-49183,Corporate Banking,Sanctions,Low,2026-08-20,2,60,On-Track,In Progress
ISSUE-28777,Wealth Management,Sanctions,High,2026-05-01,113,15,Breached,In Progress
ISSUE-19202,Credit Cards,KYC,Low,2026-07-11,33,60,On-Track,Closed
ISSUE-19201,Wealth Management,AML,High,2026-07-22,15,15,On-Track,Closed
ISSUE-15183,Credit Cards,Fraud,Low,2026-04-25,119,60,Breached,Open
ISSUE-55660,Credit Cards,KYC,Medium,2026-05-23,91,30,Breached,Open
ISSUE-21978,Retail Banking,Transaction Monitoring,Low,2026-07-03,50,60,On-Track,In Progress
ISSUE-42427,Retail Banking,KYC,High,2026-06-10,73,15,Breached,In Progress
ISSUE-91335,Investment Banking,Sanctions,Medium,2026-05-16,98,30,Breached,In Progress
ISSUE-86532,Wealth Management,Fraud,High,2026-08-09,13,15,On-Track,In Progress
ISSUE-50623,Corporate Banking,KYC,High,2026-07-27,26,15,Breached,In Progress
ISSUE-19764,Retail Banking,KYC,Low,2026-06-13,70,60,Breached,Open
ISSUE-22335,Credit Cards,Transaction Monitoring,Medium,2026-06-17,4,30,On-Track,Closed
ISSUE-72093,Credit Cards,Sanctions,Low,2026-06-28,8,60,On-Track,Closed
ISSUE-73269,Credit Cards,Fraud,Medium,2026-08-09,13,30,On-Track,In Progress
ISSUE-50827,Retail Banking,Transaction Monitoring,Low,2026-06-10,73,60,Breached,In Progress
ISSUE-22640,Corporate Banking,AML,Medium,2026-08-13,21,30,On-Track,Closed
ISSUE-91923,Corporate Banking,Transaction Monitoring,Low,2026-08-14,4,60,On-Track,Closed
ISSUE-62254,Retail Banking,Sanctions,Medium,2026-05-24,90,30,Breached,In Progress
ISSUE-60637,Retail Banking,KYC,Medium,2026-06-14,35,30,Breached,Closed
ISSUE-53873,Retail Banking,Fraud,Medium,2026-05-11,103,30,Breached,Open
ISSUE-10191,Investment Banking,Transaction Monitoring,High,2026-08-21,8,15,On-Track,Closed
ISSUE-81460,Credit Cards,KYC,Medium,2026-05-22,92,30,Breached,Open
ISSUE-89792,Corporate Banking,Transaction Monitoring,High,2026-07-05,48,15,Breached,In Progress
ISSUE-79174,Investment Banking,Transaction Monitoring,Low,2026-05-06,108,60,Breached,Open
ISSUE-79534,Wealth Management,KYC,Low,2026-08-18,4,60,On-Track,In Progress
ISSUE-35404,Investment Banking,KYC,High,2026-08-09,13,15,On-Track,Open
ISSUE-27693,Retail Banking,Sanctions,High,2026-08-10,12,15,On-Track,In Progress
ISSUE-92178,Retail Banking,Transaction Monitoring,High,2026-08-03,19,15,Breached,Open
ISSUE-61144,Credit Cards,Fraud,High,2026-05-25,6,15,On-Track,Closed
ISSUE-26400,Corporate Banking,KYC,Medium,2026-07-14,26,30,On-Track,Closed
ISSUE-29959,Retail Banking,Fraud,Low,2026-06-13,3,60,On-Track,Closed
ISSUE-44310,Corporate Banking,Transaction Monitoring,High,2026-07-14,19,15,Breached,Closed
ISSUE-10707,Wealth Management,Sanctions,High,2026-07-12,41,15,Breached,In Progress
ISSUE-19731,Corporate Banking,AML,Medium,2026-08-13,9,30,On-Track,In Progress
ISSUE-88516,Corporate Banking,KYC,Medium,2026-08-01,21,30,On-Track,Open
ISSUE-67723,Wealth Management,Fraud,Low,2026-06-07,76,60,Breached,In Progress
ISSUE-25771,Investment Banking,Fraud,High,2026-06-24,59,15,Breached,In Progress
ISSUE-67241,Wealth Management,AML,High,2026-05-16,98,15,Breached,In Progress
ISSUE-30433,Investment Banking,AML,Low,2026-06-11,72,60,Breached,Open
ISSUE-93035,Wealth Management,Transaction Monitoring,Medium,2026-06-04,79,30,Breached,In Progress
ISSUE-84399,Corporate Banking,AML,Medium,2026-06-30,53,30,Breached,Open
ISSUE-66194,Retail Banking,KYC,Low,2026-06-28,55,60,On-Track,In Progress
ISSUE-93629,Credit Cards,Fraud,Low,2026-06-10,73,60,Breached,In Progress
ISSUE-19671,Retail Banking,AML,Low,2026-07-10,43,60,On-Track,In Progress
ISSUE-86872,Investment Banking,AML,Medium,2026-05-23,7,30,On-Track,Closed
ISSUE-21977,Credit Cards,KYC,High,2026-06-06,16,15,Breached,Closed
ISSUE-29396,Credit Cards,Fraud,Low,2026-07-24,29,60,On-Track,In Progress
ISSUE-36512,Investment Banking,KYC,High,2026-07-19,10,15,On-Track,Closed
ISSUE-74225,Retail Banking,KYC,Medium,2026-04-30,114,30,Breached,In Progress
ISSUE-21298,Retail Banking,Transaction Monitoring,Medium,2026-05-22,92,30,Breached,In Progress
ISSUE-57522,Wealth Management,Sanctions,High,2026-07-03,50,15,Breached,In Progress
ISSUE-87833,Credit Cards,Fraud,High,2026-07-03,50,15,Breached,In Progress
ISSUE-91982,Credit Cards,Fraud,Medium,2026-06-14,69,30,Breached,Open
ISSUE-45417,Retail Banking,KYC,Low,2026-05-17,18,60,On-Track,Closed
ISSUE-27828,Credit Cards,KYC,High,2026-08-01,21,15,Breached,Open
ISSUE-89647,Investment Banking,Transaction Monitoring,Low,2026-08-04,34,60,On-Track,Closed
ISSUE-11526,Credit Cards,Fraud,Medium,2026-07-23,30,30,On-Track,Open
ISSUE-46870,Wealth Management,KYC,High,2026-06-08,75,15,Breached,Open
ISSUE-16355,Investment Banking,AML,Medium,2026-07-08,45,30,Breached,In Progress
ISSUE-61287,Corporate Banking,Fraud,Medium,2026-05-02,112,30,Breached,Open
ISSUE-41265,Wealth Management,Fraud,High,2026-07-14,39,15,Breached,Open
ISSUE-58503,Wealth Management,Transaction Monitoring,High,2026-04-28,7,15,On-Track,Closed
ISSUE-10271,Investment Banking,AML,Low,2026-06-09,20,60,On-Track,Closed
ISSUE-34270,Retail Banking,Fraud,Low,2026-06-07,31,60,On-Track,Closed
ISSUE-21111,Investment Banking,KYC,High,2026-08-17,5,15,On-Track,Open
ISSUE-98303,Wealth Management,KYC,Low,2026-07-16,37,60,On-Track,Open
ISSUE-92948,Investment Banking,Sanctions,Low,2026-08-01,21,60,On-Track,Open
ISSUE-73557,Investment Banking,Transaction Monitoring,Medium,2026-05-30,84,30,Breached,In Progress
ISSUE-69926,Wealth Management,KYC,Low,2026-05-18,96,60,Breached,Open
ISSUE-12372,Wealth Management,Transaction Monitoring,High,2026-07-24,29,15,Breached,Open
ISSUE-64183,Investment Banking,KYC,Low,2026-07-02,51,60,On-Track,Open
ISSUE-41159,Investment Banking,KYC,Medium,2026-06-13,70,30,Breached,Open
ISSUE-10104,Corporate Banking,AML,Low,2026-07-19,34,60,On-Track,In Progress
ISSUE-64081,Retail Banking,AML,Low,2026-05-06,58,60,On-Track,Closed
ISSUE-40333,Credit Cards,Transaction Monitoring,Low,2026-04-29,115,60,Breached,In Progress
ISSUE-53107,Corporate Banking,AML,Low,2026-08-03,19,60,On-Track,In Progress
ISSUE-41129,Investment Banking,Fraud,Low,2026-06-09,74,60,Breached,In Progress
ISSUE-26589,Retail Banking,Fraud,High,2026-07-02,51,15,Breached,Open
ISSUE-52469,Credit Cards,Fraud,Medium,2026-05-03,111,30,Breached,In Progress
ISSUE-80531,Wealth Management,Fraud,High,2026-05-23,91,15,Breached,Open
ISSUE-70488,Retail Banking,KYC,High,2026-05-29,8,15,On-Track,Closed
ISSUE-16968,Credit Cards,KYC,Medium,2026-08-03,19,30,On-Track,In Progress
ISSUE-69583,Corporate Banking,Sanctions,Low,2026-06-20,39,60,On-Track,Closed
ISSUE-20745,Credit Cards,Sanctions,Low,2026-06-05,78,60,Breached,In Progress
ISSUE-63152,Investment Banking,Fraud,Low,2026-05-06,12,60,On-Track,Closed
ISSUE-89299,Investment Banking,Transaction Monitoring,Medium,2026-07-28,8,30,On-Track,Closed
ISSUE-72956,Wealth Management,Fraud,High,2026-05-22,92,15,Breached,Open
ISSUE-14399,Wealth Management,KYC,Medium,2026-05-12,102,30,Breached,Open
ISSUE-17329,Corporate Banking,AML,Medium,2026-06-14,1,30,On-Track,Closed
ISSUE-52303,Investment Banking,KYC,High,2026-08-02,20,15,Breached,In Progress
ISSUE-36824,Investment Banking,KYC,Low,2026-06-18,65,60,Breached,Open
ISSUE-59515,Wealth Management,KYC,Low,2026-07-17,63,60,Breached,Closed
ISSUE-73939,Investment Banking,Sanctions,High,2026-07-13,40,15,Breached,In Progress
ISSUE-49448,Retail Banking,Fraud,High,2026-07-10,9,15,On-Track,Closed
ISSUE-66991,Retail Banking,Transaction Monitoring,High,2026-05-19,17,15,Breached,Closed
ISSUE-91888,Retail Banking,KYC,Low,2026-08-05,17,60,On-Track,In Progress
ISSUE-13918,Retail Banking,Transaction Monitoring,Medium,2026-08-07,4,30,On-Track,Closed
ISSUE-40076,Corporate Banking,Sanctions,Low,2026-06-05,78,60,Breached,Open
ISSUE-50293,Credit Cards,Transaction Monitoring,Low,2026-07-29,55,60,On-Track,Closed
ISSUE-97468,Wealth Management,Fraud,Medium,2026-07-30,23,30,On-Track,Open
ISSUE-38633,Corporate Banking,AML,Low,2026-05-04,43,60,On-Track,Closed
ISSUE-27752,Credit Cards,Transaction Monitoring,High,2026-07-02,20,15,Breached,Closed
ISSUE-66119,Investment Banking,Sanctions,Medium,2026-08-01,7,30,On-Track,Closed
ISSUE-79315,Investment Banking,Fraud,High,2026-07-16,37,15,Breached,In Progress
ISSUE-56672,Retail Banking,Sanctions,Medium,2026-06-25,22,30,On-Track,Closed
ISSUE-26125,Retail Banking,AML,Medium,2026-06-21,62,30,Breached,Open
ISSUE-97025,Wealth Management,KYC,Medium,2026-07-28,23,30,On-Track,Closed
ISSUE-38000,Wealth Management,KYC,Medium,2026-06-02,81,30,Breached,In Progress
ISSUE-71217,Investment Banking,AML,Low,2026-07-07,46,60,On-Track,Open
ISSUE-29333,Corporate Banking,Sanctions,Medium,2026-06-24,59,30,Breached,In Progress
ISSUE-80789,Investment Banking,Transaction Monitoring,Low,2026-06-14,69,60,Breached,Open
ISSUE-41965,Corporate Banking,AML,Low,2026-08-01,21,60,On-Track,Open
ISSUE-63424,Retail Banking,Fraud,Medium,2026-04-27,25,30,On-Track,Closed
ISSUE-66613,Corporate Banking,AML,Medium,2026-08-06,16,30,On-Track,Open
ISSUE-25547,Retail Banking,KYC,Low,2026-08-17,5,60,On-Track,Open
ISSUE-51914,Credit Cards,KYC,Medium,2026-05-22,15,30,On-Track,Closed
ISSUE-13156,Corporate Banking,Transaction Monitoring,High,2026-05-22,92,15,Breached,In Progress
ISSUE-54037,Corporate Banking,AML,High,2026-07-29,24,15,Breached,Open
ISSUE-82443,Wealth Management,Fraud,High,2026-05-30,84,15,Breached,In Progress
ISSUE-22843,Credit Cards,Transaction Monitoring,Low,2026-07-02,51,60,On-Track,Open
ISSUE-66197,Credit Cards,Transaction Monitoring,Medium,2026-04-26,118,30,Breached,Open
ISSUE-20776,Investment Banking,AML,Low,2026-06-09,74,60,Breached,In Progress
ISSUE-36117,Credit Cards,KYC,High,2026-06-29,6,15,On-Track,Closed
ISSUE-11972,Corporate Banking,AML,Medium,2026-06-05,78,30,Breached,Open
ISSUE-88856,Corporate Banking,Transaction Monitoring,Medium,2026-07-10,29,30,On-Track,Closed
ISSUE-43632,Credit Cards,Sanctions,High,2026-06-15,68,15,Breached,In Progress
ISSUE-85403,Corporate Banking,Transaction Monitoring,Medium,2026-06-16,67,30,Breached,Open
ISSUE-94390,Investment Banking,KYC,High,2026-06-19,64,15,Breached,In Progress
ISSUE-92036,Investment Banking,KYC,Medium,2026-08-05,17,30,On-Track,In Progress
ISSUE-19269,Credit Cards,Fraud,Low,2026-08-03,19,60,On-Track,Open
ISSUE-78152,Investment Banking,AML,Medium,2026-06-15,20,30,On-Track,Closed
ISSUE-14250,Credit Cards,Transaction Monitoring,Low,2026-05-21,37,60,On-Track,Closed
ISSUE-22657,Corporate Banking,Sanctions,Low,2026-06-04,50,60,On-Track,Closed
ISSUE-56702,Wealth Management,KYC,Low,2026-06-21,62,60,Breached,Open
ISSUE-52840,Retail Banking,Fraud,High,2026-08-08,14,15,On-Track,Open
ISSUE-12969,Corporate Banking,Fraud,Medium,2026-07-24,28,30,On-Track,Closed
ISSUE-60425,Corporate Banking,Transaction Monitoring,Low,2026-05-06,108,60,Breached,Open
ISSUE-55718,Corporate Banking,KYC,Low,2026-08-08,14,60,On-Track,In Progress
ISSUE-77382,Wealth Management,Fraud,Medium,2026-05-23,91,30,Breached,Open
ISSUE-32077,Wealth Management,Transaction Monitoring,Medium,2026-05-21,93,30,Breached,In Progress
ISSUE-39193,Wealth Management,KYC,High,2026-08-12,1,15,On-Track,Closed
ISSUE-96011,Wealth Management,Fraud,Medium,2026-05-23,91,30,Breached,In Progress
ISSUE-42670,Corporate Banking,AML,Medium,2026-07-14,39,30,Breached,In Progress
ISSUE-83380,Corporate Banking,KYC,Medium,2026-08-12,10,30,On-Track,Open
ISSUE-74624,Wealth Management,Sanctions,High,2026-05-17,5,15,On-Track,Closed
ISSUE-78216,Corporate Banking,Transaction Monitoring,Low,2026-08-02,51,60,On-Track,Closed
ISSUE-96759,Corporate Banking,Sanctions,High,2026-06-29,54,15,Breached,Open
ISSUE-38938,Investment Banking,Fraud,High,2026-07-20,3,15,On-Track,Closed
ISSUE-14108,Credit Cards,AML,Medium,2026-07-31,22,30,On-Track,Open
ISSUE-63895,Retail Banking,Fraud,Medium,2026-05-03,111,30,Breached,In Progress
ISSUE-32722,Wealth Management,AML,Medium,2026-07-16,37,30,Breached,Open
ISSUE-96528,Investment Banking,Fraud,Medium,2026-07-20,19,30,On-Track,Closed
ISSUE-91994,Investment Banking,Fraud,Low,2026-07-26,27,60,On-Track,In Progress
ISSUE-65101,Credit Cards,Sanctions,High,2026-06-20,63,15,Breached,In Progress
ISSUE-72989,Investment Banking,AML,High,2026-07-30,23,15,Breached,In Progress
ISSUE-88841,Wealth Management,KYC,High,2026-06-04,19,15,Breached,Closed
ISSUE-87048,Credit Cards,AML,High,2026-06-26,57,15,Breached,Open
ISSUE-37807,Investment Banking,Fraud,Medium,2026-06-04,25,30,On-Track,Closed
ISSUE-72985,Investment Banking,Sanctions,High,2026-07-05,6,15,On-Track,Closed
ISSUE-59626,Corporate Banking,Fraud,Medium,2026-07-26,21,30,On-Track,Closed
ISSUE-77194,Retail Banking,Transaction Monitoring,Medium,2026-08-01,21,30,On-Track,In Progress
ISSUE-24271,Credit Cards,KYC,High,2026-07-17,36,15,Breached,Open
ISSUE-76781,Wealth Management,Sanctions,Medium,2026-08-14,8,30,On-Track,Open
ISSUE-81453,Wealth Management,KYC,Medium,2026-07-30,25,30,On-Track,Closed
ISSUE-40463,Credit Cards,Transaction Monitoring,Medium,2026-05-06,108,30,Breached,In Progress
ISSUE-80131,Retail Banking,AML,High,2026-04-27,117,15,Breached,Open
ISSUE-26562,Investment Banking,Fraud,Medium,2026-07-29,24,30,On-Track,Open
ISSUE-68745,Investment Banking,AML,Low,2026-07-19,34,60,On-Track,Open
ISSUE-31784,Credit Cards,Sanctions,Medium,2026-08-20,23,30,On-Track,Closed
ISSUE-12583,Wealth Management,Transaction Monitoring,Low,2026-07-14,39,60,On-Track,Open
ISSUE-84886,Wealth Management,AML,Medium,2026-07-15,31,30,Breached,Closed
ISSUE-80685,Wealth Management,Fraud,High,2026-06-25,58,15,Breached,In Progress
ISSUE-94370,Credit Cards,KYC,High,2026-05-11,13,15,On-Track,Closed
ISSUE-43578,Investment Banking,AML,High,2026-08-10,12,15,On-Track,In Progress
ISSUE-55743,Corporate Banking,Sanctions,Medium,2026-04-28,31,30,Breached,Closed
ISSUE-18274,Credit Cards,KYC,Low,2026-06-02,81,60,Breached,In Progress
ISSUE-64908,Investment Banking,Sanctions,Low,2026-07-22,46,60,On-Track,Closed
ISSUE-13744,Investment Banking,Fraud,Low,2026-07-03,50,60,On-Track,In Progress
ISSUE-96286,Credit Cards,AML,Low,2026-07-02,51,60,On-Track,Open
ISSUE-18225,Corporate Banking,KYC,Medium,2026-07-07,46,30,Breached,Open
ISSUE-27161,Investment Banking,KYC,Low,2026-08-02,46,60,On-Track,Closed
ISSUE-26228,Credit Cards,Sanctions,Low,2026-08-10,12,60,On-Track,Open
ISSUE-81960,Wealth Management,Sanctions,Medium,2026-06-27,5,30,On-Track,Closed
ISSUE-42737,Retail Banking,Sanctions,Low,2026-05-23,91,60,Breached,In Progress
ISSUE-83064,Wealth Management,Transaction Monitoring,High,2026-07-07,46,15,Breached,In Progress
ISSUE-33020,Retail Banking,AML,Low,2026-07-15,43,60,On-Track,Closed
ISSUE-56320,Credit Cards,AML,Medium,2026-08-10,12,30,On-Track,Open
ISSUE-69550,Corporate Banking,AML,Medium,2026-04-28,116,30,Breached,Open
ISSUE-13774,Retail Banking,KYC,Medium,2026-05-21,93,30,Breached,Open
ISSUE-81953,Credit Cards,Transaction Monitoring,Medium,2026-08-01,22,30,On-Track,Closed
ISSUE-43736,Retail Banking,Fraud,High,2026-07-23,30,15,Breached,In Progress
ISSUE-14836,Credit Cards,Transaction Monitoring,High,2026-08-07,15,15,On-Track,In Progress
ISSUE-61925,Credit Cards,Fraud,Low,2026-07-17,36,60,On-Track,Open
ISSUE-17531,Corporate Banking,Sanctions,Medium,2026-07-08,7,30,On-Track,Closed
ISSUE-34376,Wealth Management,KYC,Low,2026-04-26,49,60,On-Track,Closed
ISSUE-21631,Credit Cards,Sanctions,Low,2026-05-21,93,60,Breached,In Progress
ISSUE-49669,Wealth Management,KYC,High,2026-07-04,49,15,Breached,Open
ISSUE-48278,Credit Cards,Fraud,Medium,2026-08-01,21,30,On-Track,Open
ISSUE-88498,Investment Banking,Fraud,Low,2026-05-25,89,60,Breached,Open
ISSUE-77726,Credit Cards,Sanctions,High,2026-05-21,93,15,Breached,In Progress
ISSUE-83266,Wealth Management,Sanctions,Medium,2026-05-19,95,30,Breached,In Progress
ISSUE-94350,Wealth Management,KYC,Low,2026-08-11,11,60,On-Track,In Progress
ISSUE-66834,Credit Cards,Fraud,Medium,2026-08-10,12,30,On-Track,Open
ISSUE-50760,Corporate Banking,Sanctions,Medium,2026-05-04,110,30,Breached,In Progress
ISSUE-19428,Investment Banking,AML,Low,2026-05-08,106,60,Breached,Open
ISSUE-83242,Retail Banking,Transaction Monitoring,Medium,2026-07-14,22,30,On-Track,Closed
ISSUE-99549,Credit Cards,Fraud,High,2026-08-19,3,15,On-Track,Closed
ISSUE-68383,Credit Cards,Fraud,High,2026-05-17,18,15,Breached,Closed
ISSUE-15018,Investment Banking,KYC,High,2026-08-08,14,15,On-Track,Open
ISSUE-65453,Wealth Management,Fraud,High,2026-05-23,6,15,On-Track,Closed
ISSUE-56938,Investment Banking,AML,Medium,2026-06-07,33,30,Breached,Closed
ISSUE-54636,Credit Cards,Fraud,High,2026-05-28,86,15,Breached,Open
ISSUE-97428,Corporate Banking,Fraud,High,2026-08-08,14,15,On-Track,In Progress
ISSUE-63243,Credit Cards,KYC,Low,2026-05-31,7,60,On-Track,Closed
ISSUE-39754,Retail Banking,Fraud,Low,2026-08-07,46,60,On-Track,Closed
ISSUE-90277,Retail Banking,Sanctions,High,2026-05-01,113,15,Breached,In Progress
ISSUE-44763,Credit Cards,Sanctions,Medium,2026-06-29,54,30,Breached,Open
ISSUE-41361,Retail Banking,KYC,Low,2026-06-06,77,60,Breached,In Progress
ISSUE-92522,Wealth Management,Fraud,High,2026-05-28,86,15,Breached,Open
ISSUE-26033,Wealth Management,KYC,Low,2026-07-03,50,60,On-Track,In Progress
ISSUE-21023,Credit Cards,AML,Medium,2026-06-12,16,30,On-Track,Closed
ISSUE-63495,Retail Banking,KYC,Low,2026-08-08,45,60,On-Track,Closed
ISSUE-22447,Retail Banking,Transaction Monitoring,High,2026-07-22,15,15,On-Track,Closed
ISSUE-36521,Investment Banking,Transaction Monitoring,Medium,2026-07-19,34,30,Breached,In Progress
ISSUE-35424,Investment Banking,KYC,High,2026-06-26,57,15,Breached,Open
ISSUE-17598,Investment Banking,Fraud,High,2026-06-15,17,15,Breached,Closed
ISSUE-47407,Corporate Banking,Transaction Monitoring,Medium,2026-07-09,25,30,On-Track,Closed
ISSUE-74163,Corporate Banking,KYC,Low,2026-08-04,18,60,On-Track,Open
ISSUE-28347,Corporate Banking,KYC,Medium,2026-06-14,34,30,Breached,Closed
ISSUE-83554,Investment Banking,Fraud,High,2026-07-20,33,15,Breached,Open
ISSUE-99516,Corporate Banking,Fraud,Medium,2026-05-26,88,30,Breached,In Progress
ISSUE-50571,Credit Cards,Fraud,High,2026-07-20,33,15,Breached,In Progress
ISSUE-96857,Retail Banking,Fraud,Low,2026-06-20,13,60,On-Track,Closed
ISSUE-56085,Corporate Banking,KYC,High,2026-06-16,67,15,Breached,In Progress
ISSUE-52456,Wealth Management,AML,Low,2026-08-12,10,60,On-Track,Open
ISSUE-64231,Retail Banking,Sanctions,High,2026-07-11,10,15,On-Track,Closed
ISSUE-37958,Retail Banking,AML,High,2026-05-09,105,15,Breached,In Progress
ISSUE-84996,Wealth Management,Fraud,High,2026-08-21,1,15,On-Track,In Progress
ISSUE-11333,Retail Banking,Sanctions,Medium,2026-07-28,25,30,On-Track,In Progress
ISSUE-22382,Wealth Management,Transaction Monitoring,Medium,2026-08-19,3,30,On-Track,Closed
ISSUE-36697,Wealth Management,Sanctions,High,2026-06-18,11,15,On-Track,Closed
ISSUE-59566,Investment Banking,Sanctions,Low,2026-07-27,46,60,On-Track,Closed
ISSUE-96936,Retail Banking,KYC,Medium,2026-08-11,5,30,On-Track,Closed
ISSUE-52766,Wealth Management,Sanctions,Low,2026-08-16,62,60,Breached,Closed
ISSUE-64323,Investment Banking,Transaction Monitoring,Low,2026-05-11,103,60,Breached,Open
ISSUE-88040,Credit Cards,Fraud,Medium,2026-06-25,58,30,Breached,Open
ISSUE-54936,Credit Cards,Sanctions,Medium,2026-06-14,69,30,Breached,In Progress
ISSUE-87204,Corporate Banking,AML,Low,2026-08-16,6,60,On-Track,In Progress
ISSUE-59344,Credit Cards,AML,High,2026-04-28,20,15,Breached,Closed
ISSUE-67721,Retail Banking,Transaction Monitoring,Low,2026-08-02,20,60,On-Track,In Progress
ISSUE-51448,Investment Banking,AML,High,2026-06-02,81,15,Breached,Open
ISSUE-93734,Credit Cards,AML,Medium,2026-08-17,5,30,On-Track,In Progress
ISSUE-39847,Retail Banking,Transaction Monitoring,Low,2026-08-10,6,60,On-Track,Closed
ISSUE-60644,Credit Cards,Transaction Monitoring,Low,2026-05-17,60,60,On-Track,Closed
ISSUE-54930,Investment Banking,Sanctions,High,2026-08-17,1,15,On-Track,Closed
ISSUE-25137,Corporate Banking,KYC,Low,2026-08-05,17,60,On-Track,Open
ISSUE-57418,Corporate Banking,Fraud,Medium,2026-05-02,112,30,Breached,In Progress
ISSUE-74760,Corporate Banking,Sanctions,Low,2026-07-07,40,60,On-Track,Closed
ISSUE-59090,Wealth Management,Transaction Monitoring,High,2026-07-24,29,15,Breached,Open
ISSUE-77881,Credit Cards,Fraud,Medium,2026-05-19,27,30,On-Track,Closed
ISSUE-72313,Credit Cards,AML,High,2026-04-28,11,15,On-Track,Closed
ISSUE-55998,Wealth Management,AML,Medium,2026-05-31,83,30,Breached,In Progress
ISSUE-45997,Credit Cards,Fraud,Medium,2026-06-19,64,30,Breached,Open
ISSUE-11120,Investment Banking,AML,High,2026-07-26,1,15,On-Track,Closed
ISSUE-21029,Wealth Management,AML,High,2026-08-03,13,15,On-Track,Closed
ISSUE-48355,Retail Banking,AML,High,2026-08-08,5,15,On-Track,Closed
ISSUE-31764,Wealth Management,Sanctions,Low,2026-05-22,92,60,Breached,Open
ISSUE-11738,Investment Banking,AML,Low,2026-05-19,95,60,Breached,Open
ISSUE-21152,Retail Banking,Transaction Monitoring,High,2026-04-26,118,15,Breached,Open
ISSUE-23332,Investment Banking,KYC,High,2026-05-03,17,15,Breached,Closed
ISSUE-61315,Retail Banking,AML,Medium,2026-05-02,112,30,Breached,Open
ISSUE-81269,Retail Banking,KYC,Medium,2026-05-21,93,30,Breached,In Progress
ISSUE-62012,Retail Banking,Sanctions,Medium,2026-05-27,19,30,On-Track,Closed
ISSUE-75538,Corporate Banking,Transaction Monitoring,Medium,2026-06-21,62,30,Breached,Open
ISSUE-73430,Retail Banking,AML,Low,2026-06-27,56,60,On-Track,Open
ISSUE-58883,Corporate Banking,AML,Low,2026-05-20,94,60,Breached,In Progress
ISSUE-90734,Corporate Banking,Sanctions,High,2026-08-12,10,15,On-Track,In Progress
ISSUE-91851,Credit Cards,Fraud,High,2026-07-22,31,15,Breached,In Progress
ISSUE-68259,Investment Banking,Sanctions,Medium,2026-05-13,5,30,On-Track,Closed
ISSUE-25877,Retail Banking,KYC,High,2026-05-08,2,15,On-Track,Closed
ISSUE-34282,Wealth Management,Fraud,High,2026-06-05,78,15,Breached,In Progress
ISSUE-65064,Retail Banking,KYC,Low,2026-08-19,3,60,On-Track,In Progress
ISSUE-80125,Investment Banking,KYC,Medium,2026-05-03,11,30,On-Track,Closed
ISSUE-99494,Credit Cards,Sanctions,High,2026-06-30,53,15,Breached,Open
ISSUE-58467,Corporate Banking,Transaction Monitoring,High,2026-06-28,12,15,On-Track,Closed
ISSUE-82545,Corporate Banking,Fraud,Medium,2026-08-03,18,30,On-Track,Closed
ISSUE-46784,Corporate Banking,Transaction Monitoring,Medium,2026-05-29,85,30,Breached,Open
ISSUE-15595,Wealth Management,Sanctions,Low,2026-07-19,34,60,On-Track,Open
ISSUE-48179,Investment Banking,Sanctions,Medium,2026-08-01,21,30,On-Track,In Progress
ISSUE-40002,Credit Cards,AML,High,2026-07-11,42,15,Breached,In Progress
ISSUE-79950,Retail Banking,Fraud,Low,2026-05-24,65,60,Breached,Closed
ISSUE-68295,Credit Cards,Sanctions,High,2026-07-08,13,15,On-Track,Closed
ISSUE-24295,Investment Banking,KYC,Medium,2026-05-03,33,30,Breached,Closed
ISSUE-45141,Credit Cards,Sanctions,High,2026-08-16,6,15,On-Track,Open
ISSUE-66435,Retail Banking,Transaction Monitoring,Low,2026-05-03,111,60,Breached,In Progress
ISSUE-98248,Corporate Banking,Sanctions,High,2026-06-17,5,15,On-Track,Closed
ISSUE-12718,Corporate Banking,KYC,Medium,2026-05-10,104,30,Breached,In Progress
ISSUE-64325,Credit Cards,AML,Medium,2026-06-21,62,30,Breached,Open
ISSUE-76631,Wealth Management,AML,Low,2026-05-18,96,60,Breached,Open
ISSUE-80487,Investment Banking,Fraud,High,2026-05-25,89,15,Breached,Open
ISSUE-70208,Retail Banking,KYC,Medium,2026-07-14,5,30,On-Track,Closed
ISSUE-85840,Wealth Management,Fraud,Medium,2026-07-01,17,30,On-Track,Closed
ISSUE-57136,Credit Cards,AML,Medium,2026-07-11,10,30,On-Track,Closed
ISSUE-20332,Credit Cards,KYC,High,2026-07-24,12,15,On-Track,Closed
ISSUE-36496,Corporate Banking,Transaction Monitoring,Low,2026-04-29,115,60,Breached,Open
ISSUE-57701,Investment Banking,Transaction Monitoring,Medium,2026-07-03,50,30,Breached,In Progress
ISSUE-99201,Retail Banking,Fraud,Medium,2026-08-12,10,30,On-Track,Open
ISSUE-59854,Credit Cards,AML,Low,2026-06-23,60,60,On-Track,Open
ISSUE-49545,Investment Banking,Sanctions,Medium,2026-06-13,70,30,Breached,Open
ISSUE-12659,Investment Banking,Transaction Monitoring,Low,2026-07-22,31,60,On-Track,In Progress
ISSUE-56223,Retail Banking,KYC,Low,2026-04-25,119,60,Breached,In Progress
ISSUE-78547,Wealth Management,KYC,Low,2026-05-13,2,60,On-Track,Closed
ISSUE-77884,Wealth Management,Transaction Monitoring,High,2026-06-14,20,15,Breached,Closed
ISSUE-43258,Corporate Banking,AML,Low,2026-07-07,46,60,On-Track,In Progress
ISSUE-61214,Credit Cards,AML,Low,2026-05-13,4,60,On-Track,Closed
ISSUE-60306,Retail Banking,Transaction Monitoring,Low,2026-08-15,17,60,On-Track,Closed
ISSUE-58083,Corporate Banking,KYC,High,2026-05-16,6,15,On-Track,Closed
ISSUE-78412,Wealth Management,AML,Low,2026-05-30,84,60,Breached,Open
ISSUE-34415,Corporate Banking,KYC,Low,2026-08-11,4,60,On-Track,Closed
ISSUE-82928,Retail Banking,AML,Medium,2026-05-29,85,30,Breached,In Progress
ISSUE-55759,Corporate Banking,AML,High,2026-05-16,98,15,Breached,In Progress
ISSUE-34218,Credit Cards,Fraud,Low,2026-06-09,12,60,On-Track,Closed
ISSUE-97114,Credit Cards,Sanctions,Low,2026-07-08,45,60,On-Track,In Progress
ISSUE-67176,Corporate Banking,KYC,Medium,2026-07-05,5,30,On-Track,Closed
ISSUE-81926,Investment Banking,AML,High,2026-06-05,9,15,On-Track,Closed
ISSUE-14709,Wealth Management,Fraud,Medium,2026-06-07,76,30,Breached,Open
ISSUE-12321,Credit Cards,Transaction Monitoring,Low,2026-06-05,78,60,Breached,In Progress
ISSUE-10781,Credit Cards,AML,High,2026-05-15,99,15,Breached,In Progress
ISSUE-43614,Credit Cards,AML,High,2026-05-05,2,15,On-Track,Closed
ISSUE-28401,Retail Banking,Sanctions,Low,2026-06-24,59,60,On-Track,In Progress
ISSUE-21311,Credit Cards,Sanctions,Low,2026-08-09,13,60,On-Track,In Progress
ISSUE-28834,Retail Banking,Transaction Monitoring,High,2026-06-28,55,15,Breached,Open
ISSUE-56980,Retail Banking,Fraud,Medium,2026-07-22,31,30,Breached,In Progress
ISSUE-10288,Corporate Banking,KYC,Low,2026-08-15,64,60,Breached,Closed
ISSUE-80404,Investment Banking,Sanctions,Low,2026-06-29,54,60,On-Track,In Progress
ISSUE-11015,Corporate Banking,KYC,Medium,2026-07-07,46,30,Breached,In Progress
ISSUE-47030,Corporate Banking,AML,Low,2026-08-04,18,60,On-Track,Open
ISSUE-77321,Retail Banking,Transaction Monitoring,Low,2026-04-27,117,60,Breached,Open
ISSUE-15182,Credit Cards,Transaction Monitoring,Medium,2026-06-25,58,30,Breached,Open
ISSUE-77875,Wealth Management,AML,High,2026-07-01,52,15,Breached,Open
ISSUE-24716,Credit Cards,AML,Low,2026-08-10,44,60,On-Track,Closed
ISSUE-15244,Wealth Management,Fraud,Medium,2026-06-20,63,30,Breached,In Progress
ISSUE-68050,Wealth Management,Transaction Monitoring,Low,2026-06-12,51,60,On-Track,Closed
ISSUE-70496,Corporate Banking,Transaction Monitoring,Low,2026-07-14,60,60,On-Track,Closed
ISSUE-66438,Wealth Management,Sanctions,Low,2026-06-09,74,60,Breached,In Progress
ISSUE-69478,Wealth Management,Transaction Monitoring,Low,2026-06-17,66,60,Breached,Open
ISSUE-16905,Retail Banking,AML,High,2026-05-24,90,15,Breached,Open
ISSUE-84825,Wealth Management,Fraud,Medium,2026-08-02,20,30,On-Track,Open
ISSUE-17590,Corporate Banking,Fraud,High,2026-04-26,3,15,On-Track,Closed
ISSUE-39590,Corporate Banking,AML,Medium,2026-08-18,4,30,On-Track,Closed
ISSUE-52812,Retail Banking,AML,Low,2026-07-30,50,60,On-Track,Closed
ISSUE-18942,Wealth Management,KYC,Medium,2026-08-19,3,30,On-Track,Open
ISSUE-83440,Credit Cards,Transaction Monitoring,Medium,2026-07-30,19,30,On-Track,Closed
ISSUE-89536,Credit Cards,Fraud,Medium,2026-04-30,24,30,On-Track,Closed
ISSUE-55687,Corporate Banking,Fraud,Medium,2026-08-06,19,30,On-Track,Closed
ISSUE-48825,Wealth Management,Transaction Monitoring,Low,2026-08-07,15,60,On-Track,In Progress
ISSUE-61865,Investment Banking,Fraud,Medium,2026-08-21,15,30,On-Track,Closed
ISSUE-52107,Credit Cards,Transaction Monitoring,High,2026-07-18,35,15,Breached,In Progress
ISSUE-62297,Investment Banking,Transaction Monitoring,Medium,2026-07-21,35,30,Breached,Closed
ISSUE-76501,Wealth Management,Transaction Monitoring,Medium,2026-07-28,25,30,On-Track,In Progress
ISSUE-71960,Corporate Banking,KYC,Medium,2026-06-02,81,30,Breached,In Progress
ISSUE-86851,Investment Banking,Fraud,Low,2026-06-17,66,60,Breached,In Progress
ISSUE-48308,Corporate Banking,KYC,Medium,2026-07-17,36,30,Breached,In Progress
ISSUE-16017,Retail Banking,KYC,Medium,2026-06-29,54,30,Breached,In Progress
ISSUE-73215,Credit Cards,KYC,High,2026-06-06,77,15,Breached,In Progress
ISSUE-14786,Credit Cards,Transaction Monitoring,Medium,2026-05-22,34,30,Breached,Closed
ISSUE-21511,Investment Banking,Fraud,Medium,2026-06-16,4,30,On-Track,Closed
ISSUE-69298,Corporate Banking,KYC,Low,2026-05-27,87,60,Breached,In Progress
ISSUE-66889,Retail Banking,Fraud,Low,2026-07-26,27,60,On-Track,Open
ISSUE-98127,Investment Banking,Fraud,Medium,2026-07-23,22,30,On-Track,Closed
ISSUE-53401,Corporate Banking,KYC,Low,2026-07-06,28,60,On-Track,Closed
ISSUE-14039,Retail Banking,AML,Low,2026-08-20,5,60,On-Track,Closed
ISSUE-21597,Corporate Banking,Transaction Monitoring,High,2026-05-04,110,15,Breached,In Progress
ISSUE-55929,Investment Banking,Sanctions,Low,2026-05-19,95,60,Breached,Open
ISSUE-62480,Retail Banking,Transaction Monitoring,Medium,2026-07-20,11,30,On-Track,Closed
ISSUE-79545,Wealth Management,KYC,Low,2026-05-29,31,60,On-Track,Closed
ISSUE-71701,Corporate Banking,AML,Medium,2026-06-05,78,30,Breached,Open
ISSUE-35156,Wealth Management,KYC,Medium,2026-08-06,3,30,On-Track,Closed
ISSUE-99951,Corporate Banking,Sanctions,Low,2026-06-13,63,60,Breached,Closed
ISSUE-40422,Wealth Management,KYC,High,2026-05-26,88,15,Breached,In Progress
ISSUE-64703,Investment Banking,Transaction Monitoring,Low,2026-08-21,31,60,On-Track,Closed
ISSUE-30825,Retail Banking,Sanctions,High,2026-05-14,100,15,Breached,Open
ISSUE-87294,Corporate Banking,Fraud,Medium,2026-06-26,57,30,Breached,Open
ISSUE-13830,Corporate Banking,Fraud,Medium,2026-07-15,20,30,On-Track,Closed
ISSUE-87315,Investment Banking,AML,Low,2026-07-04,49,60,On-Track,In Progress
ISSUE-14485,Credit Cards,KYC,Low,2026-06-01,82,60,Breached,In Progress
ISSUE-44306,Investment Banking,Fraud,Medium,2026-04-29,9,30,On-Track,Closed
ISSUE-61470,Credit Cards,Fraud,High,2026-08-10,12,15,On-Track,In Progress
ISSUE-53398,Retail Banking,Sanctions,High,2026-06-17,66,15,Breached,In Progress
ISSUE-74217,Investment Banking,Sanctions,Low,2026-06-30,28,60,On-Track,Closed
ISSUE-35382,Wealth Management,Transaction Monitoring,Low,2026-06-20,63,60,Breached,In Progress
ISSUE-77773,Corporate Banking,KYC,Medium,2026-08-14,8,30,On-Track,In Progress
ISSUE-80096,Retail Banking,Sanctions,Medium,2026-07-18,35,30,Breached,In Progress
ISSUE-79434,Investment Banking,AML,Low,2026-06-14,69,60,Breached,In Progress
ISSUE-70284,Corporate Banking,Transaction Monitoring,Medium,2026-08-16,6,30,On-Track,In Progress
ISSUE-91726,Investment Banking,Fraud,Low,2026-05-31,5,60,On-Track,Closed
ISSUE-61875,Investment Banking,Fraud,High,2026-06-13,17,15,Breached,Closed
ISSUE-64598,Wealth Management,Fraud,Low,2026-06-10,9,60,On-Track,Closed
ISSUE-13599,Investment Banking,AML,High,2026-06-11,14,15,On-Track,Closed
ISSUE-71604,Retail Banking,KYC,Medium,2026-08-07,8,30,On-Track,Closed
ISSUE-16207,Wealth Management,Fraud,Low,2026-05-24,25,60,On-Track,Closed
ISSUE-98949,Credit Cards,Transaction Monitoring,High,2026-07-28,13,15,On-Track,Closed
ISSUE-25052,Corporate Banking,Transaction Monitoring,Low,2026-08-08,14,60,On-Track,In Progress
ISSUE-35720,Retail Banking,Fraud,High,2026-07-20,14,15,On-Track,Closed
ISSUE-99086,Wealth Management,Fraud,Medium,2026-05-14,30,30,On-Track,Closed
ISSUE-24580,Investment Banking,Fraud,High,2026-07-29,24,15,Breached,In Progress
ISSUE-13152,Investment Banking,AML,High,2026-05-31,83,15,Breached,In Progress
ISSUE-36234,Wealth Management,Transaction Monitoring,High,2026-05-15,7,15,On-Track,Closed
ISSUE-83576,Corporate Banking,Transaction Monitoring,High,2026-06-20,63,15,Breached,Open
ISSUE-42587,Retail Banking,Fraud,Medium,2026-08-07,15,30,On-Track,In Progress
ISSUE-75289,Credit Cards,Fraud,Medium,2026-06-25,4,30,On-Track,Closed
ISSUE-90965,Credit Cards,Fraud,Low,2026-07-01,52,60,On-Track,In Progress
ISSUE-81121,Investment Banking,Sanctions,Low,2026-06-12,18,60,On-Track,Closed
ISSUE-36952,Corporate Banking,Fraud,Medium,2026-05-28,86,30,Breached,In Progress
ISSUE-59534,Investment Banking,Sanctions,High,2026-05-27,20,15,Breached,Closed
ISSUE-90684,Wealth Management,Sanctions,Low,2026-06-01,50,60,On-Track,Closed
ISSUE-55050,Retail Banking,KYC,High,2026-06-29,54,15,Breached,Open
ISSUE-80585,Retail Banking,AML,Medium,2026-04-30,32,30,Breached,Closed
ISSUE-60946,Wealth Management,Sanctions,Low,2026-08-18,25,60,On-Track,Closed
ISSUE-23295,Corporate Banking,KYC,Medium,2026-07-25,28,30,On-Track,Open
ISSUE-20850,Investment Banking,KYC,Low,2026-06-09,74,60,Breached,Open
ISSUE-47066,Retail Banking,Sanctions,High,2026-06-27,9,15,On-Track,Closed
ISSUE-96969,Wealth Management,AML,Medium,2026-05-17,97,30,Breached,In Progress
ISSUE-71408,Investment Banking,Fraud,Low,2026-06-27,22,60,On-Track,Closed
ISSUE-28873,Credit Cards,KYC,High,2026-06-10,73,15,Breached,In Progress
ISSUE-44955,Corporate Banking,KYC,Low,2026-07-20,29,60,On-Track,Closed
ISSUE-90685,Investment Banking,KYC,High,2026-07-31,22,15,Breached,Open
ISSUE-22104,Retail Banking,Sanctions,Low,2026-06-20,63,60,Breached,In Progress
ISSUE-18271,Investment Banking,Sanctions,Medium,2026-06-03,80,30,Breached,Open
ISSUE-20516,Corporate Banking,Sanctions,Low,2026-07-16,57,60,On-Track,Closed
ISSUE-93453,Retail Banking,KYC,High,2026-06-17,66,15,Breached,Open
ISSUE-46918,Retail Banking,Transaction Monitoring,Medium,2026-07-03,50,30,Breached,Open
ISSUE-93338,Retail Banking,Fraud,Low,2026-06-15,68,60,Breached,Open
ISSUE-82577,Retail Banking,KYC,High,2026-06-04,79,15,Breached,Open
ISSUE-60823,Investment Banking,Sanctions,Low,2026-05-06,108,60,Breached,Open
ISSUE-49635,Retail Banking,Fraud,Medium,2026-08-14,18,30,On-Track,Closed
ISSUE-30824,Wealth Management,KYC,Low,2026-07-18,37,60,On-Track,Closed
ISSUE-35672,Investment Banking,Fraud,High,2026-05-13,7,15,On-Track,Closed
ISSUE-72819,Retail Banking,AML,High,2026-07-30,23,15,Breached,Open
ISSUE-39033,Wealth Management,Sanctions,Low,2026-06-17,66,60,Breached,Open
ISSUE-57280,Wealth Management,Fraud,Medium,2026-06-22,61,30,Breached,In Progress
ISSUE-82546,Wealth Management,AML,Medium,2026-08-07,15,30,On-Track,Open
ISSUE-88123,Wealth Management,KYC,Medium,2026-07-23,30,30,On-Track,In Progress
ISSUE-15885,Corporate Banking,AML,Medium,2026-07-15,19,30,On-Track,Closed
ISSUE-24131,Retail Banking,Sanctions,High,2026-08-02,14,15,On-Track,Closed
ISSUE-49999,Retail Banking,Fraud,High,2026-05-03,111,15,Breached,In Progress
ISSUE-24594,Investment Banking,KYC,Medium,2026-06-18,65,30,Breached,Open
ISSUE-75931,Credit Cards,Transaction Monitoring,Medium,2026-05-16,98,30,Breached,In Progress
ISSUE-20150,Credit Cards,Fraud,Low,2026-05-24,90,60,Breached,Open
ISSUE-51019,Corporate Banking,Transaction Monitoring,Low,2026-05-16,98,60,Breached,In Progress
ISSUE-64144,Credit Cards,Sanctions,High,2026-06-09,16,15,Breached,Closed
ISSUE-94087,Wealth Management,KYC,Medium,2026-06-19,11,30,On-Track,Closed
ISSUE-46060,Wealth Management,KYC,High,2026-06-14,69,15,Breached,Open
ISSUE-38296,Corporate Banking,Sanctions,High,2026-06-27,56,15,Breached,In Progress
ISSUE-59382,Wealth Management,Sanctions,Low,2026-06-19,64,60,Breached,Open
ISSUE-91458,Credit Cards,Fraud,High,2026-07-17,36,15,Breached,Open
ISSUE-11447,Wealth Management,Fraud,Medium,2026-05-03,8,30,On-Track,Closed
ISSUE-85814,Credit Cards,Fraud,Low,2026-05-27,87,60,Breached,Open
ISSUE-57017,Credit Cards,KYC,Medium,2026-04-26,6,30,On-Track,Closed
ISSUE-91714,Corporate Banking,Transaction Monitoring,Medium,2026-07-07,46,30,Breached,In Progress
ISSUE-81699,Investment Banking,Transaction Monitoring,Medium,2026-06-08,75,30,Breached,Open
ISSUE-71814,Corporate Banking,Fraud,Low,2026-07-18,35,60,On-Track,Open
ISSUE-17491,Corporate Banking,Fraud,High,2026-05-21,93,15,Breached,Open
ISSUE-10312,Investment Banking,KYC,Medium,2026-04-25,31,30,Breached,Closed
ISSUE-96241,Investment Banking,KYC,Medium,2026-07-27,26,30,On-Track,Open
ISSUE-71274,Wealth Management,Transaction Monitoring,Medium,2026-07-10,26,30,On-Track,Closed
ISSUE-28528,Retail Banking,Fraud,High,2026-04-25,12,15,On-Track,Closed
ISSUE-25918,Retail Banking,AML,Medium,2026-05-15,99,30,Breached,Open
ISSUE-46129,Credit Cards,Transaction Monitoring,Medium,2026-04-29,15,30,On-Track,Closed
ISSUE-23334,Wealth Management,Sanctions,Medium,2026-06-15,68,30,Breached,In Progress
ISSUE-39688,Corporate Banking,AML,High,2026-06-15,68,15,Breached,In Progress
ISSUE-94603,Retail Banking,AML,High,2026-08-08,3,15,On-Track,Closed
ISSUE-67719,Investment Banking,KYC,Low,2026-06-28,55,60,On-Track,Open
ISSUE-99310,Investment Banking,AML,Medium,2026-06-03,80,30,Breached,Open
ISSUE-25418,Retail Banking,Fraud,Medium,2026-05-18,96,30,Breached,Open
ISSUE-98726,Wealth Management,Fraud,Low,2026-06-21,36,60,On-Track,Closed
ISSUE-60254,Wealth Management,Transaction Monitoring,High,2026-06-21,62,15,Breached,In Progress
ISSUE-67942,Wealth Management,KYC,Medium,2026-08-07,31,30,Breached,Closed
ISSUE-17191,Retail Banking,Transaction Monitoring,High,2026-07-13,2,15,On-Track,Closed
ISSUE-73667,Retail Banking,Fraud,Low,2026-06-30,30,60,On-Track,Closed
ISSUE-66805,Wealth Management,Fraud,High,2026-07-14,39,15,Breached,Open
ISSUE-84772,Retail Banking,AML,High,2026-05-13,5,15,On-Track,Closed
ISSUE-35200,Credit Cards,AML,Medium,2026-07-31,15,30,On-Track,Closed
ISSUE-54248,Investment Banking,AML,High,2026-05-08,106,15,Breached,In Progress
ISSUE-46184,Wealth Management,AML,High,2026-08-04,18,15,Breached,Open
ISSUE-45259,Retail Banking,KYC,High,2026-06-26,57,15,Breached,In Progress
ISSUE-71443,Credit Cards,AML,Low,2026-07-21,50,60,On-Track,Closed
ISSUE-12683,Credit Cards,Fraud,Low,2026-05-12,102,60,Breached,Open
ISSUE-57455,Investment Banking,KYC,Low,2026-06-25,58,60,On-Track,Open
ISSUE-93117,Corporate Banking,KYC,Low,2026-06-05,33,60,On-Track,Closed
ISSUE-95948,Corporate Banking,Transaction Monitoring,Medium,2026-06-01,82,30,Breached,Open
ISSUE-18362,Retail Banking,KYC,Medium,2026-05-10,23,30,On-Track,Closed
ISSUE-80920,Credit Cards,Sanctions,Low,2026-07-21,48,60,On-Track,Closed
ISSUE-63228,Wealth Management,KYC,Medium,2026-08-10,19,30,On-Track,Closed
ISSUE-27497,Corporate Banking,KYC,High,2026-04-29,115,15,Breached,Open
ISSUE-33597,Credit Cards,Transaction Monitoring,Medium,2026-05-06,108,30,Breached,In Progress
ISSUE-57328,Wealth Management,Sanctions,High,2026-07-10,43,15,Breached,In Progress
ISSUE-57644,Credit Cards,AML,Medium,2026-05-10,104,30,Breached,In Progress
ISSUE-30570,Retail Banking,Transaction Monitoring,High,2026-07-10,43,15,Breached,Open
ISSUE-85236,Credit Cards,Transaction Monitoring,Medium,2026-05-31,83,30,Breached,Open
ISSUE-43281,Investment Banking,Fraud,Medium,2026-05-28,86,30,Breached,Open
ISSUE-76086,Credit Cards,AML,Medium,2026-05-26,19,30,On-Track,Closed
ISSUE-77221,Retail Banking,Fraud,Medium,2026-06-04,79,30,Breached,In Progress
ISSUE-72663,Retail Banking,Fraud,Low,2026-08-06,16,60,On-Track,In Progress
ISSUE-40866,Investment Banking,KYC,Medium,2026-06-20,63,30,Breached,Open
ISSUE-93729,Credit Cards,Transaction Monitoring,Low,2026-08-14,36,60,On-Track,Closed
ISSUE-11245,Wealth Management,Fraud,Low,2026-07-21,32,60,On-Track,In Progress
ISSUE-44515,Investment Banking,Sanctions,Medium,2026-04-30,35,30,Breached,Closed
ISSUE-70885,Retail Banking,AML,Low,2026-06-03,44,60,On-Track,Closed
ISSUE-31901,Investment Banking,KYC,Low,2026-06-15,68,60,Breached,Open
ISSUE-10339,Retail Banking,AML,High,2026-07-19,18,15,Breached,Closed
ISSUE-48694,Wealth Management,Transaction Monitoring,Medium,2026-05-23,18,30,On-Track,Closed
ISSUE-69102,Retail Banking,Transaction Monitoring,Medium,2026-05-04,9,30,On-Track,Closed
ISSUE-98366,Investment Banking,Fraud,Medium,2026-07-18,34,30,Breached,Closed
ISSUE-78826,Investment Banking,AML,High,2026-07-19,2,15,On-Track,Closed
ISSUE-44237,Retail Banking,KYC,High,2026-05-07,11,15,On-Track,Closed
ISSUE-38754,Investment Banking,AML,Medium,2026-05-11,29,30,On-Track,Closed
ISSUE-12214,Corporate Banking,Transaction Monitoring,Medium,2026-05-29,19,30,On-Track,Closed
ISSUE-73303,Investment Banking,Fraud,Medium,2026-05-17,97,30,Breached,Open
ISSUE-61495,Retail Banking,Sanctions,High,2026-08-17,3,15,On-Track,Closed
ISSUE-39750,Corporate Banking,AML,High,2026-05-14,11,15,On-Track,Closed
ISSUE-55219,Corporate Banking,Fraud,Medium,2026-05-03,111,30,Breached,Open
ISSUE-70084,Investment Banking,Transaction Monitoring,Medium,2026-06-21,16,30,On-Track,Closed
ISSUE-42693,Retail Banking,Transaction Monitoring,High,2026-07-03,50,15,Breached,Open
ISSUE-18847,Wealth Management,KYC,Low,2026-05-06,23,60,On-Track,Closed
ISSUE-68530,Corporate Banking,AML,Medium,2026-05-05,109,30,Breached,Open
ISSUE-90016,Investment Banking,Fraud,Low,2026-05-03,111,60,Breached,Open
ISSUE-75817,Investment Banking,Fraud,Medium,2026-07-09,44,30,Breached,In Progress
ISSUE-40169,Retail Banking,AML,Medium,2026-06-05,78,30,Breached,Open
ISSUE-76174,Wealth Management,Fraud,High,2026-07-14,7,15,On-Track,Closed
ISSUE-90930,Credit Cards,Fraud,Medium,2026-04-27,117,30,Breached,Open
ISSUE-29095,Wealth Management,Transaction Monitoring,Low,2026-05-01,113,60,Breached,Open
ISSUE-51049,Credit Cards,AML,Low,2026-05-08,106,60,Breached,Open
ISSUE-98229,Corporate Banking,Fraud,High,2026-07-13,40,15,Breached,In Progress
ISSUE-25619,Corporate Banking,KYC,Medium,2026-06-10,73,30,Breached,Open
ISSUE-16562,Wealth Management,AML,Medium,2026-07-27,26,30,On-Track,Open
ISSUE-46479,Wealth Management,KYC,Low,2026-07-18,3,60,On-Track,Closed
ISSUE-79796,Wealth Management,KYC,Medium,2026-08-06,16,30,On-Track,Open
ISSUE-36883,Wealth Management,Fraud,Low,2026-06-25,49,60,On-Track,Closed
ISSUE-90122,Retail Banking,Sanctions,Low,2026-08-03,19,60,On-Track,Open
ISSUE-64605,Credit Cards,Transaction Monitoring,High,2026-05-28,86,15,Breached,In Progress
ISSUE-96415,Corporate Banking,Sanctions,Low,2026-07-11,35,60,On-Track,Closed
ISSUE-14011,Credit Cards,KYC,Medium,2026-05-12,102,30,Breached,Open
ISSUE-81996,Investment Banking,Transaction Monitoring,Low,2026-04-27,117,60,Breached,In Progress
ISSUE-12902,Investment Banking,AML,Low,2026-05-20,94,60,Breached,In Progress
ISSUE-26261,Credit Cards,Transaction Monitoring,High,2026-08-13,4,15,On-Track,Closed
ISSUE-85900,Wealth Management,AML,Medium,2026-07-06,14,30,On-Track,Closed
ISSUE-38208,Retail Banking,Transaction Monitoring,High,2026-05-15,99,15,Breached,In Progress
ISSUE-41321,Corporate Banking,KYC,Low,2026-07-25,59,60,On-Track,Closed
ISSUE-38603,Credit Cards,Transaction Monitoring,High,2026-06-10,4,15,On-Track,Closed
ISSUE-78756,Credit Cards,KYC,Low,2026-08-14,8,60,On-Track,Open
ISSUE-74605,Wealth Management,Transaction Monitoring,Low,2026-05-25,89,60,Breached,Open
ISSUE-30515,Credit Cards,Transaction Monitoring,Medium,2026-04-24,120,30,Breached,Open
ISSUE-86197,Investment Banking,Transaction Monitoring,Low,2026-06-29,54,60,On-Track,Open
ISSUE-46467,Retail Banking,AML,Medium,2026-07-23,4,30,On-Track,Closed
ISSUE-58455,Investment Banking,KYC,High,2026-07-31,22,15,Breached,In Progress
ISSUE-11319,Credit Cards,Sanctions,High,2026-04-26,118,15,Breached,Open
ISSUE-91385,Investment Banking,Transaction Monitoring,High,2026-05-21,93,15,Breached,In Progress
ISSUE-54338,Investment Banking,Fraud,Low,2026-07-16,57,60,On-Track,Closed
ISSUE-88927,Wealth Management,Sanctions,Low,2026-08-04,57,60,On-Track,Closed
ISSUE-81118,Investment Banking,Fraud,Medium,2026-07-19,25,30,On-Track,Closed
ISSUE-74333,Corporate Banking,KYC,Low,2026-06-02,17,60,On-Track,Closed
ISSUE-89830,Credit Cards,Transaction Monitoring,High,2026-05-19,20,15,Breached,Closed
ISSUE-26999,Corporate Banking,Sanctions,High,2026-06-08,75,15,Breached,Open
ISSUE-99998,Credit Cards,Sanctions,Medium,2026-08-09,5,30,On-Track,Closed
ISSUE-96896,Credit Cards,Sanctions,High,2026-04-30,2,15,On-Track,Closed
ISSUE-36118,Investment Banking,Sanctions,Medium,2026-05-13,101,30,Breached,In Progress
ISSUE-81084,Corporate Banking,Fraud,Medium,2026-08-20,2,30,On-Track,Open
ISSUE-19556,Corporate Banking,Transaction Monitoring,Low,2026-05-10,104,60,Breached,In Progress
ISSUE-99457,Corporate Banking,AML,Medium,2026-08-13,9,30,On-Track,In Progress
ISSUE-54945,Retail Banking,Fraud,High,2026-05-15,12,15,On-Track,Closed
ISSUE-38618,Credit Cards,KYC,Low,2026-06-29,54,60,On-Track,In Progress
ISSUE-23441,Wealth Management,AML,Medium,2026-07-24,29,30,On-Track,Open
ISSUE-47969,Retail Banking,KYC,Medium,2026-04-27,117,30,Breached,Open
ISSUE-64959,Corporate Banking,Sanctions,High,2026-06-05,17,15,Breached,Closed
ISSUE-12064,Corporate Banking,Transaction Monitoring,High,2026-05-24,15,15,On-Track,Closed
ISSUE-96053,Credit Cards,KYC,Low,2026-06-14,69,60,Breached,In Progress
ISSUE-74951,Credit Cards,Transaction Monitoring,Low,2026-08-03,19,60,On-Track,In Progress
ISSUE-80572,Corporate Banking,Transaction Monitoring,High,2026-07-18,35,15,Breached,In Progress
ISSUE-61554,Wealth Management,Transaction Monitoring,Low,2026-08-05,17,60,On-Track,In Progress
ISSUE-41907,Retail Banking,AML,Medium,2026-07-30,23,30,On-Track,In Progress
ISSUE-32810,Corporate Banking,AML,Medium,2026-05-28,29,30,On-Track,Closed
ISSUE-61600,Retail Banking,Transaction Monitoring,Medium,2026-06-10,22,30,On-Track,Closed
ISSUE-31133,Corporate Banking,Fraud,Low,2026-06-01,82,60,Breached,In Progress
ISSUE-91932,Retail Banking,KYC,Medium,2026-05-24,90,30,Breached,In Progress
ISSUE-61896,Wealth Management,Fraud,Medium,2026-07-23,3,30,On-Track,Closed
ISSUE-68583,Wealth Management,KYC,Low,2026-05-20,43,60,On-Track,Closed
ISSUE-81152,Investment Banking,Fraud,Low,2026-07-03,50,60,On-Track,Open
ISSUE-72262,Wealth Management,KYC,High,2026-05-08,20,15,Breached,Closed
ISSUE-90231,Retail Banking,KYC,High,2026-07-25,28,15,Breached,Open
ISSUE-79982,Credit Cards,Transaction Monitoring,High,2026-07-30,23,15,Breached,Open
ISSUE-46308,Retail Banking,Transaction Monitoring,High,2026-05-18,96,15,Breached,In Progress
ISSUE-98766,Credit Cards,KYC,Medium,2026-07-10,43,30,Breached,In Progress
ISSUE-51223,Wealth Management,Fraud,Low,2026-04-27,117,60,Breached,Open
ISSUE-53917,Credit Cards,Transaction Monitoring,High,2026-07-02,3,15,On-Track,Closed
ISSUE-24299,Corporate Banking,Sanctions,Medium,2026-05-28,2,30,On-Track,Closed
ISSUE-32972,Retail Banking,Transaction Monitoring,Medium,2026-08-17,5,30,On-Track,Open
ISSUE-60037,Wealth Management,Fraud,Medium,2026-06-30,53,30,Breached,In Progress
ISSUE-75744,Corporate Banking,Fraud,Low,2026-07-01,52,60,On-Track,In Progress
ISSUE-83785,Wealth Management,KYC,Low,2026-05-09,105,60,Breached,Open
ISSUE-22675,Investment Banking,Fraud,Medium,2026-07-10,17,30,On-Track,Closed
ISSUE-71773,Credit Cards,Fraud,High,2026-08-02,20,15,Breached,In Progress
ISSUE-51245,Corporate Banking,Transaction Monitoring,Medium,2026-08-09,13,30,On-Track,Open
ISSUE-83836,Retail Banking,Sanctions,Low,2026-05-11,103,60,Breached,In Progress
ISSUE-78393,Credit Cards,Fraud,High,2026-06-07,15,15,On-Track,Closed
ISSUE-22933,Investment Banking,Fraud,Medium,2026-07-27,23,30,On-Track,Closed
ISSUE-12686,Corporate Banking,KYC,Medium,2026-06-27,56,30,Breached,Open
ISSUE-89136,Corporate Banking,Transaction Monitoring,Medium,2026-07-28,25,30,On-Track,In Progress
ISSUE-30904,Wealth Management,Transaction Monitoring,Medium,2026-07-14,25,30,On-Track,Closed
ISSUE-88251,Investment Banking,KYC,Medium,2026-07-19,34,30,Breached,Open
ISSUE-94424,Credit Cards,AML,High,2026-06-09,17,15,Breached,Closed
ISSUE-40952,Wealth Management,AML,High,2026-06-11,10,15,On-Track,Closed
ISSUE-62733,Investment Banking,Fraud,Low,2026-08-15,60,60,On-Track,Closed
ISSUE-81760,Retail Banking,KYC,Medium,2026-07-04,49,30,Breached,In Progress
ISSUE-57762,Corporate Banking,Fraud,Low,2026-08-20,2,60,On-Track,Open
ISSUE-34548,Investment Banking,Sanctions,Medium,2026-06-25,58,30,Breached,In Progress
ISSUE-59076,Credit Cards,KYC,Low,2026-06-29,54,60,On-Track,In Progress
ISSUE-82492,Retail Banking,Transaction Monitoring,Low,2026-05-25,10,60,On-Track,Closed
ISSUE-56281,Credit Cards,Sanctions,High,2026-06-29,54,15,Breached,Open
ISSUE-12104,Investment Banking,KYC,Low,2026-06-08,75,60,Breached,Open
ISSUE-11702,Wealth Management,Sanctions,High,2026-05-25,19,15,Breached,Closed
ISSUE-89315,Wealth Management,Fraud,High,2026-08-03,19,15,Breached,Open
ISSUE-60461,Corporate Banking,Fraud,Medium,2026-05-05,109,30,Breached,In Progress
ISSUE-10756,Credit Cards,KYC,Medium,2026-06-08,75,30,Breached,In Progress
ISSUE-91093,Corporate Banking,KYC,High,2026-06-04,3,15,On-Track,Closed
ISSUE-34670,Wealth Management,Fraud,Low,2026-04-28,6,60,On-Track,Closed
ISSUE-90359,Retail Banking,KYC,Medium,2026-06-15,15,30,On-Track,Closed
ISSUE-72686,Investment Banking,KYC,Medium,2026-08-04,11,30,On-Track,Closed
ISSUE-71891,Wealth Management,Fraud,Medium,2026-05-05,109,30,Breached,Open
ISSUE-29304,Retail Banking,Sanctions,Medium,2026-06-22,61,30,Breached,In Progress
ISSUE-62686,Corporate Banking,Fraud,Medium,2026-08-19,1,30,On-Track,Closed
ISSUE-82578,Credit Cards,Fraud,Medium,2026-06-05,78,30,Breached,In Progress
ISSUE-80266,Corporate Banking,KYC,Medium,2026-06-17,66,30,Breached,Open
ISSUE-81030,Retail Banking,KYC,Low,2026-05-07,107,60,Breached,In Progress
ISSUE-85050,Corporate Banking,AML,Medium,2026-04-26,118,30,Breached,Open
ISSUE-66393,Corporate Banking,KYC,Medium,2026-05-04,110,30,Breached,In Progress
ISSUE-62994,Investment Banking,Sanctions,Low,2026-07-26,27,60,On-Track,Open
ISSUE-68916,Investment Banking,KYC,High,2026-05-06,108,15,Breached,In Progress
ISSUE-15286,Wealth Management,AML,High,2026-07-14,39,15,Breached,In Progress
ISSUE-65032,Credit Cards,KYC,High,2026-07-03,50,15,Breached,Open
ISSUE-46384,Credit Cards,AML,High,2026-07-18,35,15,Breached,In Progress
ISSUE-66422,Wealth Management,Fraud,Low,2026-05-27,87,60,Breached,In Progress
ISSUE-36954,Retail Banking,Sanctions,High,2026-05-10,104,15,Breached,Open
ISSUE-95576,Credit Cards,KYC,Low,2026-05-18,1,60,On-Track,Closed
ISSUE-74474,Wealth Management,Fraud,Medium,2026-06-29,54,30,Breached,Open
ISSUE-12103,Credit Cards,Transaction Monitoring,Medium,2026-07-30,23,30,On-Track,In Progress
ISSUE-72369,Retail Banking,AML,Medium,2026-08-11,9,30,On-Track,Closed
ISSUE-95091,Retail Banking,Fraud,Low,2026-08-13,9,60,On-Track,In Progress
ISSUE-86704,Credit Cards,AML,High,2026-08-10,12,15,On-Track,Open
ISSUE-65583,Investment Banking,Fraud,Medium,2026-05-26,9,30,On-Track,Closed
ISSUE-95335,Retail Banking,Sanctions,Medium,2026-04-30,114,30,Breached,Open
ISSUE-75703,Retail Banking,Fraud,High,2026-05-05,5,15,On-Track,Closed
ISSUE-30462,Retail Banking,Transaction Monitoring,High,2026-07-28,25,15,Breached,Open
ISSUE-82001,Corporate Banking,Fraud,High,2026-06-16,67,15,Breached,In Progress
ISSUE-31196,Corporate Banking,AML,Medium,2026-05-26,88,30,Breached,In Progress
ISSUE-17704,Retail Banking,Sanctions,Low,2026-07-20,33,60,On-Track,Open
ISSUE-42100,Corporate Banking,AML,Low,2026-07-05,48,60,On-Track,Open
ISSUE-15372,Investment Banking,Transaction Monitoring,High,2026-05-07,10,15,On-Track,Closed
ISSUE-70391,Investment Banking,Transaction Monitoring,Low,2026-08-08,3,60,On-Track,Closed
ISSUE-28251,Investment Banking,Fraud,Medium,2026-07-20,33,30,Breached,In Progress
ISSUE-15162,Corporate Banking,KYC,High,2026-07-06,47,15,Breached,In Progress
ISSUE-26640,Corporate Banking,KYC,Low,2026-05-05,109,60,Breached,Open
ISSUE-60762,Credit Cards,Transaction Monitoring,Medium,2026-08-11,25,30,On-Track,Closed
ISSUE-73289,Corporate Banking,Sanctions,High,2026-06-27,19,15,Breached,Closed
ISSUE-71762,Wealth Management,KYC,High,2026-08-08,14,15,On-Track,Open
ISSUE-77895,Investment Banking,Fraud,High,2026-07-25,6,15,On-Track,Closed
ISSUE-30360,Corporate Banking,Fraud,High,2026-05-12,102,15,Breached,Open
ISSUE-47503,Retail Banking,Sanctions,High,2026-06-21,62,15,Breached,In Progress
ISSUE-11564,Investment Banking,Sanctions,Medium,2026-07-28,25,30,On-Track,Open
ISSUE-27444,Corporate Banking,Fraud,High,2026-08-15,7,15,On-Track,In Progress
ISSUE-62289,Credit Cards,KYC,Low,2026-05-21,93,60,Breached,Open
ISSUE-47454,Investment Banking,Sanctions,Low,2026-06-06,1,60,On-Track,Closed
ISSUE-44981,Retail Banking,Sanctions,High,2026-06-09,5,15,On-Track,Closed
ISSUE-65361,Investment Banking,KYC,High,2026-05-17,97,15,Breached,Open
ISSUE-57374,Corporate Banking,Sanctions,Low,2026-06-28,55,60,On-Track,In Progress
ISSUE-33036,Credit Cards,Sanctions,High,2026-08-11,11,15,On-Track,In Progress
ISSUE-90952,Retail Banking,KYC,Medium,2026-06-23,12,30,On-Track,Closed
ISSUE-45789,Credit Cards,Fraud,Medium,2026-08-08,14,30,On-Track,In Progress
ISSUE-79226,Credit Cards,Sanctions,Medium,2026-05-21,93,30,Breached,Open
ISSUE-50462,Retail Banking,Fraud,High,2026-06-27,4,15,On-Track,Closed
ISSUE-73234,Wealth Management,Transaction Monitoring,Low,2026-08-11,30,60,On-Track,Closed
ISSUE-28638,Retail Banking,KYC,High,2026-05-01,5,15,On-Track,Closed
ISSUE-86974,Credit Cards,Sanctions,Low,2026-07-05,18,60,On-Track,Closed
ISSUE-21778,Wealth Management,Fraud,Low,2026-04-25,119,60,Breached,Open
ISSUE-45369,Credit Cards,KYC,High,2026-08-11,13,15,On-Track,Closed
ISSUE-75213,Retail Banking,AML,High,2026-05-22,92,15,Breached,Open
ISSUE-86216,Retail Banking,Fraud,High,2026-08-02,20,15,Breached,Open
ISSUE-67156,Investment Banking,Transaction Monitoring,High,2026-06-26,57,15,Breached,In Progress
ISSUE-73242,Investment Banking,Transaction Monitoring,Medium,2026-05-10,104,30,Breached,Open
ISSUE-97542,Retail Banking,Transaction Monitoring,Medium,2026-06-29,54,30,Breached,In Progress
ISSUE-96219,Investment Banking,KYC,Medium,2026-07-26,27,30,On-Track,In Progress
ISSUE-45961,Investment Banking,AML,Medium,2026-07-02,51,30,Breached,Open
ISSUE-22852,Wealth Management,KYC,High,2026-06-12,5,15,On-Track,Closed
ISSUE-66286,Corporate Banking,Transaction Monitoring,Medium,2026-04-29,16,30,On-Track,Closed
ISSUE-98186,Corporate Banking,Transaction Monitoring,Medium,2026-06-27,56,30,Breached,Open
ISSUE-12710,Retail Banking,KYC,Low,2026-08-08,14,60,On-Track,Open
ISSUE-40392,Credit Cards,KYC,High,2026-06-20,63,15,Breached,In Progress
ISSUE-88700,Corporate Banking,Fraud,Medium,2026-06-29,54,30,Breached,Open
ISSUE-29940,Wealth Management,Fraud,Medium,2026-05-12,102,30,Breached,Open
ISSUE-53916,Retail Banking,Sanctions,Medium,2026-08-07,9,30,On-Track,Closed
ISSUE-91662,Wealth Management,Sanctions,High,2026-08-21,1,15,On-Track,In Progress
ISSUE-62398,Corporate Banking,Fraud,Medium,2026-05-05,109,30,Breached,Open
ISSUE-35034,Wealth Management,Sanctions,Medium,2026-07-07,46,30,Breached,In Progress
ISSUE-23836,Wealth Management,Sanctions,Medium,2026-08-04,18,30,On-Track,Open
ISSUE-17194,Wealth Management,AML,Low,2026-06-06,77,60,Breached,In Progress
ISSUE-61564,Wealth Management,KYC,Medium,2026-06-01,82,30,Breached,In Progress
ISSUE-79008,Wealth Management,KYC,Medium,2026-07-14,39,30,Breached,In Progress
ISSUE-43061,Wealth Management,Fraud,High,2026-05-09,105,15,Breached,In Progress
ISSUE-59445,Credit Cards,Sanctions,Low,2026-08-21,1,60,On-Track,In Progress
ISSUE-24880,Wealth Management,Sanctions,Medium,2026-05-14,35,30,Breached,Closed
ISSUE-44775,Retail Banking,KYC,Medium,2026-06-12,71,30,Breached,In Progress
ISSUE-89560,Corporate Banking,KYC,Low,2026-05-23,31,60,On-Track,Closed
ISSUE-77465,Wealth Management,Transaction Monitoring,Low,2026-07-28,25,60,On-Track,Open
ISSUE-81088,Retail Banking,Fraud,High,2026-07-28,9,15,On-Track,Closed
ISSUE-72969,Investment Banking,AML,Low,2026-07-16,58,60,On-Track,Closed
ISSUE-72755,Corporate Banking,AML,Low,2026-05-13,101,60,Breached,In Progress
ISSUE-79420,Wealth Management,Fraud,High,2026-06-18,20,15,Breached,Closed
ISSUE-92160,Retail Banking,KYC,High,2026-06-25,58,15,Breached,Open
ISSUE-80414,Credit Cards,KYC,Medium,2026-06-16,67,30,Breached,Open
ISSUE-19475,Credit Cards,Fraud,High,2026-05-26,88,15,Breached,In Progress
ISSUE-67695,Corporate Banking,Sanctions,Medium,2026-07-19,21,30,On-Track,Closed
ISSUE-91471,Wealth Management,Sanctions,Medium,2026-08-16,25,30,On-Track,Closed
ISSUE-10725,Wealth Management,Sanctions,Low,2026-07-07,46,60,On-Track,In Progress
ISSUE-97968,Retail Banking,KYC,High,2026-08-08,14,15,On-Track,In Progress
ISSUE-93186,Investment Banking,AML,Low,2026-06-29,54,60,On-Track,Open
ISSUE-18748,Retail Banking,Transaction Monitoring,Low,2026-05-04,43,60,On-Track,Closed
ISSUE-72114,Investment Banking,Sanctions,High,2026-05-19,9,15,On-Track,Closed
ISSUE-51558,Investment Banking,KYC,Low,2026-05-24,90,60,Breached,In Progress
ISSUE-45749,Retail Banking,Fraud,Low,2026-05-23,6,60,On-Track,Closed
ISSUE-46330,Retail Banking,Sanctions,High,2026-07-25,5,15,On-Track,Closed
ISSUE-11418,Wealth Management,KYC,Low,2026-05-31,83,60,Breached,In Progress
ISSUE-99846,Wealth Management,AML,Low,2026-08-11,11,60,On-Track,In Progress
ISSUE-11496,Investment Banking,Sanctions,Medium,2026-05-06,108,30,Breached,Open
ISSUE-40112,Retail Banking,AML,Medium,2026-06-30,3,30,On-Track,Closed
ISSUE-83306,Investment Banking,Fraud,Low,2026-05-08,106,60,Breached,In Progress
ISSUE-33008,Retail Banking,Transaction Monitoring,Low,2026-07-06,10,60,On-Track,Closed
ISSUE-38890,Investment Banking,Sanctions,Low,2026-04-30,114,60,Breached,In Progress
ISSUE-28001,Investment Banking,AML,Low,2026-08-07,15,60,On-Track,In Progress
ISSUE-21323,Wealth Management,Transaction Monitoring,Low,2026-05-24,90,60,Breached,In Progress
ISSUE-97511,Credit Cards,AML,High,2026-08-21,19,15,Breached,Closed
ISSUE-91481,Corporate Banking,Fraud,Low,2026-08-16,6,60,On-Track,In Progress
ISSUE-33012,Corporate Banking,KYC,High,2026-08-17,5,15,On-Track,In Progress
ISSUE-28332,Corporate Banking,Fraud,Medium,2026-05-27,87,30,Breached,In Progress
ISSUE-13939,Wealth Management,Transaction Monitoring,Medium,2026-05-01,113,30,Breached,Open
ISSUE-77974,Credit Cards,AML,Low,2026-08-19,1,60,On-Track,Closed
ISSUE-49888,Wealth Management,Sanctions,Low,2026-04-30,114,60,Breached,Open
ISSUE-17539,Wealth Management,AML,Low,2026-08-13,65,60,Breached,Closed
ISSUE-92619,Corporate Banking,AML,Low,2026-06-13,16,60,On-Track,Closed
ISSUE-56502,Retail Banking,AML,High,2026-07-23,30,15,Breached,In Progress
ISSUE-19824,Retail Banking,Fraud,High,2026-06-10,2,15,On-Track,Closed
ISSUE-75590,Wealth Management,Fraud,High,2026-05-30,84,15,Breached,Open
ISSUE-29181,Retail Banking,AML,Medium,2026-08-04,18,30,On-Track,In Progress
ISSUE-45772,Corporate Banking,KYC,Medium,2026-07-08,33,30,Breached,Closed
ISSUE-38234,Investment Banking,AML,Low,2026-07-30,23,60,On-Track,Open
ISSUE-23098,Credit Cards,Fraud,High,2026-07-10,43,15,Breached,Open
ISSUE-48974,Retail Banking,AML,High,2026-08-03,3,15,On-Track,Closed
ISSUE-83985,Wealth Management,AML,Low,2026-07-14,21,60,On-Track,Closed
ISSUE-57483,Credit Cards,Sanctions,Medium,2026-05-08,106,30,Breached,In Progress
ISSUE-78772,Credit Cards,Sanctions,Low,2026-07-26,27,60,On-Track,Open
ISSUE-17516,Investment Banking,KYC,High,2026-04-29,3,15,On-Track,Closed
ISSUE-39414,Corporate Banking,AML,Low,2026-07-16,37,60,On-Track,Open
ISSUE-96862,Investment Banking,Fraud,Low,2026-07-09,44,60,On-Track,In Progress
ISSUE-56222,Wealth Management,Fraud,Medium,2026-06-01,2,30,On-Track,Closed
ISSUE-26581,Wealth Management,KYC,High,2026-08-18,4,15,On-Track,Open
ISSUE-51120,Credit Cards,Fraud,Medium,2026-05-18,96,30,Breached,In Progress
ISSUE-82083,Wealth Management,KYC,Low,2026-07-20,33,60,On-Track,Open
ISSUE-25657,Retail Banking,AML,High,2026-05-22,92,15,Breached,Open
ISSUE-61154,Wealth Management,Fraud,High,2026-07-20,15,15,On-Track,Closed
ISSUE-79179,Investment Banking,Transaction Monitoring,High,2026-05-10,104,15,Breached,Open
ISSUE-78606,Investment Banking,AML,Low,2026-05-02,112,60,Breached,In Progress
ISSUE-33068,Credit Cards,Transaction Monitoring,Medium,2026-07-14,17,30,On-Track,Closed
ISSUE-98790,Corporate Banking,Transaction Monitoring,High,2026-06-27,56,15,Breached,Open
ISSUE-52494,Investment Banking,Fraud,Low,2026-07-17,36,60,On-Track,In Progress
ISSUE-14532,Investment Banking,Fraud,Low,2026-05-04,43,60,On-Track,Closed
ISSUE-49260,Retail Banking,Transaction Monitoring,Medium,2026-04-28,116,30,Breached,Open
ISSUE-74667,Corporate Banking,Sanctions,Medium,2026-05-18,96,30,Breached,In Progress
ISSUE-76779,Investment Banking,KYC,Low,2026-05-15,99,60,Breached,Open
ISSUE-87981,Investment Banking,Fraud,High,2026-05-20,94,15,Breached,In Progress
ISSUE-66186,Wealth Management,Transaction Monitoring,Medium,2026-08-08,14,30,On-Track,Open
ISSUE-57114,Credit Cards,Fraud,Low,2026-04-26,41,60,On-Track,Closed
ISSUE-71518,Credit Cards,AML,High,2026-07-20,33,15,Breached,Open
ISSUE-81618,Investment Banking,Fraud,High,2026-07-04,49,15,Breached,In Progress
ISSUE-46396,Retail Banking,Fraud,Low,2026-04-27,20,60,On-Track,Closed
ISSUE-38924,Wealth Management,AML,Low,2026-05-28,86,60,Breached,In Progress
ISSUE-99480,Investment Banking,AML,Medium,2026-07-05,48,30,Breached,In Progress
ISSUE-27839,Credit Cards,Sanctions,High,2026-07-14,13,15,On-Track,Closed
ISSUE-98068,Credit Cards,KYC,Medium,2026-04-27,117,30,Breached,Open
ISSUE-45967,Credit Cards,Transaction Monitoring,Medium,2026-05-24,90,30,Breached,In Progress
ISSUE-95320,Investment Banking,AML,Low,2026-07-30,23,60,On-Track,In Progress
ISSUE-73214,Wealth Management,AML,High,2026-08-12,20,15,Breached,Closed
ISSUE-66228,Retail Banking,Transaction Monitoring,Low,2026-05-24,90,60,Breached,In Progress
ISSUE-57156,Corporate Banking,Transaction Monitoring,High,2026-06-20,63,15,Breached,In Progress
ISSUE-11928,Wealth Management,Fraud,High,2026-07-18,5,15,On-Track,Closed
ISSUE-19224,Wealth Management,Transaction Monitoring,Medium,2026-06-06,77,30,Breached,In Progress
ISSUE-77058,Investment Banking,Transaction Monitoring,High,2026-08-21,1,15,On-Track,Open
ISSUE-57087,Investment Banking,Fraud,Medium,2026-04-29,115,30,Breached,In Progress
ISSUE-18422,Wealth Management,Sanctions,High,2026-06-27,56,15,Breached,Open
ISSUE-61324,Retail Banking,KYC,Low,2026-07-23,30,60,On-Track,Open
ISSUE-91695,Investment Banking,Sanctions,Medium,2026-04-26,118,30,Breached,In Progress
ISSUE-75090,Investment Banking,Transaction Monitoring,High,2026-07-04,49,15,Breached,In Progress
ISSUE-62276,Wealth Management,Fraud,Low,2026-05-27,30,60,On-Track,Closed
ISSUE-60333,Credit Cards,AML,High,2026-06-03,20,15,Breached,Closed
ISSUE-85299,Corporate Banking,KYC,High,2026-05-12,6,15,On-Track,Closed
ISSUE-92373,Corporate Banking,Fraud,High,2026-06-07,14,15,On-Track,Closed
ISSUE-84952,Credit Cards,AML,Medium,2026-07-01,21,30,On-Track,Closed
ISSUE-96048,Wealth Management,Fraud,Low,2026-05-03,111,60,Breached,Open
ISSUE-70144,Credit Cards,Transaction Monitoring,Medium,2026-04-24,28,30,On-Track,Closed
ISSUE-47385,Retail Banking,Fraud,High,2026-06-16,67,15,Breached,In Progress
ISSUE-44407,Credit Cards,KYC,Medium,2026-08-12,10,30,On-Track,Open
ISSUE-99311,Wealth Management,Transaction Monitoring,Low,2026-08-13,29,60,On-Track,Closed
ISSUE-31456,Credit Cards,Sanctions,High,2026-05-01,7,15,On-Track,Closed
ISSUE-87732,Investment Banking,Transaction Monitoring,Medium,2026-05-14,100,30,Breached,In Progress
ISSUE-71622,Corporate Banking,Fraud,High,2026-08-07,15,15,On-Track,Open
ISSUE-52300,Retail Banking,Fraud,Medium,2026-06-16,67,30,Breached,In Progress
ISSUE-97548,Investment Banking,KYC,Medium,2026-05-15,99,30,Breached,Open
ISSUE-85659,Corporate Banking,Fraud,High,2026-06-06,77,15,Breached,Open
ISSUE-42782,Wealth Management,Fraud,High,2026-06-11,72,15,Breached,Open
ISSUE-52680,Credit Cards,Transaction Monitoring,Medium,2026-06-22,1,30,On-Track,Closed
ISSUE-84445,Wealth Management,AML,Medium,2026-05-23,21,30,On-Track,Closed
ISSUE-72725,Investment Banking,Fraud,High,2026-07-23,30,15,Breached,In Progress
ISSUE-17879,Corporate Banking,Sanctions,High,2026-07-18,35,15,Breached,Open
ISSUE-15671,Retail Banking,Sanctions,Medium,2026-08-08,6,30,On-Track,Closed
ISSUE-94435,Wealth Management,Fraud,Medium,2026-04-30,114,30,Breached,Open
ISSUE-58706,Retail Banking,KYC,High,2026-06-16,19,15,Breached,Closed
ISSUE-81570,Credit Cards,Fraud,High,2026-06-06,77,15,Breached,In Progress
ISSUE-30160,Wealth Management,Sanctions,Medium,2026-08-06,16,30,On-Track,In Progress
ISSUE-32397,Corporate Banking,Sanctions,Low,2026-06-04,79,60,Breached,In Progress
ISSUE-77421,Corporate Banking,AML,Low,2026-05-13,64,60,Breached,Closed
ISSUE-26364,Corporate Banking,AML,Medium,2026-08-12,8,30,On-Track,Closed
ISSUE-37931,Wealth Management,Transaction Monitoring,Medium,2026-08-02,30,30,On-Track,Closed
ISSUE-47398,Wealth Management,Sanctions,Low,2026-06-25,58,60,On-Track,Open
ISSUE-54987,Retail Banking,Transaction Monitoring,Medium,2026-05-01,113,30,Breached,In Progress
ISSUE-20201,Credit Cards,KYC,Medium,2026-06-11,12,30,On-Track,Closed
ISSUE-69527,Retail Banking,Sanctions,Low,2026-06-01,55,60,On-Track,Closed
ISSUE-63923,Retail Banking,Fraud,High,2026-05-24,90,15,Breached,In Progress
ISSUE-77188,Investment Banking,AML,Medium,2026-07-22,2,30,On-Track,Closed
ISSUE-26289,Corporate Banking,Transaction Monitoring,Medium,2026-06-24,12,30,On-Track,Closed
ISSUE-83321,Retail Banking,Sanctions,High,2026-06-30,14,15,On-Track,Closed
ISSUE-20957,Retail Banking,AML,High,2026-08-07,15,15,On-Track,In Progress
ISSUE-41347,Investment Banking,Transaction Monitoring,Medium,2026-08-18,4,30,On-Track,In Progress
ISSUE-25862,Corporate Banking,Transaction Monitoring,Low,2026-07-03,13,60,On-Track,Closed
ISSUE-47287,Wealth Management,Transaction Monitoring,High,2026-07-16,4,15,On-Track,Closed
ISSUE-85893,Retail Banking,Fraud,High,2026-04-29,3,15,On-Track,Closed
ISSUE-88603,Retail Banking,KYC,Low,2026-07-26,27,60,On-Track,Open
ISSUE-17944,Investment Banking,AML,Medium,2026-06-18,65,30,Breached,In Progress
ISSUE-27511,Investment Banking,Sanctions,Medium,2026-08-13,9,30,On-Track,Open
ISSUE-74861,Investment Banking,Sanctions,Medium,2026-05-06,108,30,Breached,In Progress
ISSUE-72752,Credit Cards,Sanctions,High,2026-08-08,14,15,On-Track,Open
ISSUE-80582,Retail Banking,Transaction Monitoring,Low,2026-05-30,84,60,Breached,In Progress
ISSUE-92442,Corporate Banking,AML,Medium,2026-06-21,62,30,Breached,In Progress
ISSUE-92844,Corporate Banking,Fraud,Medium,2026-08-05,11,30,On-Track,Closed
ISSUE-88450,Corporate Banking,KYC,Medium,2026-05-19,30,30,On-Track,Closed
ISSUE-71351,Retail Banking,Sanctions,Medium,2026-06-02,21,30,On-Track,Closed
ISSUE-92528,Wealth Management,Sanctions,Medium,2026-06-14,69,30,Breached,In Progress
ISSUE-11429,Retail Banking,Transaction Monitoring,High,2026-05-13,101,15,Breached,Open
ISSUE-78379,Investment Banking,Sanctions,Medium,2026-06-16,67,30,Breached,Open
ISSUE-29785,Corporate Banking,Transaction Monitoring,Low,2026-06-10,73,60,Breached,In Progress
ISSUE-69944,Credit Cards,Sanctions,Medium,2026-06-07,76,30,Breached,Open
ISSUE-85674,Credit Cards,Transaction Monitoring,Low,2026-08-16,6,60,On-Track,Open
ISSUE-40604,Corporate Banking,Fraud,High,2026-04-27,117,15,Breached,Open
ISSUE-90274,Retail Banking,Sanctions,Medium,2026-08-18,3,30,On-Track,Closed
ISSUE-95872,Retail Banking,Fraud,Medium,2026-06-02,81,30,Breached,Open
ISSUE-53177,Investment Banking,KYC,Medium,2026-08-17,5,30,On-Track,Open
ISSUE-79701,Retail Banking,AML,Medium,2026-08-08,29,30,On-Track,Closed
ISSUE-11630,Retail Banking,Fraud,High,2026-08-15,7,15,On-Track,In Progress
ISSUE-88435,Corporate Banking,Fraud,High,2026-04-28,116,15,Breached,Open
ISSUE-19431,Retail Banking,Transaction Monitoring,Low,2026-07-28,25,60,On-Track,Open
ISSUE-33256,Corporate Banking,Transaction Monitoring,Low,2026-07-03,50,60,On-Track,In Progress
ISSUE-99012,Credit Cards,KYC,Low,2026-07-10,43,60,On-Track,Open
ISSUE-41648,Credit Cards,Fraud,Low,2026-06-08,75,60,Breached,Open
ISSUE-36469,Corporate Banking,Fraud,Medium,2026-07-10,43,30,Breached,Open
ISSUE-69286,Wealth Management,Transaction Monitoring,Low,2026-07-06,47,60,On-Track,Open
ISSUE-68965,Wealth Management,KYC,Low,2026-08-11,11,60,On-Track,In Progress
ISSUE-49219,Corporate Banking,Fraud,Medium,2026-07-10,43,30,Breached,Open
ISSUE-58559,Retail Banking,AML,Medium,2026-06-29,22,30,On-Track,Closed
ISSUE-17874,Wealth Management,AML,Medium,2026-06-18,1,30,On-Track,Closed
ISSUE-16743,Corporate Banking,Transaction Monitoring,Low,2026-06-24,43,60,On-Track,Closed
ISSUE-14544,Wealth Management,AML,High,2026-06-27,56,15,Breached,Open
ISSUE-59698,Corporate Banking,Fraud,Medium,2026-06-16,67,30,Breached,In Progress
ISSUE-92893,Retail Banking,AML,Medium,2026-06-13,70,30,Breached,Open
ISSUE-10641,Investment Banking,Transaction Monitoring,High,2026-06-12,71,15,Breached,In Progress
ISSUE-36193,Investment Banking,KYC,Low,2026-06-23,30,60,On-Track,Closed
ISSUE-67320,Credit Cards,KYC,Medium,2026-04-28,116,30,Breached,Open
ISSUE-92182,Investment Banking,AML,Low,2026-05-09,105,60,Breached,In Progress
ISSUE-33723,Corporate Banking,Sanctions,Medium,2026-07-12,41,30,Breached,Open
ISSUE-29567,Corporate Banking,Transaction Monitoring,Medium,2026-06-28,55,30,Breached,Open
ISSUE-87339,Credit Cards,AML,Medium,2026-06-13,70,30,Breached,Open
ISSUE-84426,Corporate Banking,Transaction Monitoring,Medium,2026-05-21,3,30,On-Track,Closed
ISSUE-88241,Credit Cards,AML,High,2026-05-18,10,15,On-Track,Closed
ISSUE-42784,Credit Cards,Transaction Monitoring,Medium,2026-08-04,18,30,On-Track,Open
ISSUE-82502,Retail Banking,KYC,Low,2026-05-27,87,60,Breached,Open
ISSUE-64911,Credit Cards,Sanctions,High,2026-07-31,22,15,Breached,In Progress
ISSUE-54888,Wealth Management,KYC,Low,2026-08-12,10,60,On-Track,In Progress
ISSUE-43686,Credit Cards,Transaction Monitoring,High,2026-07-18,9,15,On-Track,Closed
ISSUE-31325,Credit Cards,Transaction Monitoring,Medium,2026-06-26,27,30,On-Track,Closed
ISSUE-56546,Corporate Banking,Sanctions,High,2026-06-19,2,15,On-Track,Closed
ISSUE-25628,Investment Banking,Sanctions,Medium,2026-05-30,84,30,Breached,Open
ISSUE-41201,Investment Banking,Transaction Monitoring,Medium,2026-06-16,67,30,Breached,Open
ISSUE-97418,Corporate Banking,AML,Medium,2026-05-03,111,30,Breached,In Progress
ISSUE-47605,Investment Banking,AML,Low,2026-07-04,49,60,On-Track,Open
ISSUE-93965,Investment Banking,Sanctions,Medium,2026-06-11,24,30,On-Track,Closed
ISSUE-24351,Investment Banking,Transaction Monitoring,Low,2026-04-29,115,60,Breached,Open
ISSUE-89515,Credit Cards,Fraud,High,2026-07-17,36,15,Breached,In Progress
ISSUE-87583,Corporate Banking,AML,High,2026-08-07,3,15,On-Track,Closed
ISSUE-75608,Credit Cards,Sanctions,Low,2026-05-02,112,60,Breached,Open
ISSUE-65266,Credit Cards,Transaction Monitoring,High,2026-07-17,11,15,On-Track,Closed
ISSUE-80392,Retail Banking,Fraud,Medium,2026-08-20,2,30,On-Track,Open
ISSUE-41080,Investment Banking,AML,Medium,2026-06-23,60,30,Breached,Open
ISSUE-78674,Credit Cards,KYC,Medium,2026-05-04,110,30,Breached,In Progress
ISSUE-37177,Corporate Banking,Transaction Monitoring,High,2026-07-09,16,15,Breached,Closed
ISSUE-10802,Corporate Banking,Fraud,Medium,2026-05-27,87,30,Breached,In Progress
ISSUE-89932,Wealth Management,KYC,Medium,2026-07-15,30,30,On-Track,Closed
ISSUE-99509,Investment Banking,KYC,High,2026-05-19,95,15,Breached,Open
ISSUE-90313,Investment Banking,Transaction Monitoring,Low,2026-05-21,33,60,On-Track,Closed
ISSUE-83120,Corporate Banking,Fraud,High,2026-07-07,46,15,Breached,In Progress
ISSUE-13846,Investment Banking,Sanctions,High,2026-06-06,77,15,Breached,Open
ISSUE-77152,Wealth Management,Fraud,Medium,2026-08-14,7,30,On-Track,Closed
ISSUE-13255,Credit Cards,Transaction Monitoring,Medium,2026-07-27,18,30,On-Track,Closed
ISSUE-64862,Wealth Management,Sanctions,Low,2026-08-07,15,60,On-Track,In Progress
ISSUE-84043,Corporate Banking,Fraud,Low,2026-05-18,96,60,Breached,In Progress
ISSUE-89322,Investment Banking,Fraud,Medium,2026-06-22,14,30,On-Track,Closed
ISSUE-91798,Wealth Management,Transaction Monitoring,Medium,2026-08-04,18,30,On-Track,Open
ISSUE-79344,Retail Banking,Sanctions,High,2026-05-08,12,15,On-Track,Closed
ISSUE-73033,Corporate Banking,Sanctions,Low,2026-05-10,58,60,On-Track,Closed
ISSUE-28335,Corporate Banking,Fraud,High,2026-05-23,91,15,Breached,In Progress
ISSUE-33718,Corporate Banking,KYC,Medium,2026-07-25,28,30,On-Track,In Progress
ISSUE-14619,Retail Banking,Fraud,Medium,2026-06-16,28,30,On-Track,Closed
ISSUE-79997,Retail Banking,Fraud,High,2026-06-13,70,15,Breached,In Progress
ISSUE-98680,Wealth Management,Fraud,High,2026-07-23,30,15,Breached,In Progress
ISSUE-97220,Wealth Management,AML,High,2026-08-02,20,15,Breached,Open
ISSUE-71044,Retail Banking,Sanctions,Low,2026-07-01,52,60,On-Track,Open
ISSUE-32170,Corporate Banking,Transaction Monitoring,Low,2026-05-19,95,60,Breached,Open
ISSUE-24382,Corporate Banking,Transaction Monitoring,Low,2026-05-31,83,60,Breached,Open
ISSUE-79442,Wealth Management,Sanctions,Low,2026-06-02,81,60,Breached,Open
ISSUE-53132,Retail Banking,Sanctions,Medium,2026-07-17,36,30,Breached,Open
ISSUE-23734,Corporate Banking,Fraud,High,2026-07-25,28,15,Breached,In Progress
ISSUE-20490,Wealth Management,AML,High,2026-06-27,56,15,Breached,Open
ISSUE-82605,Wealth Management,Transaction Monitoring,High,2026-05-24,90,15,Breached,In Progress
ISSUE-22363,Investment Banking,KYC,Low,2026-07-30,22,60,On-Track,Closed
ISSUE-30569,Retail Banking,Sanctions,Medium,2026-06-02,20,30,On-Track,Closed
ISSUE-19154,Credit Cards,AML,Low,2026-04-30,10,60,On-Track,Closed
ISSUE-91876,Investment Banking,Fraud,Medium,2026-08-16,13,30,On-Track,Closed
ISSUE-29777,Credit Cards,Sanctions,High,2026-05-28,15,15,On-Track,Closed
ISSUE-37871,Investment Banking,AML,High,2026-06-09,10,15,On-Track,Closed
ISSUE-64726,Corporate Banking,KYC,Medium,2026-05-16,98,30,Breached,Open
ISSUE-70513,Wealth Management,KYC,Medium,2026-06-23,60,30,Breached,In Progress
ISSUE-82879,Wealth Management,KYC,Low,2026-07-06,47,60,On-Track,Open
ISSUE-96715,Investment Banking,Fraud,High,2026-05-10,104,15,Breached,Open
ISSUE-45900,Wealth Management,Sanctions,Low,2026-05-27,87,60,Breached,In Progress
ISSUE-90271,Investment Banking,Fraud,High,2026-05-29,85,15,Breached,Open
ISSUE-50255,Corporate Banking,Fraud,Low,2026-05-17,24,60,On-Track,Closed
ISSUE-58127,Investment Banking,Fraud,Low,2026-07-03,50,60,On-Track,In Progress
ISSUE-82654,Credit Cards,KYC,Medium,2026-07-03,50,30,Breached,Open
ISSUE-39761,Retail Banking,Fraud,Medium,2026-05-30,84,30,Breached,In Progress
ISSUE-25201,Investment Banking,Transaction Monitoring,Medium,2026-05-06,108,30,Breached,In Progress
ISSUE-65788,Retail Banking,Fraud,Low,2026-05-25,89,60,Breached,In Progress
ISSUE-36628,Credit Cards,KYC,Low,2026-07-13,53,60,On-Track,Closed
ISSUE-39135,Corporate Banking,Transaction Monitoring,Medium,2026-05-04,110,30,Breached,Open
ISSUE-59646,Corporate Banking,Transaction Monitoring,High,2026-07-04,49,15,Breached,In Progress
ISSUE-21485,Retail Banking,AML,High,2026-08-10,12,15,On-Track,In Progress
ISSUE-27276,Corporate Banking,Fraud,Medium,2026-08-13,9,30,On-Track,In Progress
ISSUE-81753,Corporate Banking,Transaction Monitoring,Medium,2026-07-01,52,30,Breached,In Progress
ISSUE-17918,Corporate Banking,KYC,High,2026-06-28,16,15,Breached,Closed
ISSUE-20759,Investment Banking,Sanctions,Medium,2026-08-13,9,30,On-Track,Open
ISSUE-35076,Retail Banking,AML,Low,2026-05-15,99,60,Breached,In Progress
ISSUE-62582,Wealth Management,Sanctions,Medium,2026-08-04,13,30,On-Track,Closed
ISSUE-94310,Wealth Management,Fraud,Medium,2026-06-13,70,30,Breached,In Progress
ISSUE-59129,Corporate Banking,Fraud,Medium,2026-08-09,7,30,On-Track,Closed
ISSUE-28284,Retail Banking,Fraud,High,2026-05-08,106,15,Breached,Open
ISSUE-50289,Retail Banking,KYC,Low,2026-07-26,32,60,On-Track,Closed
ISSUE-66143,Retail Banking,AML,Medium,2026-05-23,91,30,Breached,In Progress
ISSUE-82831,Corporate Banking,Sanctions,Medium,2026-08-12,24,30,On-Track,Closed
ISSUE-59859,Credit Cards,AML,High,2026-07-17,36,15,Breached,Open
ISSUE-98937,Corporate Banking,Transaction Monitoring,Medium,2026-05-17,97,30,Breached,In Progress
ISSUE-24115,Corporate Banking,AML,Medium,2026-04-29,115,30,Breached,In Progress
ISSUE-93270,Retail Banking,KYC,Medium,2026-07-04,49,30,Breached,Open
ISSUE-65946,Wealth Management,KYC,Medium,2026-07-28,27,30,On-Track,Closed
ISSUE-30427,Credit Cards,Sanctions,Medium,2026-08-14,8,30,On-Track,In Progress
ISSUE-46405,Retail Banking,Transaction Monitoring,Medium,2026-07-30,23,30,On-Track,In Progress
ISSUE-58979,Retail Banking,KYC,Medium,2026-06-04,79,30,Breached,In Progress
ISSUE-11292,Corporate Banking,Fraud,Medium,2026-06-04,79,30,Breached,In Progress
ISSUE-69616,Wealth Management,KYC,Medium,2026-07-26,27,30,On-Track,In Progress
ISSUE-61353,Wealth Management,Fraud,Low,2026-04-29,115,60,Breached,In Progress
ISSUE-56259,Wealth Management,Fraud,Low,2026-08-05,17,60,On-Track,In Progress
ISSUE-52296,Wealth Management,Sanctions,Medium,2026-07-09,17,30,On-Track,Closed
ISSUE-89796,Corporate Banking,Fraud,Medium,2026-06-11,72,30,Breached,Open
ISSUE-22134,Wealth Management,KYC,High,2026-04-26,118,15,Breached,In Progress
ISSUE-40798,Corporate Banking,AML,High,2026-06-19,64,15,Breached,In Progress
ISSUE-61135,Wealth Management,Fraud,High,2026-05-17,1,15,On-Track,Closed
ISSUE-97212,Investment Banking,KYC,High,2026-05-22,12,15,On-Track,Closed
ISSUE-48591,Credit Cards,Transaction Monitoring,Medium,2026-06-10,32,30,Breached,Closed
ISSUE-51651,Credit Cards,KYC,High,2026-06-06,77,15,Breached,Open
ISSUE-48092,Corporate Banking,AML,Medium,2026-04-30,114,30,Breached,Open
ISSUE-90753,Credit Cards,Sanctions,Low,2026-07-12,63,60,Breached,Closed
ISSUE-99795,Wealth Management,Sanctions,Medium,2026-05-31,83,30,Breached,In Progress
ISSUE-55868,Retail Banking,Transaction Monitoring,High,2026-05-15,99,15,Breached,In Progress
ISSUE-21049,Wealth Management,KYC,Low,2026-07-21,32,60,On-Track,In Progress
ISSUE-34121,Wealth Management,KYC,High,2026-08-13,9,15,On-Track,Open
ISSUE-98837,Corporate Banking,KYC,Low,2026-08-04,24,60,On-Track,Closed
ISSUE-18909,Credit Cards,Transaction Monitoring,Low,2026-04-28,116,60,Breached,Open
ISSUE-67819,Retail Banking,Sanctions,Low,2026-04-26,118,60,Breached,Open
ISSUE-47164,Corporate Banking,Sanctions,High,2026-05-29,85,15,Breached,In Progress
ISSUE-65542,Wealth Management,Fraud,Medium,2026-06-30,35,30,Breached,Closed
ISSUE-10080,Retail Banking,Fraud,Low,2026-05-24,1,60,On-Track,Closed
ISSUE-55394,Credit Cards,Fraud,Low,2026-08-16,6,60,On-Track,In Progress
ISSUE-52225,Wealth Management,AML,Low,2026-07-05,39,60,On-Track,Closed
ISSUE-81612,Investment Banking,Fraud,High,2026-06-09,74,15,Breached,Open
ISSUE-46494,Credit Cards,Sanctions,High,2026-06-06,77,15,Breached,Open
ISSUE-85656,Investment Banking,Fraud,Medium,2026-06-18,65,30,Breached,Open
ISSUE-64174,Investment Banking,Transaction Monitoring,High,2026-08-04,18,15,Breached,Open
ISSUE-42624,Credit Cards,Transaction Monitoring,Medium,2026-05-12,102,30,Breached,In Progress
ISSUE-64390,Corporate Banking,KYC,Low,2026-06-23,8,60,On-Track,Closed
ISSUE-81429,Investment Banking,Fraud,Medium,2026-05-21,93,30,Breached,Open
ISSUE-14260,Corporate Banking,Sanctions,High,2026-05-09,20,15,Breached,Closed
ISSUE-18115,Investment Banking,Sanctions,Low,2026-07-03,50,60,On-Track,Open
ISSUE-33715,Credit Cards,Sanctions,Medium,2026-08-18,32,30,Breached,Closed
ISSUE-21075,Investment Banking,Fraud,Medium,2026-04-26,35,30,Breached,Closed
ISSUE-36160,Wealth Management,Transaction Monitoring,Medium,2026-04-30,114,30,Breached,Open
ISSUE-65175,Investment Banking,Transaction Monitoring,Medium,2026-07-11,42,30,Breached,Open
ISSUE-93777,Corporate Banking,AML,Medium,2026-05-17,97,30,Breached,In Progress
ISSUE-25240,Wealth Management,Sanctions,Low,2026-08-11,41,60,On-Track,Closed
ISSUE-79338,Corporate Banking,AML,High,2026-05-25,89,15,Breached,Open
ISSUE-68500,Credit Cards,AML,Low,2026-05-01,48,60,On-Track,Closed
ISSUE-77310,Wealth Management,AML,Low,2026-08-19,46,60,On-Track,Closed
ISSUE-85705,Wealth Management,Fraud,Low,2026-06-04,57,60,On-Track,Closed
ISSUE-22988,Corporate Banking,Sanctions,High,2026-07-15,38,15,Breached,Open
ISSUE-12422,Corporate Banking,Sanctions,High,2026-06-03,80,15,Breached,In Progress
ISSUE-67632,Wealth Management,KYC,Medium,2026-07-18,35,30,Breached,Open
ISSUE-24634,Corporate Banking,Sanctions,High,2026-05-01,113,15,Breached,In Progress
ISSUE-63200,Wealth Management,Sanctions,High,2026-07-08,45,15,Breached,In Progress
ISSUE-55057,Credit Cards,KYC,High,2026-05-29,85,15,Breached,In Progress
ISSUE-94135,Corporate Banking,AML,Low,2026-05-10,104,60,Breached,In Progress
ISSUE-87948,Wealth Management,Fraud,Medium,2026-05-10,26,30,On-Track,Closed
ISSUE-83925,Corporate Banking,Sanctions,High,2026-05-29,85,15,Breached,In Progress
ISSUE-64608,Wealth Management,AML,High,2026-08-09,13,15,On-Track,Open
ISSUE-63171,Credit Cards,AML,High,2026-08-17,18,15,Breached,Closed
ISSUE-97273,Investment Banking,AML,Medium,2026-06-17,66,30,Breached,In Progress
ISSUE-53373,Credit Cards,Transaction Monitoring,Low,2026-08-14,24,60,On-Track,Closed
ISSUE-93587,Corporate Banking,Transaction Monitoring,High,2026-06-14,14,15,On-Track,Closed
ISSUE-69592,Wealth Management,KYC,Medium,2026-07-25,28,30,On-Track,Open
ISSUE-64524,Investment Banking,AML,Medium,2026-06-24,59,30,Breached,In Progress
ISSUE-10798,Investment Banking,Sanctions,Medium,2026-08-14,8,30,On-Track,In Progress
ISSUE-19944,Corporate Banking,KYC,Low,2026-05-05,26,60,On-Track,Closed
ISSUE-12425,Credit Cards,AML,Medium,2026-06-04,79,30,Breached,In Progress
ISSUE-60415,Credit Cards,AML,Low,2026-07-29,24,60,On-Track,Open
ISSUE-44833,Corporate Banking,AML,Medium,2026-08-16,35,30,Breached,Closed
ISSUE-80657,Retail Banking,Transaction Monitoring,Low,2026-08-12,10,60,On-Track,Open
ISSUE-40417,Credit Cards,KYC,Medium,2026-06-22,61,30,Breached,In Progress
ISSUE-34805,Corporate Banking,Transaction Monitoring,High,2026-05-15,99,15,Breached,Open
ISSUE-84020,Investment Banking,AML,Low,2026-05-17,97,60,Breached,Open
ISSUE-54295,Investment Banking,AML,Medium,2026-08-19,30,30,On-Track,Closed
ISSUE-23799,Credit Cards,Transaction Monitoring,High,2026-06-06,77,15,Breached,In Progress
ISSUE-71655,Investment Banking,KYC,Low,2026-06-10,73,60,Breached,In Progress
ISSUE-17235,Retail Banking,KYC,Low,2026-05-04,3,60,On-Track,Closed
ISSUE-40204,Investment Banking,Transaction Monitoring,Low,2026-06-07,76,60,Breached,Open
ISSUE-91906,Investment Banking,KYC,Low,2026-07-26,4,60,On-Track,Closed
ISSUE-91238,Corporate Banking,KYC,Low,2026-07-30,23,60,On-Track,Open
ISSUE-47802,Credit Cards,KYC,Low,2026-06-20,63,60,Breached,Open
ISSUE-10164,Investment Banking,KYC,Medium,2026-06-30,53,30,Breached,In Progress
ISSUE-78516,Wealth Management,KYC,Low,2026-07-11,38,60,On-Track,Closed
ISSUE-22695,Corporate Banking,Sanctions,Low,2026-08-04,18,60,On-Track,Open
ISSUE-95438,Wealth Management,KYC,Medium,2026-06-05,23,30,On-Track,Closed
ISSUE-63443,Investment Banking,Transaction Monitoring,Low,2026-06-29,54,60,On-Track,In Progress
ISSUE-95093,Wealth Management,Fraud,Medium,2026-07-08,45,30,Breached,In Progress
ISSUE-74676,Wealth Management,Transaction Monitoring,Medium,2026-08-19,3,30,On-Track,In Progress
ISSUE-53454,Credit Cards,AML,High,2026-08-03,19,15,Breached,In Progress
ISSUE-86815,Corporate Banking,Sanctions,Low,2026-07-25,28,60,On-Track,In Progress
ISSUE-84959,Credit Cards,KYC,Medium,2026-06-18,65,30,Breached,In Progress
ISSUE-67584,Corporate Banking,AML,Medium,2026-05-29,85,30,Breached,In Progress
ISSUE-22442,Wealth Management,Fraud,High,2026-06-30,8,15,On-Track,Closed
ISSUE-88049,Credit Cards,AML,Medium,2026-05-21,93,30,Breached,Open
ISSUE-54894,Corporate Banking,Transaction Monitoring,High,2026-06-12,71,15,Breached,In Progress
ISSUE-73298,Credit Cards,AML,Medium,2026-06-03,80,30,Breached,In Progress
ISSUE-48485,Wealth Management,Sanctions,High,2026-06-26,57,15,Breached,Open
ISSUE-45908,Credit Cards,AML,Low,2026-06-16,67,60,Breached,Open
ISSUE-72352,Credit Cards,AML,Low,2026-05-02,112,60,Breached,In Progress
ISSUE-14503,Corporate Banking,Sanctions,High,2026-05-28,86,15,Breached,Open
ISSUE-79584,Retail Banking,Transaction Monitoring,Medium,2026-07-21,32,30,Breached,In Progress
ISSUE-41735,Investment Banking,Transaction Monitoring,Medium,2026-04-25,28,30,On-Track,Closed
ISSUE-53725,Wealth Management,Transaction Monitoring,Low,2026-05-19,49,60,On-Track,Closed
ISSUE-52488,Credit Cards,Sanctions,Low,2026-06-25,58,60,On-Track,Open
ISSUE-50655,Wealth Management,Sanctions,Low,2026-06-01,82,60,Breached,In Progress
ISSUE-77827,Credit Cards,KYC,Medium,2026-08-15,14,30,On-Track,Closed
ISSUE-55646,Credit Cards,KYC,High,2026-05-13,1,15,On-Track,Closed
ISSUE-83195,Wealth Management,Transaction Monitoring,Medium,2026-05-30,84,30,Breached,In Progress
ISSUE-96593,Retail Banking,AML,Low,2026-06-04,79,60,Breached,In Progress
ISSUE-32180,Retail Banking,Transaction Monitoring,Low,2026-06-25,58,60,On-Track,Open
ISSUE-11440,Credit Cards,Fraud,High,2026-04-24,16,15,Breached,Closed
ISSUE-35755,Retail Banking,Transaction Monitoring,Low,2026-08-14,8,60,On-Track,Open
ISSUE-65098,Credit Cards,Transaction Monitoring,High,2026-06-13,70,15,Breached,Open
ISSUE-69686,Retail Banking,AML,Low,2026-06-16,49,60,On-Track,Closed
ISSUE-59622,Corporate Banking,AML,High,2026-06-14,69,15,Breached,Open
ISSUE-46568,Corporate Banking,Transaction Monitoring,High,2026-08-19,4,15,On-Track,Closed
ISSUE-15235,Corporate Banking,Transaction Monitoring,Low,2026-06-03,80,60,Breached,In Progress
ISSUE-62187,Corporate Banking,Sanctions,Medium,2026-08-19,3,30,On-Track,In Progress
ISSUE-52244,Corporate Banking,AML,High,2026-08-02,13,15,On-Track,Closed
ISSUE-68362,Corporate Banking,Sanctions,Medium,2026-06-01,82,30,Breached,In Progress
ISSUE-78805,Retail Banking,Fraud,Medium,2026-06-11,72,30,Breached,Open
ISSUE-87691,Retail Banking,AML,High,2026-08-18,4,15,On-Track,Open
ISSUE-53771,Credit Cards,AML,Low,2026-05-26,88,60,Breached,Open
ISSUE-53639,Retail Banking,Transaction Monitoring,High,2026-06-10,73,15,Breached,In Progress
ISSUE-46884,Wealth Management,Transaction Monitoring,Low,2026-06-05,78,60,Breached,In Progress
ISSUE-63041,Investment Banking,Sanctions,High,2026-07-16,12,15,On-Track,Closed
ISSUE-90182,Corporate Banking,AML,Medium,2026-05-07,107,30,Breached,Open
ISSUE-98430,Corporate Banking,AML,Medium,2026-07-05,48,30,Breached,Open
ISSUE-96152,Investment Banking,Sanctions,Medium,2026-06-08,30,30,On-Track,Closed
ISSUE-26393,Wealth Management,Sanctions,High,2026-07-29,24,15,Breached,In Progress
ISSUE-82013,Retail Banking,AML,Medium,2026-05-21,20,30,On-Track,Closed
ISSUE-48866,Corporate Banking,Sanctions,High,2026-07-09,44,15,Breached,Open
ISSUE-65597,Retail Banking,Sanctions,Medium,2026-06-08,75,30,Breached,In Progress
ISSUE-62849,Investment Banking,Sanctions,High,2026-04-29,115,15,Breached,In Progress
ISSUE-79599,Investment Banking,Transaction Monitoring,Medium,2026-07-06,47,30,Breached,Open
ISSUE-88974,Credit Cards,Transaction Monitoring,Medium,2026-08-09,23,30,On-Track,Closed
ISSUE-43195,Investment Banking,Transaction Monitoring,High,2026-06-24,59,15,Breached,Open
ISSUE-88502,Corporate Banking,Fraud,Low,2026-06-05,78,60,Breached,In Progress
ISSUE-57196,Credit Cards,KYC,High,2026-08-11,11,15,On-Track,Open
ISSUE-60470,Credit Cards,Transaction Monitoring,High,2026-08-14,10,15,On-Track,Closed
ISSUE-72014,Credit Cards,Transaction Monitoring,Low,2026-08-17,5,60,On-Track,In Progress
ISSUE-77901,Investment Banking,Sanctions,Medium,2026-08-05,17,30,On-Track,Open
ISSUE-52433,Investment Banking,Fraud,Medium,2026-07-04,49,30,Breached,In Progress
ISSUE-12423,Investment Banking,Transaction Monitoring,Low,2026-05-27,50,60,On-Track,Closed
ISSUE-76740,Corporate Banking,KYC,Medium,2026-07-01,7,30,On-Track,Closed
ISSUE-72504,Corporate Banking,Sanctions,High,2026-07-21,32,15,Breached,In Progress
ISSUE-45454,Retail Banking,Fraud,Medium,2026-08-09,8,30,On-Track,Closed
ISSUE-44818,Investment Banking,Sanctions,Low,2026-07-14,44,60,On-Track,Closed
ISSUE-48285,Corporate Banking,Fraud,High,2026-05-17,97,15,Breached,Open
ISSUE-26175,Credit Cards,Fraud,High,2026-04-28,7,15,On-Track,Closed
ISSUE-67869,Credit Cards,KYC,Medium,2026-06-09,30,30,On-Track,Closed
ISSUE-75830,Investment Banking,KYC,Low,2026-07-30,23,60,On-Track,Open
ISSUE-17233,Corporate Banking,AML,High,2026-06-06,77,15,Breached,In Progress
ISSUE-60450,Credit Cards,Fraud,Medium,2026-06-20,1,30,On-Track,Closed
ISSUE-81335,Credit Cards,Transaction Monitoring,High,2026-08-18,4,15,On-Track,In Progress
ISSUE-56174,Wealth Management,KYC,Low,2026-06-14,69,60,Breached,Open
ISSUE-74294,Investment Banking,Transaction Monitoring,Low,2026-06-14,9,60,On-Track,Closed
ISSUE-35275,Credit Cards,Transaction Monitoring,High,2026-07-14,39,15,Breached,In Progress
ISSUE-47055,Corporate Banking,Fraud,Low,2026-08-14,8,60,On-Track,In Progress
ISSUE-92694,Credit Cards,Sanctions,Medium,2026-06-17,66,30,Breached,In Progress
ISSUE-98487,Credit Cards,KYC,Medium,2026-05-30,84,30,Breached,Open
ISSUE-61002,Retail Banking,Transaction Monitoring,Low,2026-08-08,14,60,On-Track,In Progress
ISSUE-59305,Retail Banking,KYC,Medium,2026-08-12,10,30,On-Track,In Progress
ISSUE-34227,Corporate Banking,KYC,Medium,2026-07-24,29,30,On-Track,In Progress
ISSUE-42133,Retail Banking,AML,Low,2026-06-09,35,60,On-Track,Closed
ISSUE-96060,Credit Cards,Transaction Monitoring,Medium,2026-07-10,35,30,Breached,Closed
ISSUE-76495,Retail Banking,KYC,Low,2026-05-21,93,60,Breached,Open
ISSUE-91721,Credit Cards,Transaction Monitoring,Medium,2026-08-06,35,30,Breached,Closed
ISSUE-17898,Credit Cards,KYC,Medium,2026-07-05,48,30,Breached,In Progress
ISSUE-85872,Investment Banking,Sanctions,High,2026-05-11,103,15,Breached,Open
ISSUE-50202,Investment Banking,Transaction Monitoring,Low,2026-05-26,88,60,Breached,Open
ISSUE-24063,Retail Banking,AML,Low,2026-08-05,17,60,On-Track,In Progress
ISSUE-83021,Investment Banking,Fraud,Low,2026-06-07,76,60,Breached,In Progress
ISSUE-15281,Investment Banking,Fraud,Medium,2026-05-21,93,30,Breached,In Progress
ISSUE-29709,Wealth Management,Transaction Monitoring,Low,2026-06-24,59,60,On-Track,In Progress
ISSUE-88595,Retail Banking,Transaction Monitoring,Medium,2026-06-11,72,30,Breached,In Progress
ISSUE-45331,Wealth Management,KYC,Low,2026-05-07,14,60,On-Track,Closed
ISSUE-10012,Retail Banking,KYC,Low,2026-07-29,24,60,On-Track,Open
ISSUE-89266,Corporate Banking,KYC,Medium,2026-08-10,12,30,On-Track,Open
ISSUE-50091,Investment Banking,KYC,High,2026-06-01,9,15,On-Track,Closed
ISSUE-25639,Credit Cards,Fraud,High,2026-08-07,15,15,On-Track,In Progress
ISSUE-46473,Credit Cards,AML,Low,2026-07-31,57,60,On-Track,Closed
ISSUE-43644,Retail Banking,Sanctions,Low,2026-08-13,39,60,On-Track,Closed
ISSUE-24647,Corporate Banking,AML,Low,2026-05-04,32,60,On-Track,Closed
ISSUE-64229,Corporate Banking,KYC,Low,2026-08-18,38,60,On-Track,Closed
ISSUE-59373,Corporate Banking,Fraud,Medium,2026-06-09,74,30,Breached,Open
ISSUE-13265,Credit Cards,Sanctions,High,2026-07-19,34,15,Breached,Open
ISSUE-43143,Retail Banking,KYC,High,2026-07-05,17,15,Breached,Closed
ISSUE-48625,Credit Cards,Fraud,Medium,2026-06-12,71,30,Breached,In Progress
ISSUE-37993,Wealth Management,Transaction Monitoring,High,2026-07-14,39,15,Breached,Open
ISSUE-14148,Investment Banking,Sanctions,Medium,2026-06-17,5,30,On-Track,Closed
ISSUE-84156,Wealth Management,Fraud,Medium,2026-06-01,82,30,Breached,In Progress
ISSUE-28686,Corporate Banking,AML,Medium,2026-08-04,18,30,On-Track,In Progress
ISSUE-83096,Investment Banking,Transaction Monitoring,High,2026-08-21,10,15,On-Track,Closed
ISSUE-42501,Credit Cards,KYC,Medium,2026-05-14,100,30,Breached,Open
ISSUE-72526,Investment Banking,AML,High,2026-07-23,30,15,Breached,Open
ISSUE-96761,Corporate Banking,KYC,Low,2026-08-15,7,60,On-Track,Open
ISSUE-29536,Corporate Banking,Fraud,Medium,2026-07-28,25,30,On-Track,In Progress
ISSUE-61040,Wealth Management,AML,High,2026-06-11,72,15,Breached,In Progress
ISSUE-29825,Wealth Management,AML,High,2026-05-24,10,15,On-Track,Closed
ISSUE-18458,Credit Cards,Transaction Monitoring,Low,2026-05-03,111,60,Breached,Open
ISSUE-35897,Corporate Banking,KYC,Medium,2026-07-19,34,30,Breached,In Progress
ISSUE-28022,Credit Cards,Sanctions,Low,2026-04-29,115,60,Breached,Open
ISSUE-95830,Corporate Banking,Fraud,High,2026-05-05,6,15,On-Track,Closed
ISSUE-56543,Investment Banking,KYC,High,2026-06-09,74,15,Breached,In Progress
ISSUE-70006,Wealth Management,KYC,Low,2026-05-26,51,60,On-Track,Closed
ISSUE-69878,Investment Banking,AML,High,2026-07-07,17,15,Breached,Closed
ISSUE-27939,Wealth Management,Transaction Monitoring,Low,2026-05-14,36,60,On-Track,Closed
ISSUE-32373,Investment Banking,KYC,High,2026-08-02,19,15,Breached,Closed
ISSUE-15305,Credit Cards,Sanctions,Low,2026-07-16,13,60,On-Track,Closed
ISSUE-96337,Corporate Banking,Sanctions,High,2026-08-14,8,15,On-Track,Open
ISSUE-15308,Credit Cards,KYC,High,2026-06-05,78,15,Breached,Open
ISSUE-80946,Corporate Banking,AML,High,2026-05-15,15,15,On-Track,Closed
ISSUE-56414,Credit Cards,AML,High,2026-05-24,90,15,Breached,Open
ISSUE-36990,Wealth Management,Fraud,Medium,2026-05-30,84,30,Breached,In Progress
ISSUE-97058,Wealth Management,Sanctions,High,2026-07-12,41,15,Breached,In Progress
ISSUE-79157,Credit Cards,AML,High,2026-08-17,6,15,On-Track,Closed
ISSUE-45198,Retail Banking,Transaction Monitoring,Low,2026-06-05,29,60,On-Track,Closed
ISSUE-41644,Investment Banking,KYC,High,2026-07-25,7,15,On-Track,Closed
ISSUE-54204,Investment Banking,Sanctions,Medium,2026-08-20,2,30,On-Track,In Progress
ISSUE-59592,Wealth Management,Fraud,High,2026-05-26,88,15,Breached,In Progress
ISSUE-91788,Wealth Management,Transaction Monitoring,High,2026-08-11,5,15,On-Track,Closed
ISSUE-26774,Corporate Banking,KYC,Medium,2026-05-08,10,30,On-Track,Closed
ISSUE-42261,Credit Cards,Fraud,High,2026-05-11,103,15,Breached,Open
ISSUE-89537,Retail Banking,KYC,Medium,2026-06-03,80,30,Breached,Open
ISSUE-38398,Investment Banking,Transaction Monitoring,High,2026-07-15,38,15,Breached,In Progress
ISSUE-39638,Corporate Banking,AML,Medium,2026-05-07,30,30,On-Track,Closed
ISSUE-86321,Corporate Banking,Transaction Monitoring,Low,2026-07-11,42,60,On-Track,In Progress
ISSUE-10698,Corporate Banking,AML,Low,2026-08-18,4,60,On-Track,Closed
ISSUE-26386,Credit Cards,Sanctions,Medium,2026-08-15,18,30,On-Track,Closed
ISSUE-72074,Corporate Banking,Sanctions,Medium,2026-05-01,113,30,Breached,In Progress
ISSUE-24421,Corporate Banking,Fraud,Low,2026-05-13,37,60,On-Track,Closed
ISSUE-97297,Credit Cards,Transaction Monitoring,Medium,2026-07-27,26,30,On-Track,Open
ISSUE-90947,Credit Cards,Transaction Monitoring,High,2026-07-27,18,15,Breached,Closed
ISSUE-34209,Credit Cards,Fraud,Medium,2026-07-21,24,30,On-Track,Closed
ISSUE-48836,Retail Banking,Sanctions,Low,2026-07-04,46,60,On-Track,Closed
ISSUE-28709,Wealth Management,KYC,Medium,2026-06-25,58,30,Breached,In Progress
ISSUE-21406,Credit Cards,Fraud,Low,2026-07-04,49,60,On-Track,In Progress
ISSUE-94418,Investment Banking,KYC,Medium,2026-06-02,81,30,Breached,In Progress
ISSUE-73784,Retail Banking,Fraud,Medium,2026-05-17,97,30,Breached,In Progress
ISSUE-44336,Credit Cards,Fraud,High,2026-05-27,87,15,Breached,In Progress
ISSUE-19265,Retail Banking,Fraud,Low,2026-07-16,42,60,On-Track,Closed
ISSUE-77476,Wealth Management,Sanctions,High,2026-05-31,19,15,Breached,Closed
ISSUE-75024,Corporate Banking,AML,Low,2026-06-23,60,60,On-Track,In Progress
ISSUE-87843,Wealth Management,Sanctions,Low,2026-08-05,17,60,On-Track,Open
ISSUE-69861,Credit Cards,Fraud,High,2026-04-30,114,15,Breached,Open
ISSUE-52761,Corporate Banking,KYC,High,2026-07-22,31,15,Breached,In Progress
ISSUE-81779,Investment Banking,AML,High,2026-04-26,118,15,Breached,Open
ISSUE-63153,Investment Banking,Sanctions,Low,2026-05-01,113,60,Breached,Open
ISSUE-68309,Investment Banking,AML,Low,2026-06-11,72,60,Breached,In Progress
ISSUE-67056,Wealth Management,KYC,High,2026-06-16,16,15,Breached,Closed
ISSUE-62593,Wealth Management,Fraud,Medium,2026-06-30,18,30,On-Track,Closed
ISSUE-88713,Credit Cards,KYC,High,2026-08-14,8,15,On-Track,In Progress
ISSUE-19978,Credit Cards,AML,High,2026-07-02,51,15,Breached,Open
ISSUE-29909,Investment Banking,AML,Medium,2026-06-12,71,30,Breached,In Progress
ISSUE-29423,Retail Banking,KYC,Medium,2026-05-15,28,30,On-Track,Closed
ISSUE-29931,Retail Banking,Transaction Monitoring,Medium,2026-06-29,4,30,On-Track,Closed
ISSUE-22115,Wealth Management,KYC,High,2026-07-17,36,15,Breached,Open
ISSUE-41501,Credit Cards,Fraud,High,2026-05-16,1,15,On-Track,Closed
ISSUE-14053,Wealth Management,Transaction Monitoring,Medium,2026-07-13,40,30,Breached,Open
ISSUE-34057,Investment Banking,Fraud,Low,2026-05-23,60,60,On-Track,Closed
ISSUE-67051,Investment Banking,AML,High,2026-05-09,105,15,Breached,Open
ISSUE-56062,Retail Banking,Sanctions,Low,2026-07-20,12,60,On-Track,Closed
ISSUE-43595,Credit Cards,Transaction Monitoring,Medium,2026-05-28,13,30,On-Track,Closed
ISSUE-48382,Wealth Management,Sanctions,Medium,2026-08-12,1,30,On-Track,Closed
ISSUE-59006,Credit Cards,AML,Medium,2026-05-04,110,30,Breached,Open
ISSUE-45253,Wealth Management,Fraud,Low,2026-08-11,11,60,On-Track,Open
ISSUE-34156,Credit Cards,AML,Low,2026-08-15,31,60,On-Track,Closed
ISSUE-75441,Investment Banking,Transaction Monitoring,Medium,2026-06-15,22,30,On-Track,Closed
ISSUE-51500,Credit Cards,Sanctions,Medium,2026-06-05,78,30,Breached,In Progress
ISSUE-82529,Retail Banking,AML,High,2026-07-20,33,15,Breached,Open
ISSUE-95836,Wealth Management,AML,Low,2026-06-01,82,60,Breached,In Progress
ISSUE-50063,Retail Banking,AML,Medium,2026-04-27,16,30,On-Track,Closed
ISSUE-60596,Retail Banking,AML,High,2026-08-02,20,15,Breached,In Progress
ISSUE-15721,Credit Cards,Fraud,Medium,2026-05-26,88,30,Breached,Open
ISSUE-44369,Wealth Management,KYC,High,2026-06-20,63,15,Breached,Open
ISSUE-32016,Credit Cards,KYC,Low,2026-08-15,65,60,Breached,Closed
ISSUE-91260,Corporate Banking,AML,Low,2026-05-01,113,60,Breached,In Progress
ISSUE-12863,Retail Banking,Transaction Monitoring,Medium,2026-07-20,26,30,On-Track,Closed
ISSUE-91247,Wealth Management,Sanctions,Medium,2026-08-07,15,30,On-Track,In Progress
ISSUE-50855,Investment Banking,KYC,Medium,2026-08-02,20,30,On-Track,In Progress
ISSUE-86244,Corporate Banking,KYC,Low,2026-05-11,53,60,On-Track,Closed
ISSUE-17035,Corporate Banking,Sanctions,Low,2026-06-03,80,60,Breached,In Progress
ISSUE-14825,Credit Cards,Fraud,Low,2026-05-24,90,60,Breached,Open
ISSUE-70290,Retail Banking,KYC,Medium,2026-07-10,43,30,Breached,Open
ISSUE-53789,Credit Cards,Sanctions,Low,2026-05-08,106,60,Breached,In Progress
ISSUE-19204,Retail Banking,Sanctions,Medium,2026-06-01,82,30,Breached,In Progress
ISSUE-76892,Wealth Management,Fraud,Low,2026-04-27,117,60,Breached,In Progress
ISSUE-66117,Wealth Management,Fraud,Medium,2026-07-30,23,30,On-Track,Open
ISSUE-58726,Wealth Management,Sanctions,Low,2026-07-16,37,60,On-Track,Open
ISSUE-20619,Retail Banking,Fraud,Low,2026-07-24,11,60,On-Track,Closed
ISSUE-40729,Wealth Management,KYC,Low,2026-06-06,77,60,Breached,Open
ISSUE-27002,Credit Cards,Fraud,Medium,2026-08-08,14,30,On-Track,In Progress
ISSUE-32110,Credit Cards,KYC,Medium,2026-07-28,25,30,On-Track,In Progress
ISSUE-89728,Wealth Management,KYC,Low,2026-04-28,116,60,Breached,In Progress
ISSUE-96146,Investment Banking,KYC,Low,2026-07-11,13,60,On-Track,Closed
ISSUE-27294,Wealth Management,Fraud,High,2026-07-31,22,15,Breached,In Progress
ISSUE-36178,Retail Banking,AML,High,2026-06-21,62,15,Breached,Open
ISSUE-62164,Wealth Management,Transaction Monitoring,High,2026-06-17,66,15,Breached,In Progress
ISSUE-41408,Corporate Banking,Sanctions,Medium,2026-05-20,26,30,On-Track,Closed
ISSUE-33939,Investment Banking,Fraud,High,2026-04-28,20,15,Breached,Closed
ISSUE-58944,Investment Banking,Transaction Monitoring,Medium,2026-06-25,32,30,Breached,Closed
ISSUE-37680,Credit Cards,Sanctions,Low,2026-05-15,99,60,Breached,Open
ISSUE-91905,Credit Cards,Transaction Monitoring,Low,2026-08-08,11,60,On-Track,Closed
ISSUE-60988,Retail Banking,AML,Low,2026-07-23,42,60,On-Track,Closed
ISSUE-58774,Investment Banking,Transaction Monitoring,Low,2026-06-15,68,60,Breached,Open
ISSUE-98694,Investment Banking,Fraud,Low,2026-05-07,64,60,Breached,Closed
ISSUE-90809,Wealth Management,KYC,High,2026-07-15,2,15,On-Track,Closed
ISSUE-24337,Credit Cards,Sanctions,Low,2026-04-30,114,60,Breached,Open
ISSUE-94146,Wealth Management,Transaction Monitoring,Low,2026-08-05,17,60,On-Track,In Progress
ISSUE-41436,Corporate Banking,Fraud,Low,2026-07-07,8,60,On-Track,Closed
ISSUE-27268,Credit Cards,Sanctions,Low,2026-08-15,30,60,On-Track,Closed
ISSUE-97528,Corporate Banking,Fraud,Low,2026-06-30,39,60,On-Track,Closed
ISSUE-18283,Corporate Banking,KYC,Low,2026-06-22,62,60,Breached,Closed
ISSUE-65442,Wealth Management,KYC,High,2026-07-24,9,15,On-Track,Closed
ISSUE-38755,Retail Banking,Sanctions,High,2026-07-11,9,15,On-Track,Closed
ISSUE-79231,Retail Banking,Fraud,Medium,2026-05-12,102,30,Breached,Open
ISSUE-65608,Retail Banking,KYC,High,2026-05-10,3,15,On-Track,Closed
ISSUE-77671,Wealth Management,AML,Medium,2026-07-27,26,30,On-Track,Open
ISSUE-88691,Credit Cards,Sanctions,High,2026-07-25,28,15,Breached,Open
ISSUE-92508,Credit Cards,Fraud,Low,2026-06-27,56,60,On-Track,Open
ISSUE-72387,Credit Cards,Fraud,High,2026-05-23,91,15,Breached,Open
ISSUE-23641,Retail Banking,AML,Low,2026-05-15,46,60,On-Track,Closed
ISSUE-84666,Investment Banking,AML,High,2026-06-05,78,15,Breached,Open
ISSUE-28005,Wealth Management,AML,High,2026-06-22,61,15,Breached,In Progress
ISSUE-22026,Investment Banking,AML,Medium,2026-07-30,23,30,On-Track,Open
ISSUE-65525,Corporate Banking,AML,Medium,2026-06-07,76,30,Breached,Open
ISSUE-49347,Investment Banking,Fraud,Medium,2026-07-19,34,30,Breached,Open
ISSUE-94127,Retail Banking,Fraud,Low,2026-07-20,58,60,On-Track,Closed
ISSUE-50591,Credit Cards,Transaction Monitoring,High,2026-05-22,92,15,Breached,In Progress
ISSUE-40690,Retail Banking,Sanctions,Low,2026-07-15,38,60,On-Track,Open
ISSUE-83678,Corporate Banking,KYC,High,2026-05-09,105,15,Breached,In Progress
ISSUE-92326,Wealth Management,Sanctions,Low,2026-05-08,106,60,Breached,In Progress
ISSUE-17427,Credit Cards,KYC,Low,2026-07-26,38,60,On-Track,Closed
ISSUE-19179,Wealth Management,AML,High,2026-05-10,104,15,Breached,In Progress
ISSUE-53681,Credit Cards,Transaction Monitoring,Medium,2026-07-20,33,30,Breached,In Progress
ISSUE-32153,Investment Banking,Sanctions,High,2026-04-30,18,15,Breached,Closed
ISSUE-67185,Retail Banking,Sanctions,Medium,2026-08-09,13,30,On-Track,Open
ISSUE-83657,Corporate Banking,Transaction Monitoring,High,2026-04-25,119,15,Breached,Open
ISSUE-35437,Investment Banking,KYC,High,2026-07-21,32,15,Breached,In Progress
ISSUE-17171,Wealth Management,KYC,Medium,2026-08-17,5,30,On-Track,In Progress
ISSUE-97744,Investment Banking,Sanctions,High,2026-07-06,5,15,On-Track,Closed
ISSUE-87849,Retail Banking,AML,High,2026-06-28,19,15,Breached,Closed
ISSUE-59852,Corporate Banking,Sanctions,High,2026-06-13,70,15,Breached,In Progress
ISSUE-30536,Retail Banking,Transaction Monitoring,High,2026-06-03,80,15,Breached,In Progress
ISSUE-76194,Wealth Management,Sanctions,High,2026-08-03,4,15,On-Track,Closed
ISSUE-90652,Wealth Management,Fraud,Medium,2026-04-29,115,30,Breached,Open
ISSUE-99643,Investment Banking,Transaction Monitoring,Low,2026-06-18,65,60,Breached,In Progress
ISSUE-48575,Retail Banking,Sanctions,High,2026-06-05,78,15,Breached,In Progress
ISSUE-20773,Corporate Banking,Sanctions,Low,2026-08-10,12,60,On-Track,In Progress
ISSUE-14528,Credit Cards,Transaction Monitoring,High,2026-04-29,7,15,On-Track,Closed
ISSUE-57288,Credit Cards,Transaction Monitoring,Low,2026-07-29,24,60,On-Track,Open
ISSUE-55431,Credit Cards,Sanctions,Medium,2026-07-06,16,30,On-Track,Closed
ISSUE-87275,Investment Banking,Transaction Monitoring,Medium,2026-06-09,74,30,Breached,In Progress
ISSUE-95979,Corporate Banking,Transaction Monitoring,High,2026-05-08,3,15,On-Track,Closed
ISSUE-40895,Credit Cards,Fraud,Low,2026-05-10,104,60,Breached,In Progress
ISSUE-78459,Wealth Management,KYC,Low,2026-07-22,31,60,On-Track,Open
ISSUE-82301,Wealth Management,Sanctions,Medium,2026-07-10,43,30,Breached,In Progress
ISSUE-72015,Wealth Management,KYC,Low,2026-06-10,73,60,Breached,Open
ISSUE-56341,Retail Banking,AML,High,2026-05-09,105,15,Breached,In Progress
ISSUE-58087,Investment Banking,KYC,Low,2026-08-10,12,60,On-Track,Open
ISSUE-97263,Wealth Management,AML,Medium,2026-05-25,89,30,Breached,Open
ISSUE-92205,Credit Cards,Fraud,Low,2026-07-16,37,60,On-Track,Open
ISSUE-11570,Investment Banking,Fraud,Medium,2026-08-15,7,30,On-Track,In Progress
ISSUE-43434,Corporate Banking,KYC,Low,2026-06-14,69,60,Breached,Open
ISSUE-40066,Wealth Management,AML,High,2026-04-25,119,15,Breached,Open
ISSUE-49747,Credit Cards,AML,Medium,2026-07-22,16,30,On-Track,Closed
ISSUE-62760,Investment Banking,KYC,High,2026-07-19,34,15,Breached,Open
ISSUE-65707,Retail Banking,AML,High,2026-05-26,88,15,Breached,Open
ISSUE-76772,Corporate Banking,Transaction Monitoring,High,2026-08-01,21,15,Breached,In Progress
ISSUE-32698,Credit Cards,AML,Medium,2026-05-10,104,30,Breached,Open
ISSUE-94132,Retail Banking,Transaction Monitoring,High,2026-07-30,6,15,On-Track,Closed
ISSUE-29558,Retail Banking,Transaction Monitoring,High,2026-08-09,10,15,On-Track,Closed
ISSUE-65671,Retail Banking,Fraud,Medium,2026-05-11,103,30,Breached,In Progress
ISSUE-52968,Investment Banking,Fraud,Low,2026-05-03,111,60,Breached,Open
ISSUE-45576,Corporate Banking,Sanctions,Low,2026-07-11,42,60,On-Track,In Progress
ISSUE-48493,Corporate Banking,AML,High,2026-07-06,47,15,Breached,In Progress
ISSUE-83251,Corporate Banking,Sanctions,Medium,2026-05-10,26,30,On-Track,Closed
ISSUE-80646,Corporate Banking,AML,High,2026-06-11,72,15,Breached,In Progress
ISSUE-31934,Wealth Management,AML,Low,2026-06-11,72,60,Breached,In Progress
ISSUE-92143,Retail Banking,KYC,Medium,2026-08-09,23,30,On-Track,Closed
ISSUE-11736,Investment Banking,KYC,Low,2026-07-14,39,60,On-Track,In Progress
ISSUE-86836,Investment Banking,Sanctions,High,2026-06-12,71,15,Breached,In Progress
ISSUE-42190,Investment Banking,KYC,High,2026-05-31,83,15,Breached,In Progress
ISSUE-64860,Corporate Banking,Transaction Monitoring,High,2026-06-11,72,15,Breached,In Progress
ISSUE-14856,Credit Cards,Transaction Monitoring,High,2026-05-17,97,15,Breached,Open
ISSUE-38319,Wealth Management,Fraud,Medium,2026-06-11,72,30,Breached,In Progress
ISSUE-41273,Retail Banking,Transaction Monitoring,Low,2026-08-06,16,60,On-Track,In Progress
ISSUE-10866,Corporate Banking,Transaction Monitoring,Low,2026-06-07,76,60,Breached,In Progress
ISSUE-50648,Credit Cards,KYC,High,2026-07-29,7,15,On-Track,Closed
ISSUE-24327,Corporate Banking,KYC,Low,2026-05-29,85,60,Breached,In Progress
ISSUE-79891,Retail Banking,Sanctions,High,2026-06-13,70,15,Breached,Open
ISSUE-46296,Investment Banking,AML,Medium,2026-05-18,96,30,Breached,In Progress
ISSUE-70598,Investment Banking,AML,High,2026-06-22,15,15,On-Track,Closed
ISSUE-35292,Wealth Management,Fraud,High,2026-06-15,68,15,Breached,In Progress
ISSUE-52135,Corporate Banking,KYC,Low,2026-06-11,30,60,On-Track,Closed
ISSUE-85141,Corporate Banking,Sanctions,Medium,2026-08-07,15,30,On-Track,Open
ISSUE-60769,Credit Cards,Transaction Monitoring,High,2026-07-30,23,15,Breached,In Progress
ISSUE-68511,Credit Cards,Transaction Monitoring,Low,2026-08-02,20,60,On-Track,Open
ISSUE-46744,Investment Banking,Transaction Monitoring,High,2026-05-26,88,15,Breached,In Progress
ISSUE-24831,Credit Cards,Fraud,Low,2026-07-04,30,60,On-Track,Closed
ISSUE-30975,Credit Cards,Transaction Monitoring,High,2026-06-06,77,15,Breached,In Progress
ISSUE-51751,Retail Banking,Sanctions,High,2026-08-01,7,15,On-Track,Closed
ISSUE-57411,Investment Banking,Sanctions,Low,2026-07-31,62,60,Breached,Closed
ISSUE-33649,Corporate Banking,Transaction Monitoring,Medium,2026-06-14,6,30,On-Track,Closed
ISSUE-40125,Corporate Banking,Transaction Monitoring,Medium,2026-06-28,55,30,Breached,Open
ISSUE-90021,Corporate Banking,AML,Low,2026-07-01,38,60,On-Track,Closed
ISSUE-99648,Corporate Banking,AML,High,2026-05-15,99,15,Breached,In Progress
ISSUE-93690,Wealth Management,AML,Medium,2026-07-09,44,30,Breached,In Progress
ISSUE-18277,Investment Banking,AML,Low,2026-04-25,19,60,On-Track,Closed
ISSUE-89004,Retail Banking,AML,High,2026-08-14,8,15,On-Track,Open
ISSUE-12474,Wealth Management,Sanctions,Low,2026-07-10,43,60,On-Track,In Progress
ISSUE-71120,Credit Cards,AML,High,2026-08-04,18,15,Breached,Open
ISSUE-34269,Wealth Management,Sanctions,Medium,2026-06-04,9,30,On-Track,Closed
ISSUE-70757,Corporate Banking,Sanctions,Medium,2026-06-16,67,30,Breached,In Progress
ISSUE-89953,Wealth Management,AML,Medium,2026-05-26,15,30,On-Track,Closed
ISSUE-94425,Corporate Banking,KYC,Medium,2026-06-27,28,30,On-Track,Closed
ISSUE-94015,Wealth Management,Transaction Monitoring,High,2026-05-05,3,15,On-Track,Closed
ISSUE-64798,Investment Banking,AML,High,2026-06-17,66,15,Breached,Open
ISSUE-31482,Corporate Banking,KYC,High,2026-07-22,31,15,Breached,In Progress
ISSUE-68126,Retail Banking,Transaction Monitoring,High,2026-05-10,9,15,On-Track,Closed
ISSUE-13937,Retail Banking,Transaction Monitoring,Medium,2026-05-26,88,30,Breached,Open
ISSUE-73972,Wealth Management,Transaction Monitoring,High,2026-05-12,14,15,On-Track,Closed
ISSUE-33690,Wealth Management,Fraud,High,2026-05-13,9,15,On-Track,Closed
ISSUE-21045,Investment Banking,KYC,High,2026-06-29,8,15,On-Track,Closed
ISSUE-22059,Corporate Banking,Fraud,High,2026-06-18,65,15,Breached,Open
ISSUE-56042,Wealth Management,Sanctions,Low,2026-05-21,39,60,On-Track,Closed
ISSUE-20222,Investment Banking,AML,Low,2026-06-21,28,60,On-Track,Closed
ISSUE-70811,Investment Banking,AML,Medium,2026-05-18,20,30,On-Track,Closed
ISSUE-30900,Wealth Management,KYC,Medium,2026-05-28,86,30,Breached,In Progress
ISSUE-71071,Retail Banking,Sanctions,Low,2026-07-31,22,60,On-Track,In Progress
ISSUE-74706,Retail Banking,AML,High,2026-07-31,22,15,Breached,Open
ISSUE-95412,Retail Banking,KYC,Low,2026-05-25,89,60,Breached,In Progress
ISSUE-91795,Credit Cards,AML,Low,2026-08-09,13,60,On-Track,Open
ISSUE-21822,Corporate Banking,Sanctions,Low,2026-05-07,26,60,On-Track,Closed
ISSUE-39711,Corporate Banking,Fraud,High,2026-08-13,9,15,On-Track,Closed
ISSUE-79930,Wealth Management,AML,Medium,2026-05-27,87,30,Breached,In Progress
ISSUE-61152,Investment Banking,AML,Medium,2026-07-21,32,30,Breached,Open
ISSUE-56506,Credit Cards,KYC,Medium,2026-05-15,24,30,On-Track,Closed
ISSUE-55669,Credit Cards,Fraud,High,2026-05-24,90,15,Breached,In Progress
ISSUE-36215,Corporate Banking,KYC,Low,2026-07-03,14,60,On-Track,Closed
ISSUE-79911,Investment Banking,KYC,High,2026-05-01,113,15,Breached,Open
ISSUE-33907,Retail Banking,Sanctions,Medium,2026-05-18,96,30,Breached,Open
ISSUE-79772,Investment Banking,AML,Medium,2026-05-13,16,30,On-Track,Closed
ISSUE-65545,Wealth Management,Fraud,Low,2026-07-03,50,60,On-Track,Open
ISSUE-30425,Credit Cards,AML,Low,2026-05-01,13,60,On-Track,Closed
ISSUE-83422,Retail Banking,KYC,Medium,2026-07-11,42,30,Breached,In Progress
ISSUE-36839,Credit Cards,KYC,High,2026-08-07,15,15,On-Track,Open
ISSUE-66468,Corporate Banking,Sanctions,Medium,2026-07-12,41,30,Breached,In Progress
ISSUE-93604,Investment Banking,Fraud,Medium,2026-06-21,25,30,On-Track,Closed
ISSUE-89218,Wealth Management,AML,Low,2026-06-04,79,60,Breached,Open
ISSUE-45208,Investment Banking,Fraud,Medium,2026-06-27,56,30,Breached,Open
ISSUE-63548,Wealth Management,Sanctions,Low,2026-06-11,72,60,Breached,Open
ISSUE-66700,Credit Cards,Sanctions,Low,2026-08-10,32,60,On-Track,Closed
ISSUE-43253,Wealth Management,Fraud,Medium,2026-07-10,43,30,Breached,Open
ISSUE-30926,Credit Cards,Fraud,Low,2026-06-11,12,60,On-Track,Closed
ISSUE-25933,Credit Cards,Transaction Monitoring,Medium,2026-07-06,24,30,On-Track,Closed
ISSUE-80295,Investment Banking,Transaction Monitoring,Medium,2026-07-26,27,30,On-Track,Open
ISSUE-20260,Wealth Management,KYC,Medium,2026-07-01,52,30,Breached,Open
ISSUE-31002,Wealth Management,Transaction Monitoring,Low,2026-05-18,96,60,Breached,In Progress
ISSUE-95404,Investment Banking,Sanctions,High,2026-04-29,115,15,Breached,In Progress
ISSUE-42716,Retail Banking,Transaction Monitoring,Low,2026-07-01,52,60,On-Track,In Progress
ISSUE-99802,Corporate Banking,KYC,High,2026-06-12,71,15,Breached,In Progress
ISSUE-56580,Investment Banking,Sanctions,High,2026-07-09,44,15,Breached,In Progress
ISSUE-39453,Investment Banking,Sanctions,Low,2026-05-20,51,60,On-Track,Closed
ISSUE-19262,Investment Banking,Sanctions,High,2026-07-23,14,15,On-Track,Closed
ISSUE-49526,Credit Cards,AML,Medium,2026-07-26,27,30,On-Track,Open
ISSUE-85178,Credit Cards,Transaction Monitoring,Low,2026-06-06,77,60,Breached,In Progress
ISSUE-25612,Corporate Banking,KYC,Low,2026-04-26,19,60,On-Track,Closed
ISSUE-38322,Wealth Management,Fraud,Medium,2026-06-01,82,30,Breached,In Progress
ISSUE-26510,Corporate Banking,KYC,Medium,2026-05-25,89,30,Breached,Open
ISSUE-38882,Retail Banking,Fraud,Medium,2026-08-07,15,30,On-Track,Open
ISSUE-40327,Retail Banking,Sanctions,Medium,2026-06-12,71,30,Breached,Open
ISSUE-58571,Wealth Management,KYC,Low,2026-05-15,99,60,Breached,Open
ISSUE-34299,Retail Banking,Transaction Monitoring,Medium,2026-07-07,46,30,Breached,Open
ISSUE-47117,Credit Cards,Sanctions,Low,2026-06-10,73,60,Breached,Open
ISSUE-63636,Retail Banking,Sanctions,Low,2026-07-09,44,60,On-Track,In Progress
ISSUE-12575,Wealth Management,Sanctions,Medium,2026-05-06,108,30,Breached,In Progress
ISSUE-15689,Corporate Banking,Transaction Monitoring,Medium,2026-08-11,14,30,On-Track,Closed
ISSUE-16735,Investment Banking,Transaction Monitoring,Medium,2026-08-16,6,30,On-Track,Open
ISSUE-92702,Retail Banking,Transaction Monitoring,Medium,2026-05-22,92,30,Breached,Open
ISSUE-81283,Retail Banking,KYC,Low,2026-07-06,50,60,On-Track,Closed
ISSUE-91098,Wealth Management,KYC,Low,2026-08-14,41,60,On-Track,Closed
ISSUE-45291,Corporate Banking,Sanctions,Medium,2026-06-26,57,30,Breached,In Progress
ISSUE-11684,Credit Cards,KYC,High,2026-07-10,43,15,Breached,In Progress
ISSUE-57521,Credit Cards,Fraud,High,2026-05-10,104,15,Breached,Open
ISSUE-13660,Corporate Banking,KYC,High,2026-06-20,17,15,Breached,Closed
ISSUE-82761,Wealth Management,Sanctions,High,2026-04-24,1,15,On-Track,Closed
ISSUE-78549,Credit Cards,KYC,Low,2026-07-15,38,60,On-Track,In Progress
ISSUE-53518,Credit Cards,AML,Medium,2026-06-24,29,30,On-Track,Closed
ISSUE-25782,Wealth Management,Transaction Monitoring,Low,2026-05-01,113,60,Breached,Open
ISSUE-23095,Investment Banking,KYC,High,2026-06-08,13,15,On-Track,Closed
ISSUE-47708,Investment Banking,Sanctions,High,2026-05-16,13,15,On-Track,Closed
ISSUE-25874,Investment Banking,AML,Low,2026-07-14,48,60,On-Track,Closed
ISSUE-18296,Wealth Management,Fraud,Low,2026-06-04,9,60,On-Track,Closed
ISSUE-48580,Credit Cards,Fraud,Medium,2026-07-11,42,30,Breached,Open
ISSUE-97334,Credit Cards,Sanctions,Low,2026-06-07,76,60,Breached,Open
ISSUE-67008,Investment Banking,Transaction Monitoring,Low,2026-05-03,111,60,Breached,In Progress
ISSUE-36232,Corporate Banking,Transaction Monitoring,Low,2026-05-01,1,60,On-Track,Closed
ISSUE-40947,Corporate Banking,KYC,Medium,2026-08-18,2,30,On-Track,Closed
ISSUE-92606,Wealth Management,Sanctions,Low,2026-06-24,59,60,On-Track,In Progress
ISSUE-77542,Retail Banking,Fraud,Medium,2026-07-29,24,30,On-Track,Open
ISSUE-32227,Credit Cards,AML,High,2026-07-15,38,15,Breached,Open
ISSUE-34133,Retail Banking,KYC,Low,2026-07-12,4,60,On-Track,Closed
ISSUE-89748,Wealth Management,KYC,Low,2026-04-24,65,60,Breached,Closed
ISSUE-97619,Investment Banking,Fraud,Low,2026-06-11,72,60,Breached,In Progress
ISSUE-43140,Investment Banking,Fraud,Low,2026-05-17,97,60,Breached,Open
ISSUE-36943,Credit Cards,KYC,Low,2026-05-12,102,60,Breached,Open
ISSUE-29833,Corporate Banking,AML,Low,2026-08-11,11,60,On-Track,In Progress
ISSUE-52920,Credit Cards,Fraud,Low,2026-06-14,69,60,Breached,Open
ISSUE-89927,Credit Cards,Fraud,Medium,2026-06-10,73,30,Breached,Open
ISSUE-34201,Corporate Banking,Fraud,High,2026-06-26,57,15,Breached,In Progress
ISSUE-31756,Corporate Banking,Fraud,High,2026-07-07,46,15,Breached,In Progress
ISSUE-33684,Credit Cards,KYC,High,2026-06-01,82,15,Breached,In Progress
ISSUE-22164,Corporate Banking,Sanctions,Low,2026-08-18,15,60,On-Track,Closed
ISSUE-56970,Credit Cards,AML,High,2026-05-21,19,15,Breached,Closed
ISSUE-60429,Wealth Management,AML,High,2026-07-23,30,15,Breached,In Progress
ISSUE-97678,Investment Banking,Sanctions,Low,2026-08-07,15,60,On-Track,Open
ISSUE-69741,Retail Banking,Transaction Monitoring,Medium,2026-04-26,118,30,Breached,In Progress
ISSUE-38115,Credit Cards,AML,Low,2026-07-20,48,60,On-Track,Closed
ISSUE-66737,Credit Cards,Transaction Monitoring,Low,2026-06-01,82,60,Breached,Open
ISSUE-33060,Credit Cards,Fraud,Medium,2026-07-18,35,30,Breached,In Progress
ISSUE-27120,Corporate Banking,KYC,Low,2026-08-15,7,60,On-Track,Open
ISSUE-54860,Credit Cards,Fraud,Low,2026-06-21,62,60,Breached,Open
ISSUE-99113,Investment Banking,KYC,Medium,2026-05-04,18,30,On-Track,Closed
ISSUE-87383,Retail Banking,AML,Medium,2026-05-27,7,30,On-Track,Closed
ISSUE-89700,Investment Banking,AML,High,2026-05-01,10,15,On-Track,Closed
ISSUE-93818,Wealth Management,AML,Low,2026-05-07,107,60,Breached,In Progress
ISSUE-56960,Retail Banking,AML,Low,2026-04-27,117,60,Breached,Open
ISSUE-60060,Wealth Management,Fraud,Medium,2026-06-30,35,30,Breached,Closed
ISSUE-57917,Corporate Banking,Sanctions,High,2026-05-26,88,15,Breached,Open
ISSUE-40630,Corporate Banking,AML,High,2026-04-30,114,15,Breached,In Progress
ISSUE-23447,Wealth Management,KYC,Low,2026-06-08,75,60,Breached,Open
ISSUE-76024,Retail Banking,Transaction Monitoring,Low,2026-08-08,14,60,On-Track,Open
ISSUE-94412,Investment Banking,KYC,High,2026-07-16,37,15,Breached,Open
ISSUE-79764,Wealth Management,Transaction Monitoring,Medium,2026-08-10,12,30,On-Track,Open
ISSUE-63627,Wealth Management,Transaction Monitoring,Medium,2026-08-03,23,30,On-Track,Closed
ISSUE-22589,Investment Banking,Fraud,Low,2026-06-04,29,60,On-Track,Closed
ISSUE-89962,Investment Banking,Transaction Monitoring,High,2026-05-19,20,15,Breached,Closed
ISSUE-82818,Corporate Banking,Fraud,Low,2026-07-15,53,60,On-Track,Closed
ISSUE-22628,Credit Cards,Sanctions,Low,2026-06-25,58,60,On-Track,In Progress
ISSUE-75962,Corporate Banking,KYC,Medium,2026-07-21,15,30,On-Track,Closed
ISSUE-79828,Wealth Management,Fraud,Medium,2026-07-28,25,30,On-Track,In Progress
ISSUE-67633,Investment Banking,Transaction Monitoring,Medium,2026-05-11,33,30,Breached,Closed
ISSUE-62249,Wealth Management,Fraud,Medium,2026-07-03,2,30,On-Track,Closed
ISSUE-81130,Credit Cards,AML,High,2026-08-08,14,15,On-Track,In Progress
ISSUE-13444,Retail Banking,KYC,Medium,2026-07-08,31,30,Breached,Closed
ISSUE-94545,Corporate Banking,KYC,High,2026-08-02,17,15,Breached,Closed
ISSUE-50842,Retail Banking,Transaction Monitoring,Low,2026-06-06,77,60,Breached,Open
ISSUE-89584,Retail Banking,AML,Low,2026-07-05,48,60,On-Track,Open
ISSUE-41172,Investment Banking,Fraud,Low,2026-07-05,48,60,On-Track,In Progress
ISSUE-78969,Corporate Banking,Transaction Monitoring,Low,2026-06-12,43,60,On-Track,Closed
ISSUE-66180,Retail Banking,Sanctions,Low,2026-06-05,3,60,On-Track,Closed
ISSUE-94457,Retail Banking,Fraud,Low,2026-08-19,3,60,On-Track,Open
ISSUE-91524,Wealth Management,Transaction Monitoring,Medium,2026-06-20,63,30,Breached,Open
ISSUE-63572,Corporate Banking,Transaction Monitoring,Medium,2026-06-24,16,30,On-Track,Closed
ISSUE-74207,Credit Cards,KYC,Medium,2026-06-02,81,30,Breached,In Progress
ISSUE-70746,Credit Cards,KYC,Medium,2026-05-22,92,30,Breached,In Progress
ISSUE-85640,Corporate Banking,Transaction Monitoring,Low,2026-06-05,78,60,Breached,Open
ISSUE-35310,Investment Banking,Fraud,Medium,2026-06-23,60,30,Breached,In Progress
ISSUE-30923,Wealth Management,KYC,Low,2026-08-16,6,60,On-Track,In Progress
ISSUE-37635,Retail Banking,Transaction Monitoring,High,2026-08-06,16,15,Breached,Open
ISSUE-21765,Credit Cards,Transaction Monitoring,Low,2026-06-27,6,60,On-Track,Closed
ISSUE-17556,Wealth Management,AML,High,2026-07-11,13,15,On-Track,Closed
ISSUE-74489,Corporate Banking,Sanctions,Low,2026-08-10,18,60,On-Track,Closed
ISSUE-11497,Wealth Management,Transaction Monitoring,High,2026-06-27,4,15,On-Track,Closed
ISSUE-79949,Wealth Management,Fraud,Medium,2026-06-24,59,30,Breached,Open
ISSUE-78901,Wealth Management,Sanctions,High,2026-07-17,36,15,Breached,Open
ISSUE-12420,Corporate Banking,AML,Low,2026-06-01,53,60,On-Track,Closed
ISSUE-69841,Corporate Banking,Transaction Monitoring,High,2026-05-28,86,15,Breached,Open
ISSUE-93149,Wealth Management,Transaction Monitoring,Low,2026-05-12,102,60,Breached,Open
ISSUE-54337,Credit Cards,KYC,High,2026-06-19,5,15,On-Track,Closed
ISSUE-19319,Wealth Management,Sanctions,Medium,2026-05-09,105,30,Breached,In Progress
ISSUE-61018,Investment Banking,AML,Medium,2026-05-08,106,30,Breached,Open
ISSUE-89045,Investment Banking,Fraud,High,2026-05-18,96,15,Breached,Open
ISSUE-82311,Credit Cards,Sanctions,High,2026-06-13,11,15,On-Track,Closed
ISSUE-54519,Investment Banking,Transaction Monitoring,Medium,2026-05-24,35,30,Breached,Closed
ISSUE-90749,Credit Cards,Transaction Monitoring,Medium,2026-05-20,24,30,On-Track,Closed
ISSUE-87421,Retail Banking,Fraud,Low,2026-08-08,42,60,On-Track,Closed
ISSUE-33601,Corporate Banking,KYC,High,2026-06-02,4,15,On-Track,Closed
ISSUE-73112,Wealth Management,Fraud,High,2026-06-02,81,15,Breached,In Progress
ISSUE-62920,Corporate Banking,AML,High,2026-06-18,14,15,On-Track,Closed
ISSUE-80826,Credit Cards,KYC,Medium,2026-07-14,39,30,Breached,Open
ISSUE-49830,Credit Cards,KYC,Medium,2026-07-24,16,30,On-Track,Closed
ISSUE-64385,Retail Banking,AML,High,2026-07-23,15,15,On-Track,Closed
ISSUE-72706,Investment Banking,AML,High,2026-07-21,19,15,Breached,Closed
ISSUE-38723,Wealth Management,Transaction Monitoring,Low,2026-05-14,100,60,Breached,Open
ISSUE-56545,Credit Cards,AML,High,2026-05-06,108,15,Breached,Open
ISSUE-83661,Credit Cards,Transaction Monitoring,Low,2026-05-08,106,60,Breached,Open
ISSUE-81151,Retail Banking,Fraud,Medium,2026-08-20,32,30,Breached,Closed
ISSUE-21735,Credit Cards,Sanctions,Medium,2026-07-04,49,30,Breached,Open
ISSUE-35312,Corporate Banking,Sanctions,High,2026-07-05,48,15,Breached,Open
ISSUE-86106,Credit Cards,Transaction Monitoring,Low,2026-06-14,69,60,Breached,Open
ISSUE-13120,Wealth Management,Fraud,Low,2026-07-13,40,60,On-Track,In Progress
ISSUE-98536,Retail Banking,Sanctions,Medium,2026-08-02,21,30,On-Track,Closed
ISSUE-74384,Corporate Banking,Sanctions,Low,2026-05-03,111,60,Breached,Open
ISSUE-69025,Retail Banking,AML,Medium,2026-07-31,22,30,On-Track,Open
ISSUE-91880,Retail Banking,Sanctions,Low,2026-08-13,20,60,On-Track,Closed
ISSUE-53528,Corporate Banking,Transaction Monitoring,High,2026-06-30,53,15,Breached,Open
ISSUE-56221,Retail Banking,Transaction Monitoring,High,2026-07-18,5,15,On-Track,Closed
ISSUE-72653,Retail Banking,Sanctions,Medium,2026-05-21,93,30,Breached,Open
ISSUE-69904,Retail Banking,AML,Low,2026-08-15,7,60,On-Track,In Progress
ISSUE-66674,Credit Cards,AML,High,2026-07-20,20,15,Breached,Closed
ISSUE-76247,Credit Cards,Sanctions,High,2026-06-21,62,15,Breached,In Progress
ISSUE-60831,Corporate Banking,Transaction Monitoring,High,2026-05-09,1,15,On-Track,Closed
ISSUE-97202,Wealth Management,KYC,Medium,2026-05-11,103,30,Breached,Open
ISSUE-75399,Wealth Management,Sanctions,Medium,2026-08-12,10,30,On-Track,In Progress
ISSUE-30502,Credit Cards,Transaction Monitoring,High,2026-05-02,112,15,Breached,Open
ISSUE-65085,Retail Banking,Transaction Monitoring,Medium,2026-06-10,73,30,Breached,In Progress
ISSUE-14255,Retail Banking,Sanctions,Medium,2026-05-02,112,30,Breached,Open
ISSUE-99212,Wealth Management,Sanctions,High,2026-07-04,17,15,Breached,Closed
ISSUE-56407,Wealth Management,Sanctions,High,2026-05-20,17,15,Breached,Closed
ISSUE-24022,Credit Cards,Sanctions,High,2026-04-28,116,15,Breached,Open
ISSUE-87509,Credit Cards,KYC,Medium,2026-06-14,35,30,Breached,Closed
ISSUE-83258,Investment Banking,KYC,High,2026-06-07,76,15,Breached,In Progress
ISSUE-24002,Retail Banking,Transaction Monitoring,Medium,2026-05-23,91,30,Breached,In Progress
ISSUE-25232,Wealth Management,KYC,Medium,2026-06-26,32,30,Breached,Closed
ISSUE-34157,Credit Cards,Fraud,Medium,2026-05-06,15,30,On-Track,Closed
ISSUE-57838,Wealth Management,Fraud,Low,2026-07-02,42,60,On-Track,Closed
ISSUE-71293,Investment Banking,Transaction Monitoring,Medium,2026-06-24,59,30,Breached,Open
ISSUE-84762,Corporate Banking,KYC,Medium,2026-05-26,30,30,On-Track,Closed
ISSUE-45243,Credit Cards,Transaction Monitoring,Low,2026-05-22,92,60,Breached,Open
ISSUE-81814,Retail Banking,Sanctions,Medium,2026-08-12,3,30,On-Track,Closed
ISSUE-83255,Investment Banking,Fraud,Low,2026-08-20,2,60,On-Track,Open
ISSUE-76850,Credit Cards,Transaction Monitoring,Medium,2026-06-27,6,30,On-Track,Closed
ISSUE-66727,Retail Banking,AML,High,2026-07-31,22,15,Breached,Open
ISSUE-55439,Retail Banking,KYC,Medium,2026-06-17,66,30,Breached,Open
ISSUE-58792,Credit Cards,AML,High,2026-05-01,113,15,Breached,In Progress
ISSUE-64991,Wealth Management,AML,High,2026-05-27,87,15,Breached,In Progress
ISSUE-90177,Corporate Banking,KYC,High,2026-07-06,47,15,Breached,Open
ISSUE-45756,Credit Cards,Fraud,Low,2026-06-01,42,60,On-Track,Closed
ISSUE-45634,Investment Banking,Sanctions,Low,2026-06-28,55,60,On-Track,Open
ISSUE-25757,Investment Banking,Fraud,Low,2026-04-29,115,60,Breached,Open
ISSUE-10730,Corporate Banking,AML,High,2026-07-06,47,15,Breached,Open
ISSUE-82760,Wealth Management,Fraud,High,2026-06-04,79,15,Breached,In Progress
ISSUE-35930,Wealth Management,Fraud,High,2026-06-11,8,15,On-Track,Closed
ISSUE-80697,Wealth Management,Sanctions,Low,2026-08-09,13,60,On-Track,Open
ISSUE-40134,Wealth Management,Sanctions,High,2026-06-19,64,15,Breached,Open
ISSUE-92159,Corporate Banking,KYC,Low,2026-06-27,56,60,On-Track,Open
ISSUE-91386,Wealth Management,KYC,Medium,2026-08-03,5,30,On-Track,Closed
ISSUE-54810,Wealth Management,Fraud,Low,2026-05-25,89,60,Breached,In Progress
ISSUE-45120,Wealth Management,KYC,Medium,2026-07-26,24,30,On-Track,Closed
ISSUE-88792,Wealth Management,KYC,Medium,2026-07-21,32,30,Breached,In Progress
ISSUE-87436,Investment Banking,Transaction Monitoring,Medium,2026-06-05,78,30,Breached,In Progress
ISSUE-47553,Retail Banking,AML,Medium,2026-06-03,80,30,Breached,Open
ISSUE-64060,Retail Banking,KYC,Low,2026-08-03,19,60,On-Track,In Progress
ISSUE-78846,Investment Banking,KYC,Medium,2026-06-28,55,30,Breached,In Progress
ISSUE-21648,Retail Banking,Sanctions,Low,2026-08-02,20,60,On-Track,In Progress
ISSUE-35513,Credit Cards,KYC,High,2026-07-25,28,15,Breached,Open
ISSUE-56365,Credit Cards,Transaction Monitoring,Medium,2026-05-23,21,30,On-Track,Closed
ISSUE-13465,Retail Banking,Fraud,Medium,2026-05-08,10,30,On-Track,Closed
ISSUE-71904,Wealth Management,AML,High,2026-06-18,65,15,Breached,Open
ISSUE-85263,Credit Cards,Fraud,Low,2026-06-01,44,60,On-Track,Closed
ISSUE-82962,Retail Banking,Transaction Monitoring,Low,2026-07-31,41,60,On-Track,Closed
ISSUE-69279,Wealth Management,AML,High,2026-07-16,18,15,Breached,Closed
ISSUE-16465,Credit Cards,Transaction Monitoring,Low,2026-06-22,61,60,Breached,Open
ISSUE-13620,Retail Banking,AML,High,2026-04-24,120,15,Breached,In Progress
ISSUE-55872,Retail Banking,Transaction Monitoring,High,2026-05-02,112,15,Breached,In Progress
ISSUE-54916,Corporate Banking,Fraud,Medium,2026-06-09,74,30,Breached,Open
ISSUE-57054,Retail Banking,KYC,Low,2026-06-26,21,60,On-Track,Closed
ISSUE-33506,Retail Banking,KYC,Medium,2026-06-21,62,30,Breached,In Progress
ISSUE-65411,Wealth Management,KYC,High,2026-06-04,79,15,Breached,Open
ISSUE-48780,Investment Banking,Transaction Monitoring,High,2026-08-15,7,15,On-Track,In Progress
ISSUE-94983,Corporate Banking,Transaction Monitoring,High,2026-08-02,10,15,On-Track,Closed
ISSUE-62585,Credit Cards,Transaction Monitoring,Low,2026-06-25,52,60,On-Track,Closed
ISSUE-72794,Credit Cards,Transaction Monitoring,High,2026-08-03,19,15,Breached,In Progress
ISSUE-41723,Credit Cards,AML,High,2026-06-24,3,15,On-Track,Closed
ISSUE-75404,Wealth Management,KYC,High,2026-08-13,9,15,On-Track,Open
ISSUE-61670,Wealth Management,KYC,High,2026-05-01,113,15,Breached,Open
ISSUE-95863,Investment Banking,Fraud,High,2026-07-20,33,15,Breached,Open
ISSUE-20801,Corporate Banking,Sanctions,High,2026-07-19,34,15,Breached,Open
ISSUE-12507,Credit Cards,AML,Medium,2026-08-09,29,30,On-Track,Closed
ISSUE-47209,Retail Banking,Transaction Monitoring,Medium,2026-07-05,48,30,Breached,In Progress
ISSUE-95588,Wealth Management,KYC,Medium,2026-07-02,51,30,Breached,Open
ISSUE-25879,Wealth Management,Fraud,High,2026-05-03,111,15,Breached,In Progress
ISSUE-10635,Corporate Banking,Transaction Monitoring,Medium,2026-06-12,71,30,Breached,In Progress
ISSUE-74877,Wealth Management,KYC,Low,2026-06-03,39,60,On-Track,Closed
ISSUE-79518,Investment Banking,KYC,High,2026-06-01,82,15,Breached,Open
ISSUE-94208,Credit Cards,Fraud,Low,2026-05-27,39,60,On-Track,Closed
ISSUE-67656,Investment Banking,AML,Medium,2026-05-07,107,30,Breached,In Progress
ISSUE-64532,Wealth Management,AML,Medium,2026-05-10,104,30,Breached,In Progress
ISSUE-83715,Investment Banking,Transaction Monitoring,Medium,2026-07-12,16,30,On-Track,Closed
ISSUE-22673,Credit Cards,AML,Low,2026-05-27,27,60,On-Track,Closed
ISSUE-30005,Investment Banking,Transaction Monitoring,Medium,2026-07-20,33,30,Breached,In Progress
ISSUE-98271,Investment Banking,Fraud,High,2026-05-03,6,15,On-Track,Closed
ISSUE-13009,Wealth Management,Sanctions,Medium,2026-06-24,6,30,On-Track,Closed
ISSUE-63317,Corporate Banking,Sanctions,High,2026-05-14,100,15,Breached,In Progress
ISSUE-73024,Corporate Banking,Transaction Monitoring,Low,2026-05-29,85,60,Breached,Open
ISSUE-75448,Retail Banking,Transaction Monitoring,High,2026-06-18,65,15,Breached,In Progress
ISSUE-20809,Retail Banking,KYC,Medium,2026-08-03,19,30,On-Track,Open
ISSUE-80033,Corporate Banking,KYC,Low,2026-08-03,19,60,On-Track,Open
ISSUE-87794,Wealth Management,Transaction Monitoring,High,2026-06-05,78,15,Breached,In Progress
ISSUE-51000,Retail Banking,Transaction Monitoring,Low,2026-05-17,97,60,Breached,In Progress
ISSUE-78273,Corporate Banking,KYC,High,2026-07-24,29,15,Breached,Open
ISSUE-36685,Investment Banking,AML,Medium,2026-07-28,12,30,On-Track,Closed
ISSUE-63584,Investment Banking,KYC,Medium,2026-06-11,72,30,Breached,Open
ISSUE-46198,Credit Cards,KYC,Medium,2026-06-03,80,30,Breached,Open
ISSUE-17038,Wealth Management,KYC,Low,2026-07-18,35,60,On-Track,Open
ISSUE-35563,Retail Banking,KYC,Low,2026-08-04,18,60,On-Track,Open
ISSUE-55038,Wealth Management,Transaction Monitoring,Low,2026-05-12,44,60,On-Track,Closed
ISSUE-85736,Investment Banking,Fraud,Medium,2026-07-26,17,30,On-Track,Closed
ISSUE-20041,Retail Banking,AML,Low,2026-04-27,41,60,On-Track,Closed
ISSUE-61649,Retail Banking,AML,Medium,2026-07-16,14,30,On-Track,Closed
ISSUE-87758,Wealth Management,Sanctions,Medium,2026-08-07,27,30,On-Track,Closed
ISSUE-14227,Retail Banking,Sanctions,Medium,2026-07-14,33,30,Breached,Closed
ISSUE-22996,Investment Banking,Transaction Monitoring,Medium,2026-05-09,105,30,Breached,Open
ISSUE-38317,Corporate Banking,KYC,Medium,2026-06-23,20,30,On-Track,Closed
ISSUE-46792,Investment Banking,Sanctions,Low,2026-06-24,37,60,On-Track,Closed
ISSUE-72960,Corporate Banking,Transaction Monitoring,Low,2026-06-17,21,60,On-Track,Closed
ISSUE-32375,Retail Banking,AML,High,2026-05-16,98,15,Breached,Open
ISSUE-69704,Credit Cards,Transaction Monitoring,Low,2026-08-03,19,60,On-Track,Open
ISSUE-28725,Investment Banking,Fraud,Medium,2026-07-23,1,30,On-Track,Closed
ISSUE-33543,Corporate Banking,Sanctions,Medium,2026-07-18,35,30,Breached,In Progress
ISSUE-78345,Corporate Banking,AML,Medium,2026-05-12,102,30,Breached,In Progress
ISSUE-77289,Wealth Management,AML,Medium,2026-08-19,3,30,On-Track,Open
ISSUE-64826,Corporate Banking,Sanctions,High,2026-07-17,36,15,Breached,Open
ISSUE-12255,Corporate Banking,Sanctions,High,2026-08-15,7,15,On-Track,In Progress
ISSUE-61308,Retail Banking,AML,High,2026-07-16,37,15,Breached,Open
ISSUE-48307,Investment Banking,KYC,Medium,2026-06-04,79,30,Breached,In Progress
ISSUE-29762,Investment Banking,KYC,High,2026-07-30,23,15,Breached,Open
ISSUE-90111,Wealth Management,AML,Medium,2026-07-11,3,30,On-Track,Closed
ISSUE-48334,Wealth Management,KYC,High,2026-06-28,55,15,Breached,Open
ISSUE-43320,Wealth Management,Sanctions,Medium,2026-08-19,1,30,On-Track,Closed
ISSUE-32029,Wealth Management,KYC,High,2026-07-28,25,15,Breached,In Progress
ISSUE-81541,Retail Banking,AML,Medium,2026-07-20,33,30,Breached,In Progress
ISSUE-16778,Investment Banking,AML,High,2026-07-19,19,15,Breached,Closed
ISSUE-33694,Investment Banking,Transaction Monitoring,Low,2026-05-07,107,60,Breached,Open
ISSUE-41211,Retail Banking,Sanctions,Low,2026-08-10,12,60,On-Track,In Progress
ISSUE-20301,Retail Banking,AML,Low,2026-07-10,7,60,On-Track,Closed
ISSUE-52016,Investment Banking,Fraud,Medium,2026-05-13,101,30,Breached,Open
ISSUE-70492,Credit Cards,Transaction Monitoring,Medium,2026-07-18,35,30,Breached,In Progress
ISSUE-60029,Wealth Management,Sanctions,Medium,2026-07-25,28,30,On-Track,Open
ISSUE-85432,Corporate Banking,Transaction Monitoring,High,2026-05-20,94,15,Breached,In Progress
ISSUE-29731,Corporate Banking,Fraud,Low,2026-07-02,51,60,On-Track,In Progress
ISSUE-64460,Retail Banking,KYC,Medium,2026-05-03,111,30,Breached,In Progress
ISSUE-71952,Investment Banking,Transaction Monitoring,Low,2026-06-08,49,60,On-Track,Closed
ISSUE-40026,Investment Banking,Transaction Monitoring,Low,2026-08-12,10,60,On-Track,Open
ISSUE-53669,Investment Banking,Fraud,Low,2026-06-20,63,60,Breached,In Progress
ISSUE-90875,Investment Banking,Transaction Monitoring,Medium,2026-05-14,100,30,Breached,In Progress
ISSUE-82341,Wealth Management,Sanctions,High,2026-05-24,90,15,Breached,In Progress
ISSUE-10967,Corporate Banking,AML,High,2026-05-26,88,15,Breached,In Progress
ISSUE-33447,Investment Banking,Sanctions,High,2026-08-15,5,15,On-Track,Closed
ISSUE-72675,Investment Banking,Sanctions,High,2026-05-21,93,15,Breached,Open
ISSUE-79664,Corporate Banking,Transaction Monitoring,Low,2026-08-01,21,60,On-Track,In Progress
ISSUE-37776,Investment Banking,Transaction Monitoring,Medium,2026-06-16,34,30,Breached,Closed
ISSUE-64705,Wealth Management,Fraud,Low,2026-04-25,119,60,Breached,In Progress
ISSUE-45287,Corporate Banking,Transaction Monitoring,Low,2026-06-06,77,60,Breached,Open
ISSUE-77522,Wealth Management,KYC,Low,2026-05-15,99,60,Breached,In Progress
ISSUE-79017,Investment Banking,Sanctions,High,2026-07-09,44,15,Breached,In Progress
ISSUE-62124,Investment Banking,AML,Medium,2026-05-14,100,30,Breached,Open
ISSUE-46191,Wealth Management,Sanctions,Medium,2026-06-11,8,30,On-Track,Closed
ISSUE-38294,Investment Banking,KYC,High,2026-06-01,82,15,Breached,In Progress
ISSUE-28439,Wealth Management,AML,Medium,2026-05-19,95,30,Breached,Open
ISSUE-65253,Investment Banking,AML,Low,2026-06-02,15,60,On-Track,Closed
ISSUE-62447,Wealth Management,Fraud,Low,2026-08-13,36,60,On-Track,Closed
ISSUE-46652,Investment Banking,KYC,Low,2026-06-19,9,60,On-Track,Closed
ISSUE-89857,Retail Banking,Transaction Monitoring,High,2026-05-07,107,15,Breached,Open
ISSUE-57844,Corporate Banking,KYC,Medium,2026-07-12,41,30,Breached,Open
ISSUE-10901,Wealth Management,Transaction Monitoring,Medium,2026-08-03,19,30,On-Track,In Progress
ISSUE-70723,Investment Banking,Fraud,Medium,2026-06-15,28,30,On-Track,Closed
ISSUE-31786,Corporate Banking,Fraud,Low,2026-08-04,18,60,On-Track,Open
ISSUE-29521,Credit Cards,Fraud,Low,2026-06-15,20,60,On-Track,Closed
ISSUE-39008,Retail Banking,Transaction Monitoring,Low,2026-08-14,8,60,On-Track,In Progress
ISSUE-83491,Credit Cards,AML,Medium,2026-04-29,115,30,Breached,Open
ISSUE-97633,Investment Banking,AML,Medium,2026-08-16,6,30,On-Track,In Progress
ISSUE-88617,Wealth Management,Transaction Monitoring,Low,2026-07-31,22,60,On-Track,In Progress
ISSUE-47616,Corporate Banking,KYC,High,2026-06-04,16,15,Breached,Closed
ISSUE-33154,Retail Banking,Sanctions,Low,2026-06-04,79,60,Breached,Open
ISSUE-58017,Credit Cards,Fraud,High,2026-08-03,19,15,Breached,Open
ISSUE-23685,Wealth Management,AML,Medium,2026-06-03,80,30,Breached,In Progress
ISSUE-67499,Investment Banking,AML,Low,2026-06-25,58,60,On-Track,Open
ISSUE-96171,Corporate Banking,Fraud,Low,2026-07-24,29,60,On-Track,Open
ISSUE-65250,Wealth Management,Transaction Monitoring,High,2026-08-10,12,15,On-Track,In Progress
ISSUE-97214,Corporate Banking,Fraud,High,2026-08-03,19,15,Breached,Open
ISSUE-37598,Retail Banking,Transaction Monitoring,Low,2026-07-26,27,60,On-Track,Open
ISSUE-67211,Credit Cards,AML,High,2026-07-07,46,15,Breached,Open
ISSUE-44053,Investment Banking,KYC,Low,2026-06-29,54,60,On-Track,In Progress
ISSUE-56077,Wealth Management,KYC,High,2026-07-10,16,15,Breached,Closed
ISSUE-15994,Corporate Banking,AML,High,2026-05-02,112,15,Breached,In Progress
ISSUE-37762,Retail Banking,Fraud,Medium,2026-08-12,7,30,On-Track,Closed
ISSUE-23484,Investment Banking,Fraud,Low,2026-05-24,90,60,Breached,Open
ISSUE-73362,Wealth Management,Transaction Monitoring,Low,2026-05-20,14,60,On-Track,Closed
ISSUE-68507,Corporate Banking,KYC,High,2026-07-29,24,15,Breached,Open
ISSUE-38546,Credit Cards,Transaction Monitoring,Medium,2026-04-24,120,30,Breached,Open
ISSUE-46625,Wealth Management,KYC,Low,2026-05-08,106,60,Breached,In Progress
ISSUE-73697,Wealth Management,Transaction Monitoring,Low,2026-05-16,44,60,On-Track,Closed
ISSUE-14607,Wealth Management,Fraud,Low,2026-08-17,5,60,On-Track,In Progress
ISSUE-66641,Corporate Banking,Transaction Monitoring,High,2026-05-06,12,15,On-Track,Closed
ISSUE-46859,Credit Cards,Transaction Monitoring,Low,2026-07-22,31,60,On-Track,In Progress
ISSUE-18793,Wealth Management,Transaction Monitoring,Medium,2026-07-30,23,30,On-Track,In Progress
ISSUE-17099,Credit Cards,Transaction Monitoring,Medium,2026-05-18,96,30,Breached,In Progress
ISSUE-25614,Corporate Banking,Transaction Monitoring,Medium,2026-05-24,90,30,Breached,In Progress
ISSUE-36810,Wealth Management,KYC,Low,2026-08-09,46,60,On-Track,Closed
ISSUE-19046,Investment Banking,Fraud,Low,2026-06-16,67,60,Breached,Open
ISSUE-90551,Wealth Management,KYC,High,2026-05-14,14,15,On-Track,Closed
ISSUE-95118,Investment Banking,Transaction Monitoring,Low,2026-06-15,68,60,Breached,Open
ISSUE-45223,Wealth Management,AML,Medium,2026-06-10,73,30,Breached,Open
ISSUE-10411,Corporate Banking,Fraud,High,2026-07-20,33,15,Breached,In Progress
ISSUE-25796,Retail Banking,Fraud,High,2026-04-27,18,15,Breached,Closed
ISSUE-77285,Wealth Management,Transaction Monitoring,High,2026-06-05,78,15,Breached,In Progress
ISSUE-17091,Retail Banking,AML,Medium,2026-06-22,61,30,Breached,Open
ISSUE-74447,Investment Banking,AML,Medium,2026-07-12,41,30,Breached,Open
ISSUE-13885,Investment Banking,Fraud,Low,2026-08-08,57,60,On-Track,Closed
ISSUE-75903,Retail Banking,Sanctions,High,2026-06-17,66,15,Breached,In Progress
ISSUE-26547,Investment Banking,KYC,Medium,2026-05-17,97,30,Breached,Open
ISSUE-46632,Retail Banking,AML,Medium,2026-08-15,7,30,On-Track,In Progress
ISSUE-58976,Corporate Banking,Sanctions,Medium,2026-07-20,33,30,Breached,Open
ISSUE-59743,Corporate Banking,Sanctions,High,2026-06-30,53,15,Breached,Open
ISSUE-55413,Investment Banking,Sanctions,Medium,2026-06-08,4,30,On-Track,Closed
ISSUE-88480,Wealth Management,AML,Medium,2026-05-12,2,30,On-Track,Closed
ISSUE-86700,Investment Banking,AML,High,2026-07-09,44,15,Breached,In Progress
ISSUE-27643,Wealth Management,KYC,Low,2026-06-15,68,60,Breached,Open
ISSUE-74078,Investment Banking,AML,Low,2026-08-04,18,60,On-Track,Open
ISSUE-66630,Corporate Banking,Sanctions,Low,2026-05-10,31,60,On-Track,Closed
ISSUE-24192,Corporate Banking,Sanctions,Low,2026-08-01,21,60,On-Track,Open
ISSUE-96064,Investment Banking,Transaction Monitoring,Low,2026-07-17,7,60,On-Track,Closed
ISSUE-96088,Wealth Management,Fraud,High,2026-07-17,36,15,Breached,Open
ISSUE-19565,Wealth Management,Transaction Monitoring,Low,2026-07-14,39,60,On-Track,Open
ISSUE-19891,Corporate Banking,AML,High,2026-06-15,15,15,On-Track,Closed
ISSUE-28772,Investment Banking,Sanctions,High,2026-06-04,79,15,Breached,Open
ISSUE-19645,Corporate Banking,KYC,High,2026-05-04,110,15,Breached,In Progress
ISSUE-73081,Investment Banking,Sanctions,Medium,2026-07-03,50,30,Breached,Open
ISSUE-30912,Investment Banking,Transaction Monitoring,High,2026-06-18,6,15,On-Track,Closed
ISSUE-53522,Wealth Management,Transaction Monitoring,Medium,2026-05-03,111,30,Breached,In Progress
ISSUE-47957,Credit Cards,Sanctions,High,2026-08-06,6,15,On-Track,Closed
ISSUE-46072,Retail Banking,Sanctions,Low,2026-05-21,93,60,Breached,In Progress
ISSUE-72599,Credit Cards,Transaction Monitoring,High,2026-05-16,4,15,On-Track,Closed
ISSUE-95910,Retail Banking,Fraud,Low,2026-05-30,84,60,Breached,In Progress
ISSUE-50158,Investment Banking,Transaction Monitoring,High,2026-06-28,55,15,Breached,Open
ISSUE-69776,Investment Banking,Sanctions,High,2026-06-09,74,15,Breached,Open
ISSUE-47314,Retail Banking,AML,Low,2026-08-19,13,60,On-Track,Closed
ISSUE-30557,Corporate Banking,AML,Low,2026-04-29,115,60,Breached,In Progress
ISSUE-93184,Corporate Banking,Sanctions,High,2026-05-17,97,15,Breached,In Progress
ISSUE-42240,Credit Cards,Transaction Monitoring,Medium,2026-05-16,98,30,Breached,In Progress
ISSUE-75700,Wealth Management,AML,High,2026-07-30,23,15,Breached,Open
ISSUE-62711,Retail Banking,Fraud,High,2026-06-27,56,15,Breached,Open
ISSUE-45112,Wealth Management,Transaction Monitoring,Medium,2026-06-04,15,30,On-Track,Closed
ISSUE-88046,Credit Cards,KYC,Medium,2026-05-09,29,30,On-Track,Closed
ISSUE-39513,Credit Cards,Transaction Monitoring,High,2026-06-27,15,15,On-Track,Closed
ISSUE-93177,Credit Cards,Fraud,Medium,2026-08-14,8,30,On-Track,Open
ISSUE-87653,Investment Banking,Sanctions,Low,2026-07-05,48,60,On-Track,Open
ISSUE-25541,Wealth Management,AML,High,2026-05-02,112,15,Breached,In Progress
ISSUE-75923,Retail Banking,KYC,Low,2026-07-10,43,60,On-Track,Open
ISSUE-39788,Retail Banking,Fraud,Low,2026-05-05,109,60,Breached,Open
ISSUE-99543,Credit Cards,Sanctions,Low,2026-07-15,38,60,On-Track,Open
ISSUE-13144,Investment Banking,KYC,High,2026-06-26,57,15,Breached,In Progress
ISSUE-85461,Wealth Management,Sanctions,Low,2026-07-06,13,60,On-Track,Closed
ISSUE-82407,Retail Banking,KYC,Medium,2026-08-10,10,30,On-Track,Closed
ISSUE-57624,Credit Cards,AML,Low,2026-05-30,84,60,Breached,In Progress
ISSUE-49680,Wealth Management,Fraud,Low,2026-06-08,75,60,Breached,Open
ISSUE-67492,Credit Cards,Transaction Monitoring,Medium,2026-07-01,28,30,On-Track,Closed
ISSUE-45842,Corporate Banking,Fraud,Medium,2026-07-26,6,30,On-Track,Closed
ISSUE-43780,Credit Cards,Sanctions,Low,2026-08-01,21,60,On-Track,Open
ISSUE-31287,Retail Banking,Fraud,High,2026-05-10,104,15,Breached,In Progress
ISSUE-20554,Investment Banking,KYC,Medium,2026-05-18,10,30,On-Track,Closed
ISSUE-80127,Wealth Management,Fraud,Low,2026-06-23,60,60,On-Track,In Progress
ISSUE-58320,Investment Banking,KYC,Medium,2026-06-01,82,30,Breached,Open
ISSUE-37785,Wealth Management,Sanctions,High,2026-06-21,62,15,Breached,In Progress
ISSUE-37233,Wealth Management,Sanctions,High,2026-05-10,104,15,Breached,In Progress
ISSUE-79352,Corporate Banking,Transaction Monitoring,High,2026-07-05,48,15,Breached,Open
ISSUE-15733,Wealth Management,AML,Medium,2026-06-02,13,30,On-Track,Closed
ISSUE-19920,Corporate Banking,Sanctions,High,2026-06-07,76,15,Breached,Open
ISSUE-89428,Corporate Banking,Fraud,High,2026-05-16,17,15,Breached,Closed
ISSUE-87830,Credit Cards,AML,High,2026-05-23,91,15,Breached,In Progress
ISSUE-80814,Investment Banking,Sanctions,High,2026-07-10,43,15,Breached,Open
ISSUE-58987,Credit Cards,Sanctions,Low,2026-06-29,54,60,On-Track,In Progress
ISSUE-87459,Corporate Banking,Transaction Monitoring,High,2026-08-09,13,15,On-Track,Open
ISSUE-11377,Credit Cards,Transaction Monitoring,Low,2026-08-17,5,60,On-Track,In Progress
ISSUE-36527,Corporate Banking,Transaction Monitoring,High,2026-06-07,17,15,Breached,Closed
ISSUE-41228,Corporate Banking,AML,Low,2026-07-08,45,60,On-Track,In Progress
ISSUE-67515,Investment Banking,Sanctions,Low,2026-06-06,31,60,On-Track,Closed
ISSUE-44701,Corporate Banking,Transaction Monitoring,High,2026-06-14,10,15,On-Track,Closed
ISSUE-72865,Credit Cards,KYC,Low,2026-07-15,3,60,On-Track,Closed
ISSUE-98754,Corporate Banking,AML,Medium,2026-05-04,110,30,Breached,Open
ISSUE-68127,Corporate Banking,AML,High,2026-06-04,9,15,On-Track,Closed
ISSUE-39277,Wealth Management,Sanctions,Medium,2026-07-26,4,30,On-Track,Closed
ISSUE-10111,Credit Cards,Sanctions,Medium,2026-05-21,93,30,Breached,Open
ISSUE-68314,Credit Cards,Sanctions,Low,2026-06-18,65,60,Breached,Open
ISSUE-72025,Credit Cards,Transaction Monitoring,Low,2026-07-14,39,60,On-Track,Open
ISSUE-57250,Retail Banking,AML,Medium,2026-05-07,15,30,On-Track,Closed
ISSUE-93917,Corporate Banking,AML,High,2026-06-23,60,15,Breached,In Progress
ISSUE-70863,Investment Banking,Transaction Monitoring,High,2026-08-09,13,15,On-Track,In Progress
ISSUE-98491,Wealth Management,Fraud,Low,2026-08-05,17,60,On-Track,In Progress
ISSUE-83886,Retail Banking,KYC,Low,2026-05-02,112,60,Breached,Open
ISSUE-51428,Credit Cards,KYC,High,2026-06-15,1,15,On-Track,Closed
ISSUE-41317,Corporate Banking,Sanctions,Low,2026-07-19,5,60,On-Track,Closed
ISSUE-23072,Retail Banking,AML,High,2026-04-27,117,15,Breached,Open
ISSUE-51846,Retail Banking,Transaction Monitoring,Medium,2026-07-17,36,30,Breached,In Progress
ISSUE-18520,Wealth Management,Transaction Monitoring,High,2026-07-13,40,15,Breached,Open
ISSUE-60527,Retail Banking,KYC,Low,2026-05-25,50,60,On-Track,Closed
ISSUE-89835,Investment Banking,Fraud,High,2026-07-29,24,15,Breached,Open
ISSUE-85322,Credit Cards,Fraud,Medium,2026-08-14,8,30,On-Track,Open
ISSUE-52248,Credit Cards,KYC,High,2026-05-15,3,15,On-Track,Closed
ISSUE-58476,Credit Cards,Fraud,Medium,2026-04-28,116,30,Breached,In Progress
ISSUE-10582,Credit Cards,KYC,High,2026-07-14,39,15,Breached,Open
ISSUE-84586,Investment Banking,AML,Medium,2026-05-19,95,30,Breached,Open
ISSUE-31605,Corporate Banking,Sanctions,Low,2026-05-22,39,60,On-Track,Closed
ISSUE-32039,Wealth Management,KYC,High,2026-08-14,8,15,On-Track,In Progress
ISSUE-30095,Investment Banking,KYC,Medium,2026-07-13,32,30,Breached,Closed
ISSUE-43227,Investment Banking,Transaction Monitoring,Low,2026-06-27,56,60,On-Track,Open
ISSUE-54118,Wealth Management,Fraud,High,2026-07-30,23,15,Breached,Open
ISSUE-64288,Corporate Banking,AML,High,2026-07-18,2,15,On-Track,Closed
ISSUE-82378,Credit Cards,KYC,Medium,2026-07-23,30,30,On-Track,Open
ISSUE-26158,Retail Banking,Transaction Monitoring,Medium,2026-05-03,111,30,Breached,In Progress
ISSUE-94928,Credit Cards,Transaction Monitoring,High,2026-06-18,16,15,Breached,Closed
ISSUE-13827,Investment Banking,Transaction Monitoring,Medium,2026-07-08,10,30,On-Track,Closed
ISSUE-51152,Credit Cards,AML,Medium,2026-06-22,26,30,On-Track,Closed
ISSUE-26938,Credit Cards,AML,Low,2026-08-14,8,60,On-Track,Open
ISSUE-23482,Investment Banking,AML,Low,2026-06-15,30,60,On-Track,Closed
ISSUE-31023,Corporate Banking,Sanctions,Medium,2026-07-17,36,30,Breached,Open
ISSUE-53361,Retail Banking,KYC,Medium,2026-04-29,115,30,Breached,In Progress
ISSUE-28610,Credit Cards,Fraud,High,2026-05-30,84,15,Breached,In Progress
ISSUE-10670,Investment Banking,Fraud,Medium,2026-07-06,47,30,Breached,In Progress
ISSUE-73358,Corporate Banking,Sanctions,Low,2026-08-15,7,60,On-Track,In Progress
ISSUE-96102,Credit Cards,KYC,High,2026-05-14,17,15,Breached,Closed
ISSUE-55433,Credit Cards,Transaction Monitoring,High,2026-07-25,28,15,Breached,Open
ISSUE-74896,Wealth Management,KYC,Medium,2026-07-26,27,30,On-Track,In Progress
ISSUE-71471,Investment Banking,Sanctions,Low,2026-07-06,47,60,On-Track,Open
ISSUE-71102,Retail Banking,KYC,Low,2026-07-29,24,60,On-Track,Open
ISSUE-81598,Retail Banking,Fraud,Medium,2026-05-11,103,30,Breached,Open
ISSUE-80297,Investment Banking,Sanctions,High,2026-08-02,16,15,Breached,Closed
ISSUE-32569,Wealth Management,KYC,Medium,2026-06-08,75,30,Breached,In Progress
ISSUE-55638,Retail Banking,Transaction Monitoring,Low,2026-05-10,104,60,Breached,In Progress
ISSUE-96381,Credit Cards,AML,High,2026-06-13,70,15,Breached,Open
ISSUE-87163,Credit Cards,AML,Medium,2026-06-01,82,30,Breached,Open
ISSUE-47943,Wealth Management,Sanctions,High,2026-06-20,4,15,On-Track,Closed
ISSUE-40785,Retail Banking,AML,Medium,2026-05-08,106,30,Breached,Open
ISSUE-84621,Investment Banking,Sanctions,High,2026-07-15,9,15,On-Track,Closed
ISSUE-26377,Credit Cards,AML,High,2026-05-03,111,15,Breached,Open
ISSUE-44644,Wealth Management,Sanctions,Low,2026-05-01,113,60,Breached,In Progress
ISSUE-52749,Credit Cards,Transaction Monitoring,Low,2026-05-15,30,60,On-Track,Closed
ISSUE-20979,Wealth Management,Fraud,High,2026-08-12,7,15,On-Track,Closed
ISSUE-11696,Corporate Banking,Sanctions,Medium,2026-07-28,25,30,On-Track,Open
ISSUE-45833,Credit Cards,Fraud,High,2026-07-23,5,15,On-Track,Closed
ISSUE-67873,Wealth Management,Transaction Monitoring,High,2026-05-10,104,15,Breached,Open
ISSUE-11688,Retail Banking,Transaction Monitoring,Medium,2026-07-07,46,30,Breached,Open
ISSUE-93178,Wealth Management,KYC,Low,2026-06-08,75,60,Breached,Open
ISSUE-55767,Corporate Banking,Sanctions,Low,2026-07-10,43,60,On-Track,In Progress
ISSUE-75142,Retail Banking,AML,Low,2026-05-14,31,60,On-Track,Closed
ISSUE-39666,Investment Banking,Transaction Monitoring,Medium,2026-07-04,49,30,Breached,In Progress
ISSUE-64136,Credit Cards,Transaction Monitoring,High,2026-08-20,2,15,On-Track,In Progress
ISSUE-31328,Corporate Banking,KYC,Low,2026-06-27,56,60,On-Track,Open
ISSUE-77195,Credit Cards,Transaction Monitoring,Medium,2026-06-23,60,30,Breached,In Progress
ISSUE-45302,Corporate Banking,Sanctions,Low,2026-07-19,34,60,On-Track,In Progress
ISSUE-19038,Corporate Banking,Fraud,High,2026-05-02,112,15,Breached,In Progress
ISSUE-40103,Retail Banking,AML,High,2026-07-29,24,15,Breached,Open
ISSUE-39519,Retail Banking,KYC,Low,2026-06-15,68,60,Breached,Open
ISSUE-94024,Retail Banking,Sanctions,Low,2026-07-25,28,60,On-Track,Open
ISSUE-39120,Wealth Management,Transaction Monitoring,Low,2026-05-15,53,60,On-Track,Closed
ISSUE-38140,Corporate Banking,Transaction Monitoring,High,2026-06-21,20,15,Breached,Closed
ISSUE-50433,Retail Banking,Sanctions,High,2026-07-18,7,15,On-Track,Closed
ISSUE-39099,Corporate Banking,Transaction Monitoring,Low,2026-07-26,27,60,On-Track,Open
ISSUE-12007,Wealth Management,KYC,Low,2026-07-18,35,60,On-Track,In Progress
ISSUE-81143,Credit Cards,Transaction Monitoring,High,2026-07-28,2,15,On-Track,Closed
ISSUE-62361,Investment Banking,Sanctions,Medium,2026-07-17,36,30,Breached,Open
ISSUE-53146,Credit Cards,Fraud,High,2026-04-27,13,15,On-Track,Closed
ISSUE-96227,Investment Banking,Transaction Monitoring,Medium,2026-05-15,99,30,Breached,Open
ISSUE-44028,Corporate Banking,KYC,Low,2026-06-20,63,60,Breached,In Progress
ISSUE-27331,Credit Cards,AML,Medium,2026-06-30,53,30,Breached,In Progress
ISSUE-59330,Retail Banking,KYC,High,2026-07-08,45,15,Breached,In Progress
ISSUE-13917,Retail Banking,AML,High,2026-06-01,10,15,On-Track,Closed
ISSUE-43070,Credit Cards,Sanctions,Medium,2026-05-10,32,30,Breached,Closed
ISSUE-62734,Wealth Management,AML,High,2026-06-13,70,15,Breached,Open
ISSUE-67636,Wealth Management,AML,High,2026-04-26,118,15,Breached,Open
ISSUE-67269,Investment Banking,Transaction Monitoring,High,2026-06-20,63,15,Breached,In Progress
ISSUE-97283,Corporate Banking,AML,Low,2026-07-30,23,60,On-Track,In Progress
ISSUE-74801,Corporate Banking,Sanctions,High,2026-06-30,4,15,On-Track,Closed
ISSUE-93404,Investment Banking,Transaction Monitoring,Medium,2026-06-03,80,30,Breached,Open
ISSUE-10265,Wealth Management,KYC,Low,2026-07-06,47,60,On-Track,Open
ISSUE-30490,Corporate Banking,Transaction Monitoring,Medium,2026-07-04,49,30,Breached,Open
ISSUE-40903,Investment Banking,AML,High,2026-06-16,67,15,Breached,In Progress
ISSUE-84816,Investment Banking,Sanctions,Medium,2026-07-13,32,30,Breached,Closed
ISSUE-41455,Retail Banking,Fraud,Medium,2026-08-07,15,30,On-Track,In Progress
ISSUE-88749,Investment Banking,KYC,High,2026-07-28,25,15,Breached,Open
ISSUE-24822,Wealth Management,Fraud,Low,2026-05-18,53,60,On-Track,Closed
ISSUE-22160,Retail Banking,AML,Medium,2026-05-17,97,30,Breached,Open
ISSUE-90343,Investment Banking,AML,Medium,2026-06-13,70,30,Breached,Open
ISSUE-61840,Credit Cards,AML,High,2026-08-06,2,15,On-Track,Closed
ISSUE-98136,Wealth Management,KYC,Low,2026-07-11,42,60,On-Track,Open
ISSUE-61983,Wealth Management,Transaction Monitoring,Medium,2026-04-28,29,30,On-Track,Closed
ISSUE-25670,Corporate Banking,Sanctions,High,2026-06-28,6,15,On-Track,Closed
ISSUE-43242,Investment Banking,Transaction Monitoring,Low,2026-06-26,43,60,On-Track,Closed
ISSUE-79251,Investment Banking,Sanctions,Medium,2026-07-30,18,30,On-Track,Closed
ISSUE-37162,Corporate Banking,KYC,Low,2026-06-07,56,60,On-Track,Closed
ISSUE-14833,Wealth Management,KYC,High,2026-06-26,5,15,On-Track,Closed
ISSUE-89764,Corporate Banking,Sanctions,High,2026-06-10,73,15,Breached,In Progress
ISSUE-37039,Wealth Management,Transaction Monitoring,Low,2026-06-17,66,60,Breached,In Progress
ISSUE-77343,Corporate Banking,AML,Medium,2026-07-23,7,30,On-Track,Closed
ISSUE-65382,Corporate Banking,Fraud,Low,2026-07-26,27,60,On-Track,Open
ISSUE-92294,Credit Cards,AML,High,2026-05-02,112,15,Breached,In Progress
ISSUE-84843,Wealth Management,Sanctions,High,2026-05-25,89,15,Breached,Open
ISSUE-83918,Retail Banking,Transaction Monitoring,High,2026-07-02,6,15,On-Track,Closed
ISSUE-46456,Investment Banking,Sanctions,High,2026-07-04,16,15,Breached,Closed
ISSUE-87199,Credit Cards,Fraud,Low,2026-08-02,48,60,On-Track,Closed
ISSUE-54839,Credit Cards,Fraud,Medium,2026-05-04,110,30,Breached,In Progress
ISSUE-55029,Investment Banking,Transaction Monitoring,Low,2026-06-16,67,60,Breached,Open
ISSUE-92259,Corporate Banking,AML,Medium,2026-05-09,105,30,Breached,Open
ISSUE-92166,Retail Banking,Fraud,Medium,2026-08-11,11,30,On-Track,In Progress
ISSUE-57492,Retail Banking,KYC,High,2026-07-10,43,15,Breached,In Progress
ISSUE-87921,Investment Banking,Fraud,Low,2026-06-18,65,60,Breached,In Progress
ISSUE-41453,Corporate Banking,Transaction Monitoring,High,2026-08-20,2,15,On-Track,Open
ISSUE-14784,Credit Cards,AML,Low,2026-07-08,45,60,On-Track,In Progress
ISSUE-41373,Wealth Management,Sanctions,Medium,2026-05-07,107,30,Breached,Open
ISSUE-91725,Corporate Banking,Transaction Monitoring,High,2026-06-02,5,15,On-Track,Closed
ISSUE-43260,Wealth Management,Fraud,Low,2026-05-30,84,60,Breached,In Progress
ISSUE-53691,Corporate Banking,Fraud,High,2026-07-11,42,15,Breached,Open
ISSUE-53328,Retail Banking,AML,Low,2026-05-16,25,60,On-Track,Closed
ISSUE-28398,Retail Banking,KYC,Medium,2026-06-29,54,30,Breached,In Progress
ISSUE-56017,Retail Banking,Sanctions,Low,2026-04-26,118,60,Breached,In Progress
ISSUE-85731,Wealth Management,AML,Low,2026-04-29,115,60,Breached,Open
ISSUE-18767,Retail Banking,Sanctions,High,2026-04-28,116,15,Breached,Open
ISSUE-81334,Investment Banking,KYC,Medium,2026-07-10,8,30,On-Track,Closed
ISSUE-39631,Retail Banking,Sanctions,Medium,2026-07-01,52,30,Breached,In Progress
ISSUE-65228,Credit Cards,Fraud,High,2026-05-31,83,15,Breached,Open
ISSUE-95298,Investment Banking,AML,Medium,2026-08-11,11,30,On-Track,In Progress
ISSUE-69811,Corporate Banking,KYC,High,2026-06-17,66,15,Breached,In Progress
ISSUE-12230,Retail Banking,Sanctions,Low,2026-06-09,74,60,Breached,In Progress
ISSUE-46095,Investment Banking,AML,High,2026-05-29,85,15,Breached,In Progress
ISSUE-60641,Investment Banking,Transaction Monitoring,High,2026-08-04,12,15,On-Track,Closed
ISSUE-57606,Credit Cards,AML,Medium,2026-05-19,9,30,On-Track,Closed
ISSUE-91256,Credit Cards,Sanctions,Medium,2026-07-26,27,30,On-Track,Open
ISSUE-22449,Investment Banking,AML,Low,2026-04-30,114,60,Breached,Open
ISSUE-59617,Retail Banking,KYC,Medium,2026-06-23,60,30,Breached,In Progress
ISSUE-74724,Investment Banking,Fraud,Medium,2026-06-13,18,30,On-Track,Closed
ISSUE-64769,Retail Banking,Fraud,Low,2026-05-23,23,60,On-Track,Closed
ISSUE-30073,Corporate Banking,KYC,Medium,2026-05-08,106,30,Breached,In Progress
ISSUE-62814,Wealth Management,Transaction Monitoring,Medium,2026-05-01,113,30,Breached,Open
ISSUE-75794,Corporate Banking,Sanctions,Low,2026-08-07,15,60,On-Track,In Progress
ISSUE-26457,Corporate Banking,AML,Low,2026-07-16,37,60,On-Track,Open
ISSUE-71858,Corporate Banking,Fraud,High,2026-06-18,65,15,Breached,In Progress
ISSUE-38224,Wealth Management,Sanctions,Low,2026-05-25,58,60,On-Track,Closed
ISSUE-15088,Investment Banking,KYC,Low,2026-05-25,89,60,Breached,In Progress
ISSUE-99408,Wealth Management,Fraud,Medium,2026-05-28,86,30,Breached,In Progress
ISSUE-25948,Wealth Management,Transaction Monitoring,Medium,2026-05-29,15,30,On-Track,Closed
ISSUE-49294,Investment Banking,Transaction Monitoring,Medium,2026-08-19,3,30,On-Track,Open
ISSUE-11862,Corporate Banking,KYC,High,2026-06-22,61,15,Breached,Open
ISSUE-81898,Wealth Management,Fraud,Low,2026-06-30,53,60,On-Track,Open
ISSUE-65177,Corporate Banking,Transaction Monitoring,Medium,2026-05-25,89,30,Breached,In Progress
ISSUE-24124,Wealth Management,Transaction Monitoring,High,2026-05-16,5,15,On-Track,Closed
ISSUE-22409,Wealth Management,AML,Low,2026-06-13,70,60,Breached,Open
ISSUE-68726,Retail Banking,AML,Low,2026-06-16,67,60,Breached,Open
ISSUE-62942,Investment Banking,Transaction Monitoring,Low,2026-05-10,104,60,Breached,Open
ISSUE-78141,Investment Banking,AML,High,2026-05-30,84,15,Breached,Open
ISSUE-29838,Retail Banking,Transaction Monitoring,Medium,2026-08-09,14,30,On-Track,Closed
ISSUE-77461,Wealth Management,Transaction Monitoring,Medium,2026-05-30,33,30,Breached,Closed
ISSUE-99105,Retail Banking,KYC,High,2026-06-25,58,15,Breached,In Progress
ISSUE-17703,Investment Banking,Transaction Monitoring,Low,2026-08-14,8,60,On-Track,In Progress
ISSUE-40213,Retail Banking,Fraud,Medium,2026-08-17,11,30,On-Track,Closed
ISSUE-34916,Investment Banking,Sanctions,High,2026-06-29,11,15,On-Track,Closed
ISSUE-73187,Investment Banking,KYC,Medium,2026-07-22,31,30,Breached,Open
ISSUE-49746,Wealth Management,AML,High,2026-05-12,102,15,Breached,In Progress
ISSUE-30238,Retail Banking,KYC,High,2026-07-02,51,15,Breached,In Progress
ISSUE-83864,Credit Cards,Fraud,Medium,2026-07-02,51,30,Breached,Open
ISSUE-40819,Credit Cards,Fraud,High,2026-05-13,101,15,Breached,In Progress
ISSUE-31619,Corporate Banking,Fraud,Medium,2026-05-02,112,30,Breached,Open
ISSUE-99384,Retail Banking,Sanctions,Medium,2026-05-21,3,30,On-Track,Closed
ISSUE-47821,Retail Banking,Sanctions,Low,2026-07-26,27,60,On-Track,In Progress
ISSUE-46186,Investment Banking,KYC,High,2026-07-24,14,15,On-Track,Closed
ISSUE-81623,Credit Cards,KYC,Low,2026-07-11,42,60,On-Track,In Progress
ISSUE-48805,Credit Cards,Fraud,High,2026-06-23,60,15,Breached,Open
ISSUE-37421,Wealth Management,Transaction Monitoring,High,2026-07-25,28,15,Breached,In Progress
ISSUE-62357,Investment Banking,Fraud,Medium,2026-06-02,20,30,On-Track,Closed
ISSUE-30459,Investment Banking,Fraud,Low,2026-07-21,32,60,On-Track,In Progress
ISSUE-83591,Retail Banking,AML,Low,2026-05-07,107,60,Breached,In Progress
ISSUE-55562,Retail Banking,Sanctions,Medium,2026-06-01,82,30,Breached,Open
ISSUE-29367,Wealth Management,KYC,Low,2026-07-01,52,60,On-Track,In Progress
ISSUE-97143,Investment Banking,AML,Medium,2026-07-28,25,30,On-Track,In Progress
ISSUE-71158,Wealth Management,AML,High,2026-06-07,76,15,Breached,In Progress
ISSUE-46227,Corporate Banking,Sanctions,Low,2026-05-11,103,60,Breached,In Progress
ISSUE-94234,Credit Cards,Sanctions,Low,2026-04-30,114,60,Breached,In Progress
ISSUE-50852,Corporate Banking,Transaction Monitoring,Low,2026-07-23,30,60,On-Track,Open
ISSUE-86861,Investment Banking,Fraud,High,2026-06-21,62,15,Breached,In Progress
ISSUE-90366,Investment Banking,Fraud,Low,2026-06-23,9,60,On-Track,Closed
ISSUE-55549,Wealth Management,KYC,Low,2026-05-14,100,60,Breached,Open
ISSUE-35205,Corporate Banking,Fraud,Low,2026-07-29,24,60,On-Track,Open
ISSUE-23179,Credit Cards,Fraud,Medium,2026-05-06,108,30,Breached,In Progress
ISSUE-87588,Corporate Banking,Sanctions,Medium,2026-06-06,77,30,Breached,Open
ISSUE-39927,Corporate Banking,Transaction Monitoring,High,2026-05-26,7,15,On-Track,Closed
ISSUE-54069,Retail Banking,AML,High,2026-05-01,113,15,Breached,Open
ISSUE-49928,Corporate Banking,KYC,Medium,2026-08-21,1,30,On-Track,Open
ISSUE-46682,Credit Cards,Fraud,Medium,2026-08-12,7,30,On-Track,Closed
ISSUE-53446,Investment Banking,Transaction Monitoring,Medium,2026-05-20,94,30,Breached,Open
ISSUE-68335,Investment Banking,Sanctions,Low,2026-06-17,60,60,On-Track,Closed
ISSUE-45324,Credit Cards,Fraud,Low,2026-06-09,51,60,On-Track,Closed
ISSUE-50774,Investment Banking,Sanctions,Low,2026-06-26,27,60,On-Track,Closed
ISSUE-53785,Corporate Banking,AML,High,2026-06-03,80,15,Breached,Open
ISSUE-97807,Credit Cards,KYC,High,2026-05-10,104,15,Breached,Open
ISSUE-61269,Credit Cards,AML,Medium,2026-06-22,61,30,Breached,Open
ISSUE-20978,Investment Banking,KYC,Low,2026-05-07,107,60,Breached,In Progress
ISSUE-57349,Retail Banking,Fraud,Low,2026-07-20,33,60,On-Track,Open
ISSUE-33705,Credit Cards,AML,Low,2026-05-10,27,60,On-Track,Closed
ISSUE-81523,Credit Cards,KYC,Medium,2026-07-20,33,30,Breached,Open
ISSUE-46380,Retail Banking,Sanctions,Low,2026-08-13,30,60,On-Track,Closed
ISSUE-91427,Investment Banking,Fraud,Low,2026-07-30,35,60,On-Track,Closed
ISSUE-90137,Investment Banking,Transaction Monitoring,Medium,2026-08-13,9,30,On-Track,Open
ISSUE-77918,Investment Banking,KYC,Low,2026-05-24,90,60,Breached,Open
ISSUE-69123,Investment Banking,AML,Medium,2026-05-08,9,30,On-Track,Closed
ISSUE-34083,Retail Banking,KYC,High,2026-08-10,12,15,On-Track,In Progress
ISSUE-69224,Corporate Banking,Sanctions,Low,2026-04-29,115,60,Breached,In Progress
ISSUE-53027,Investment Banking,Transaction Monitoring,High,2026-06-26,18,15,Breached,Closed
ISSUE-26841,Credit Cards,Fraud,High,2026-04-24,120,15,Breached,In Progress
ISSUE-52731,Credit Cards,Transaction Monitoring,Medium,2026-07-15,13,30,On-Track,Closed
ISSUE-39316,Corporate Banking,KYC,Low,2026-08-08,14,60,On-Track,Open
ISSUE-49249,Credit Cards,AML,High,2026-07-22,31,15,Breached,Open
ISSUE-46175,Credit Cards,AML,Medium,2026-07-27,26,30,On-Track,In Progress
ISSUE-29636,Investment Banking,AML,High,2026-05-19,95,15,Breached,In Progress
ISSUE-66522,Investment Banking,Fraud,Low,2026-05-27,87,60,Breached,In Progress
ISSUE-26837,Corporate Banking,Transaction Monitoring,Medium,2026-05-20,94,30,Breached,In Progress
ISSUE-89400,Corporate Banking,AML,High,2026-06-30,15,15,On-Track,Closed
ISSUE-79965,Credit Cards,Fraud,High,2026-06-15,7,15,On-Track,Closed
ISSUE-44856,Credit Cards,AML,High,2026-06-08,75,15,Breached,In Progress
ISSUE-68775,Corporate Banking,KYC,Low,2026-08-02,17,60,On-Track,Closed
ISSUE-20920,Investment Banking,Fraud,Medium,2026-08-20,2,30,On-Track,Open
ISSUE-56426,Wealth Management,KYC,Medium,2026-05-23,18,30,On-Track,Closed
ISSUE-83299,Corporate Banking,AML,High,2026-08-06,13,15,On-Track,Closed
ISSUE-25450,Investment Banking,AML,Medium,2026-05-15,99,30,Breached,In Progress
ISSUE-69306,Investment Banking,KYC,Medium,2026-08-12,10,30,On-Track,Open
ISSUE-32628,Credit Cards,Transaction Monitoring,Low,2026-04-27,117,60,Breached,Open
ISSUE-26299,Credit Cards,Sanctions,Medium,2026-05-23,21,30,On-Track,Closed
ISSUE-61087,Credit Cards,Sanctions,Low,2026-06-29,44,60,On-Track,Closed
ISSUE-39485,Credit Cards,KYC,Low,2026-07-27,26,60,On-Track,In Progress
ISSUE-24171,Investment Banking,KYC,Low,2026-08-03,51,60,On-Track,Closed
ISSUE-34254,Corporate Banking,Transaction Monitoring,Low,2026-08-11,11,60,On-Track,In Progress
ISSUE-42971,Corporate Banking,KYC,High,2026-06-23,60,15,Breached,In Progress
ISSUE-41983,Investment Banking,Sanctions,Low,2026-05-24,54,60,On-Track,Closed
ISSUE-44671,Credit Cards,KYC,High,2026-07-07,46,15,Breached,Open
ISSUE-88168,Wealth Management,AML,Medium,2026-06-13,70,30,Breached,In Progress
ISSUE-70077,Investment Banking,AML,Low,2026-08-13,9,60,On-Track,Open
ISSUE-55054,Retail Banking,Fraud,Low,2026-05-16,98,60,Breached,Open
ISSUE-65504,Retail Banking,Transaction Monitoring,Low,2026-06-03,80,60,Breached,Open
ISSUE-73099,Corporate Banking,AML,Medium,2026-05-29,2,30,On-Track,Closed
ISSUE-31478,Corporate Banking,AML,Medium,2026-08-21,9,30,On-Track,Closed
ISSUE-21732,Wealth Management,AML,Medium,2026-05-23,91,30,Breached,In Progress
ISSUE-19495,Credit Cards,KYC,Low,2026-06-18,65,60,Breached,Open
ISSUE-68225,Investment Banking,Fraud,High,2026-08-01,21,15,Breached,In Progress
ISSUE-55163,Credit Cards,Sanctions,High,2026-06-07,76,15,Breached,In Progress
ISSUE-82185,Credit Cards,AML,High,2026-05-26,88,15,Breached,In Progress
ISSUE-77051,Credit Cards,Fraud,High,2026-04-26,6,15,On-Track,Closed
ISSUE-44339,Wealth Management,KYC,High,2026-08-18,9,15,On-Track,Closed
ISSUE-27467,Retail Banking,Sanctions,Medium,2026-07-08,45,30,Breached,Open
ISSUE-63109,Corporate Banking,AML,Medium,2026-06-27,13,30,On-Track,Closed
ISSUE-24282,Investment Banking,Transaction Monitoring,High,2026-06-04,79,15,Breached,In Progress
ISSUE-23165,Wealth Management,Sanctions,Medium,2026-05-22,33,30,Breached,Closed
ISSUE-84181,Corporate Banking,KYC,High,2026-06-01,82,15,Breached,In Progress
ISSUE-12806,Corporate Banking,KYC,High,2026-07-06,47,15,Breached,Open
ISSUE-93546,Retail Banking,Fraud,Low,2026-07-25,40,60,On-Track,Closed
ISSUE-34814,Corporate Banking,KYC,Low,2026-07-08,45,60,On-Track,Open
ISSUE-76646,Investment Banking,AML,Medium,2026-08-14,8,30,On-Track,Open
ISSUE-36382,Credit Cards,Fraud,Medium,2026-06-18,65,30,Breached,In Progress
ISSUE-37702,Corporate Banking,AML,High,2026-06-01,2,15,On-Track,Closed
ISSUE-65841,Credit Cards,Sanctions,Medium,2026-06-23,60,30,Breached,Open
ISSUE-37101,Retail Banking,AML,Low,2026-07-11,55,60,On-Track,Closed
ISSUE-40857,Corporate Banking,KYC,Low,2026-05-28,86,60,Breached,Open
ISSUE-71711,Wealth Management,Sanctions,Medium,2026-05-06,108,30,Breached,In Progress
ISSUE-87548,Corporate Banking,Fraud,High,2026-04-24,120,15,Breached,In Progress
ISSUE-19915,Retail Banking,AML,Low,2026-08-18,4,60,On-Track,In Progress
ISSUE-85833,Credit Cards,Transaction Monitoring,High,2026-06-25,58,15,Breached,In Progress
ISSUE-55296,Wealth Management,KYC,High,2026-07-18,17,15,Breached,Closed
ISSUE-23908,Wealth Management,Fraud,High,2026-05-26,19,15,Breached,Closed
ISSUE-95990,Corporate Banking,Transaction Monitoring,Medium,2026-05-01,18,30,On-Track,Closed
ISSUE-92543,Credit Cards,Sanctions,Medium,2026-05-07,107,30,Breached,Open
ISSUE-98542,Corporate Banking,AML,Low,2026-05-23,91,60,Breached,In Progress
ISSUE-31990,Corporate Banking,AML,Low,2026-05-05,45,60,On-Track,Closed
ISSUE-56973,Retail Banking,AML,High,2026-07-06,47,15,Breached,In Progress
ISSUE-32869,Wealth Management,AML,High,2026-05-02,112,15,Breached,Open
ISSUE-49878,Wealth Management,Transaction Monitoring,Medium,2026-06-25,58,30,Breached,Open
ISSUE-81974,Corporate Banking,KYC,High,2026-04-30,114,15,Breached,In Progress
ISSUE-48944,Retail Banking,Sanctions,High,2026-04-25,119,15,Breached,Open
ISSUE-38378,Corporate Banking,KYC,Low,2026-06-03,54,60,On-Track,Closed
ISSUE-17614,Wealth Management,Sanctions,Low,2026-05-19,25,60,On-Track,Closed
ISSUE-31491,Credit Cards,KYC,High,2026-08-21,1,15,On-Track,Open
ISSUE-90792,Wealth Management,Transaction Monitoring,Medium,2026-06-07,76,30,Breached,In Progress
ISSUE-45387,Investment Banking,Transaction Monitoring,High,2026-06-23,60,15,Breached,In Progress
ISSUE-56243,Investment Banking,Transaction Monitoring,Low,2026-05-13,101,60,Breached,Open
ISSUE-22953,Investment Banking,Fraud,Medium,2026-05-10,104,30,Breached,Open
ISSUE-24981,Wealth Management,Sanctions,Low,2026-07-13,65,60,Breached,Closed
ISSUE-72427,Retail Banking,KYC,Medium,2026-07-31,22,30,On-Track,Open
ISSUE-14961,Corporate Banking,Transaction Monitoring,Medium,2026-07-15,38,30,Breached,In Progress
ISSUE-19409,Credit Cards,Transaction Monitoring,Low,2026-05-20,44,60,On-Track,Closed
ISSUE-98454,Corporate Banking,Sanctions,Medium,2026-08-10,12,30,On-Track,In Progress
ISSUE-80147,Retail Banking,KYC,High,2026-05-17,10,15,On-Track,Closed
ISSUE-56155,Corporate Banking,Fraud,High,2026-05-03,111,15,Breached,Open
ISSUE-89261,Wealth Management,KYC,Medium,2026-07-24,15,30,On-Track,Closed
ISSUE-82989,Credit Cards,Fraud,Medium,2026-05-06,25,30,On-Track,Closed
ISSUE-64975,Credit Cards,KYC,Medium,2026-08-11,11,30,On-Track,In Progress
ISSUE-91320,Investment Banking,AML,Medium,2026-08-03,33,30,Breached,Closed
ISSUE-39817,Corporate Banking,Fraud,High,2026-05-23,6,15,On-Track,Closed
ISSUE-57102,Investment Banking,Transaction Monitoring,Medium,2026-07-26,27,30,On-Track,Open
ISSUE-66259,Corporate Banking,Fraud,Medium,2026-06-01,82,30,Breached,In Progress
ISSUE-47642,Investment Banking,Transaction Monitoring,High,2026-05-04,110,15,Breached,Open
ISSUE-36333,Retail Banking,AML,Low,2026-07-03,50,60,On-Track,Open
ISSUE-59784,Wealth Management,AML,High,2026-08-17,5,15,On-Track,In Progress
ISSUE-42769,Wealth Management,Fraud,Low,2026-08-06,16,60,On-Track,In Progress
ISSUE-76007,Credit Cards,Sanctions,Low,2026-06-13,70,60,Breached,Open
ISSUE-62626,Retail Banking,AML,Medium,2026-07-26,27,30,On-Track,Open
ISSUE-69330,Wealth Management,KYC,Medium,2026-07-11,42,30,Breached,Open
ISSUE-32168,Corporate Banking,Fraud,Low,2026-05-20,94,60,Breached,In Progress
ISSUE-53565,Wealth Management,Fraud,Low,2026-05-03,3,60,On-Track,Closed
ISSUE-63223,Investment Banking,Sanctions,High,2026-05-20,17,15,Breached,Closed
ISSUE-88278,Credit Cards,Sanctions,High,2026-06-04,79,15,Breached,In Progress
ISSUE-56200,Retail Banking,Fraud,Medium,2026-05-08,13,30,On-Track,Closed
ISSUE-15701,Wealth Management,Transaction Monitoring,High,2026-07-25,8,15,On-Track,Closed
ISSUE-57369,Wealth Management,Sanctions,Medium,2026-05-26,88,30,Breached,In Progress
ISSUE-78966,Retail Banking,KYC,Low,2026-08-21,47,60,On-Track,Closed
ISSUE-48863,Retail Banking,Fraud,Medium,2026-08-20,2,30,On-Track,Open
ISSUE-95543,Investment Banking,Sanctions,High,2026-07-27,26,15,Breached,Open
ISSUE-67464,Credit Cards,Sanctions,Low,2026-07-31,28,60,On-Track,Closed
ISSUE-58549,Corporate Banking,AML,Medium,2026-08-03,22,30,On-Track,Closed
ISSUE-11082,Retail Banking,AML,Low,2026-06-21,62,60,Breached,Open
ISSUE-58514,Credit Cards,Sanctions,Low,2026-05-05,109,60,Breached,Open
ISSUE-12316,Investment Banking,Transaction Monitoring,Medium,2026-08-10,15,30,On-Track,Closed
ISSUE-15442,Retail Banking,Fraud,High,2026-05-29,14,15,On-Track,Closed
ISSUE-91631,Investment Banking,Fraud,High,2026-07-21,32,15,Breached,In Progress
ISSUE-56435,Investment Banking,Fraud,Medium,2026-08-17,5,30,On-Track,Open
ISSUE-35279,Retail Banking,KYC,Medium,2026-08-07,15,30,On-Track,In Progress
ISSUE-19500,Retail Banking,AML,High,2026-05-29,85,15,Breached,Open
ISSUE-46961,Retail Banking,Transaction Monitoring,Medium,2026-07-23,27,30,On-Track,Closed
ISSUE-95877,Retail Banking,AML,Medium,2026-07-23,30,30,On-Track,In Progress
ISSUE-33704,Corporate Banking,AML,Low,2026-06-27,19,60,On-Track,Closed
ISSUE-24998,Wealth Management,AML,Medium,2026-07-14,27,30,On-Track,Closed
ISSUE-42143,Corporate Banking,Sanctions,Low,2026-04-27,117,60,Breached,Open
ISSUE-70528,Corporate Banking,Sanctions,Medium,2026-08-06,16,30,On-Track,Closed
ISSUE-50807,Corporate Banking,Sanctions,Medium,2026-07-08,20,30,On-Track,Closed
ISSUE-21553,Credit Cards,Fraud,High,2026-05-15,99,15,Breached,Open
ISSUE-13306,Retail Banking,KYC,Low,2026-04-24,120,60,Breached,In Progress
ISSUE-66589,Investment Banking,Sanctions,Low,2026-07-23,30,60,On-Track,In Progress
ISSUE-47395,Credit Cards,AML,Low,2026-07-27,26,60,On-Track,Open
ISSUE-62899,Retail Banking,KYC,Low,2026-07-24,2,60,On-Track,Closed
ISSUE-40502,Investment Banking,Transaction Monitoring,Low,2026-07-22,7,60,On-Track,Closed
ISSUE-12518,Retail Banking,KYC,High,2026-05-03,17,15,Breached,Closed
ISSUE-35428,Wealth Management,Transaction Monitoring,Low,2026-04-25,119,60,Breached,Open
ISSUE-50441,Retail Banking,Sanctions,Low,2026-07-24,29,60,On-Track,Open
ISSUE-68980,Investment Banking,Transaction Monitoring,High,2026-08-11,11,15,On-Track,In Progress
ISSUE-16953,Retail Banking,Fraud,Medium,2026-05-26,25,30,On-Track,Closed
ISSUE-80140,Corporate Banking,Fraud,Low,2026-07-09,44,60,On-Track,Open
ISSUE-97612,Investment Banking,AML,Medium,2026-08-03,19,30,On-Track,In Progress
ISSUE-61825,Corporate Banking,Sanctions,High,2026-05-23,91,15,Breached,In Progress
ISSUE-54918,Investment Banking,KYC,Medium,2026-05-03,111,30,Breached,Open
ISSUE-54915,Wealth Management,KYC,High,2026-07-16,37,15,Breached,In Progress
ISSUE-87417,Credit Cards,Transaction Monitoring,Medium,2026-06-02,81,30,Breached,Open
ISSUE-13220,Retail Banking,Sanctions,Low,2026-07-25,34,60,On-Track,Closed
ISSUE-87764,Credit Cards,Sanctions,Low,2026-05-02,112,60,Breached,Open
ISSUE-49224,Wealth Management,Transaction Monitoring,Medium,2026-05-14,100,30,Breached,In Progress
ISSUE-48997,Corporate Banking,KYC,High,2026-05-20,94,15,Breached,In Progress
ISSUE-32873,Wealth Management,Transaction Monitoring,High,2026-04-28,116,15,Breached,Open
ISSUE-54850,Credit Cards,AML,Low,2026-05-04,110,60,Breached,Open
ISSUE-56640,Credit Cards,KYC,High,2026-06-22,61,15,Breached,In Progress
ISSUE-28283,Wealth Management,Fraud,Medium,2026-06-06,77,30,Breached,Open
ISSUE-23203,Investment Banking,Transaction Monitoring,Medium,2026-06-06,77,30,Breached,In Progress
ISSUE-82039,Corporate Banking,Transaction Monitoring,Low,2026-06-20,63,60,Breached,In Progress
ISSUE-69920,Credit Cards,Transaction Monitoring,High,2026-04-24,120,15,Breached,In Progress
ISSUE-10377,Investment Banking,KYC,High,2026-07-15,7,15,On-Track,Closed
ISSUE-91663,Credit Cards,Transaction Monitoring,High,2026-05-27,87,15,Breached,In Progress
ISSUE-63110,Wealth Management,Sanctions,High,2026-06-10,73,15,Breached,Open
ISSUE-94230,Retail Banking,Sanctions,High,2026-05-29,85,15,Breached,Open
ISSUE-51107,Wealth Management,AML,Medium,2026-06-08,75,30,Breached,Open
ISSUE-78014,Wealth Management,Sanctions,Medium,2026-04-27,5,30,On-Track,Closed
ISSUE-92731,Credit Cards,Sanctions,High,2026-07-21,32,15,Breached,Open
ISSUE-92407,Retail Banking,Sanctions,Medium,2026-06-13,3,30,On-Track,Closed
ISSUE-46825,Investment Banking,KYC,High,2026-05-25,89,15,Breached,Open
ISSUE-19775,Credit Cards,Sanctions,High,2026-08-02,20,15,Breached,In Progress
ISSUE-90509,Wealth Management,Sanctions,Low,2026-05-13,101,60,Breached,In Progress
ISSUE-93591,Retail Banking,Transaction Monitoring,High,2026-07-21,32,15,Breached,Open
ISSUE-14167,Wealth Management,Transaction Monitoring,Low,2026-04-28,33,60,On-Track,Closed
ISSUE-71745,Corporate Banking,Transaction Monitoring,Medium,2026-07-10,43,30,Breached,Open
ISSUE-24350,Investment Banking,AML,Low,2026-07-07,41,60,On-Track,Closed
ISSUE-31646,Corporate Banking,Transaction Monitoring,High,2026-04-25,119,15,Breached,In Progress
ISSUE-98447,Retail Banking,AML,Low,2026-08-01,20,60,On-Track,Closed
ISSUE-62910,Credit Cards,Fraud,Medium,2026-06-15,68,30,Breached,In Progress
ISSUE-15135,Investment Banking,Sanctions,Medium,2026-06-19,64,30,Breached,In Progress
ISSUE-89638,Investment Banking,Sanctions,High,2026-08-06,9,15,On-Track,Closed
ISSUE-95697,Credit Cards,Transaction Monitoring,Low,2026-06-19,64,60,Breached,Open
ISSUE-97654,Corporate Banking,Sanctions,High,2026-08-12,7,15,On-Track,Closed
ISSUE-29872,Credit Cards,AML,High,2026-07-19,20,15,Breached,Closed
ISSUE-54950,Wealth Management,Transaction Monitoring,Medium,2026-07-03,6,30,On-Track,Closed
ISSUE-22390,Investment Banking,Sanctions,Medium,2026-08-02,11,30,On-Track,Closed
ISSUE-70030,Retail Banking,Fraud,Medium,2026-04-25,119,30,Breached,In Progress
ISSUE-15728,Corporate Banking,Sanctions,Medium,2026-07-14,39,30,Breached,Open
ISSUE-46779,Retail Banking,AML,Low,2026-07-05,48,60,On-Track,Closed
ISSUE-58327,Credit Cards,Sanctions,Medium,2026-05-16,16,30,On-Track,Closed
ISSUE-38589,Retail Banking,Sanctions,Low,2026-08-06,28,60,On-Track,Closed
ISSUE-38551,Corporate Banking,Transaction Monitoring,High,2026-06-16,9,15,On-Track,Closed
ISSUE-64943,Corporate Banking,Transaction Monitoring,Medium,2026-05-03,111,30,Breached,In Progress
ISSUE-99699,Corporate Banking,Transaction Monitoring,Low,2026-05-16,64,60,Breached,Closed
ISSUE-25271,Investment Banking,Fraud,Medium,2026-04-24,120,30,Breached,Open
ISSUE-75762,Retail Banking,Sanctions,Medium,2026-05-14,100,30,Breached,Open
ISSUE-37003,Credit Cards,KYC,High,2026-06-25,58,15,Breached,In Progress
ISSUE-71793,Wealth Management,AML,Low,2026-08-18,4,60,On-Track,Open
ISSUE-63899,Wealth Management,Transaction Monitoring,High,2026-07-29,24,15,Breached,In Progress
ISSUE-47998,Wealth Management,KYC,High,2026-08-17,5,15,On-Track,Open
ISSUE-44424,Credit Cards,Fraud,Medium,2026-07-20,33,30,Breached,In Progress
ISSUE-54439,Retail Banking,KYC,Low,2026-06-10,73,60,Breached,Open
ISSUE-97378,Corporate Banking,Transaction Monitoring,Medium,2026-06-18,2,30,On-Track,Closed
ISSUE-29092,Wealth Management,AML,Medium,2026-04-30,114,30,Breached,Open
ISSUE-17260,Investment Banking,Transaction Monitoring,Medium,2026-04-24,120,30,Breached,Open
ISSUE-52145,Retail Banking,Sanctions,High,2026-05-30,84,15,Breached,Open
ISSUE-20589,Investment Banking,Fraud,Low,2026-07-08,45,60,On-Track,In Progress
ISSUE-40389,Corporate Banking,AML,High,2026-08-11,11,15,On-Track,In Progress
ISSUE-28151,Credit Cards,KYC,Medium,2026-07-02,11,30,On-Track,Closed
ISSUE-68123,Retail Banking,Fraud,Medium,2026-07-10,43,30,Breached,Open
ISSUE-46865,Corporate Banking,Fraud,High,2026-08-14,9,15,On-Track,Closed
ISSUE-24381,Wealth Management,KYC,High,2026-08-16,16,15,Breached,Closed
ISSUE-16469,Wealth Management,Fraud,Low,2026-07-10,7,60,On-Track,Closed
ISSUE-64079,Investment Banking,KYC,Medium,2026-05-07,107,30,Breached,Open
ISSUE-28444,Credit Cards,AML,Low,2026-08-01,36,60,On-Track,Closed
ISSUE-44251,Credit Cards,Transaction Monitoring,Low,2026-05-16,98,60,Breached,Open
ISSUE-92409,Retail Banking,Fraud,High,2026-05-31,83,15,Breached,Open
ISSUE-68924,Retail Banking,Fraud,High,2026-06-29,54,15,Breached,In Progress
ISSUE-53770,Retail Banking,Sanctions,Low,2026-08-03,19,60,On-Track,In Progress
ISSUE-14151,Wealth Management,AML,Medium,2026-07-27,13,30,On-Track,Closed
ISSUE-79015,Retail Banking,KYC,Low,2026-07-29,24,60,On-Track,Open
ISSUE-97448,Corporate Banking,Fraud,Low,2026-05-10,52,60,On-Track,Closed
ISSUE-82063,Retail Banking,Transaction Monitoring,Low,2026-07-16,37,60,On-Track,Open
ISSUE-42296,Credit Cards,Sanctions,High,2026-05-16,98,15,Breached,Open
ISSUE-42308,Investment Banking,Transaction Monitoring,Low,2026-07-10,43,60,On-Track,Open
ISSUE-12456,Wealth Management,Sanctions,Medium,2026-08-20,2,30,On-Track,Open
ISSUE-35338,Credit Cards,Transaction Monitoring,Low,2026-07-06,47,60,On-Track,Open
ISSUE-31140,Credit Cards,KYC,High,2026-08-07,15,15,On-Track,Open
ISSUE-83767,Corporate Banking,KYC,Low,2026-06-04,79,60,Breached,In Progress
ISSUE-14545,Credit Cards,AML,Low,2026-07-21,32,60,On-Track,Open
ISSUE-20116,Investment Banking,AML,Low,2026-07-09,37,60,On-Track,Closed
ISSUE-10843,Investment Banking,Transaction Monitoring,High,2026-07-28,25,15,Breached,Open
ISSUE-59407,Corporate Banking,Sanctions,Low,2026-05-08,38,60,On-Track,Closed
ISSUE-60371,Credit Cards,AML,Low,2026-07-16,4,60,On-Track,Closed
ISSUE-98187,Retail Banking,KYC,Medium,2026-04-26,118,30,Breached,Open
ISSUE-83641,Credit Cards,Sanctions,Low,2026-05-30,84,60,Breached,In Progress
ISSUE-73632,Investment Banking,Transaction Monitoring,Low,2026-08-12,10,60,On-Track,In Progress
ISSUE-51708,Investment Banking,Transaction Monitoring,Low,2026-08-02,27,60,On-Track,Closed
ISSUE-51643,Wealth Management,Sanctions,High,2026-06-14,69,15,Breached,In Progress
ISSUE-58897,Investment Banking,Sanctions,High,2026-05-24,15,15,On-Track,Closed
ISSUE-77463,Wealth Management,Transaction Monitoring,Medium,2026-08-21,1,30,On-Track,In Progress
ISSUE-57833,Credit Cards,Transaction Monitoring,Medium,2026-05-08,106,30,Breached,Open
ISSUE-56871,Corporate Banking,AML,Medium,2026-05-23,91,30,Breached,In Progress
ISSUE-44371,Credit Cards,AML,High,2026-06-26,11,15,On-Track,Closed
ISSUE-33121,Wealth Management,KYC,Low,2026-05-24,4,60,On-Track,Closed
ISSUE-10903,Corporate Banking,KYC,Low,2026-05-16,98,60,Breached,In Progress
ISSUE-69637,Retail Banking,Sanctions,High,2026-06-03,80,15,Breached,In Progress
ISSUE-77073,Corporate Banking,AML,Low,2026-06-19,48,60,On-Track,Closed
ISSUE-98391,Corporate Banking,Fraud,Low,2026-07-17,36,60,On-Track,In Progress
ISSUE-24529,Wealth Management,KYC,High,2026-05-21,93,15,Breached,In Progress
ISSUE-14467,Corporate Banking,Sanctions,High,2026-08-16,18,15,Breached,Closed
ISSUE-62535,Wealth Management,AML,High,2026-05-18,96,15,Breached,Open
ISSUE-60709,Credit Cards,KYC,Low,2026-08-01,21,60,On-Track,In Progress
ISSUE-49631,Wealth Management,Transaction Monitoring,Low,2026-06-11,72,60,Breached,In Progress
ISSUE-22811,Retail Banking,Transaction Monitoring,High,2026-07-05,48,15,Breached,Open
ISSUE-82305,Credit Cards,Sanctions,Medium,2026-04-27,13,30,On-Track,Closed
ISSUE-86871,Credit Cards,AML,Low,2026-08-01,21,60,On-Track,In Progress
ISSUE-93426,Investment Banking,Transaction Monitoring,Medium,2026-06-21,62,30,Breached,In Progress
ISSUE-77744,Wealth Management,Fraud,High,2026-05-10,104,15,Breached,Open
ISSUE-45425,Credit Cards,Transaction Monitoring,Medium,2026-06-16,67,30,Breached,Open
ISSUE-17047,Investment Banking,KYC,Medium,2026-05-09,31,30,Breached,Closed
ISSUE-28585,Credit Cards,KYC,Medium,2026-07-17,11,30,On-Track,Closed
ISSUE-39196,Investment Banking,Transaction Monitoring,High,2026-08-18,4,15,On-Track,Open
ISSUE-38916,Investment Banking,Fraud,Low,2026-05-13,34,60,On-Track,Closed
ISSUE-17014,Credit Cards,Sanctions,Medium,2026-07-25,28,30,On-Track,In Progress
ISSUE-67675,Wealth Management,Sanctions,High,2026-07-03,50,15,Breached,Open
ISSUE-44565,Investment Banking,Fraud,High,2026-07-24,29,15,Breached,In Progress
ISSUE-60697,Retail Banking,AML,Low,2026-08-11,11,60,On-Track,In Progress
ISSUE-33088,Corporate Banking,Sanctions,Low,2026-08-07,15,60,On-Track,In Progress
ISSUE-85351,Credit Cards,AML,Low,2026-07-09,44,60,On-Track,In Progress
ISSUE-22412,Credit Cards,KYC,High,2026-06-14,69,15,Breached,In Progress
ISSUE-32707,Wealth Management,KYC,Low,2026-08-11,11,60,On-Track,Open
ISSUE-73052,Corporate Banking,KYC,Low,2026-06-09,74,60,Breached,Open
ISSUE-46205,Credit Cards,Fraud,Low,2026-07-05,63,60,Breached,Closed
ISSUE-32250,Credit Cards,KYC,High,2026-04-26,118,15,Breached,Open
ISSUE-26219,Wealth Management,Fraud,Low,2026-07-01,52,60,On-Track,Open
ISSUE-66107,Corporate Banking,Sanctions,High,2026-05-14,17,15,Breached,Closed
ISSUE-52262,Retail Banking,KYC,High,2026-05-10,104,15,Breached,Open
ISSUE-40643,Corporate Banking,Fraud,High,2026-05-24,90,15,Breached,Open
ISSUE-50324,Wealth Management,Transaction Monitoring,Medium,2026-05-10,12,30,On-Track,Closed
ISSUE-64969,Wealth Management,KYC,High,2026-05-19,14,15,On-Track,Closed
ISSUE-14387,Corporate Banking,AML,Medium,2026-08-15,7,30,On-Track,In Progress
ISSUE-60114,Investment Banking,AML,High,2026-08-05,17,15,Breached,In Progress
ISSUE-39626,Retail Banking,Sanctions,Medium,2026-06-06,21,30,On-Track,Closed
ISSUE-29761,Wealth Management,Sanctions,High,2026-08-03,19,15,Breached,Open
ISSUE-27573,Retail Banking,AML,Low,2026-08-01,63,60,Breached,Closed
ISSUE-54905,Investment Banking,Fraud,High,2026-08-21,15,15,On-Track,Closed
ISSUE-46322,Retail Banking,Transaction Monitoring,Medium,2026-05-01,24,30,On-Track,Closed
ISSUE-24441,Credit Cards,Transaction Monitoring,High,2026-05-26,88,15,Breached,In Progress
ISSUE-63594,Investment Banking,Fraud,Low,2026-05-06,8,60,On-Track,Closed
ISSUE-73145,Retail Banking,Fraud,Low,2026-05-08,106,60,Breached,Open
ISSUE-25268,Corporate Banking,Fraud,Low,2026-06-25,58,60,On-Track,In Progress
ISSUE-79143,Retail Banking,Transaction Monitoring,Medium,2026-06-07,76,30,Breached,Open
ISSUE-62791,Retail Banking,Fraud,High,2026-08-20,12,15,On-Track,Closed
ISSUE-92813,Wealth Management,Transaction Monitoring,Medium,2026-06-23,60,30,Breached,In Progress
ISSUE-50522,Retail Banking,Fraud,Medium,2026-07-10,28,30,On-Track,Closed
ISSUE-47808,Corporate Banking,Sanctions,Medium,2026-06-30,53,30,Breached,Open
ISSUE-62013,Wealth Management,Fraud,Medium,2026-05-22,92,30,Breached,In Progress
ISSUE-65621,Retail Banking,AML,Low,2026-07-18,35,60,On-Track,Open
ISSUE-22687,Wealth Management,AML,High,2026-05-17,97,15,Breached,Open
ISSUE-26176,Wealth Management,Fraud,High,2026-08-07,15,15,On-Track,Open
ISSUE-26190,Credit Cards,Fraud,Low,2026-06-20,63,60,Breached,In Progress
ISSUE-89139,Wealth Management,AML,Medium,2026-06-19,64,30,Breached,In Progress
ISSUE-80330,Corporate Banking,AML,Low,2026-06-12,71,60,Breached,In Progress
ISSUE-10437,Credit Cards,KYC,Low,2026-07-14,39,60,On-Track,Open
ISSUE-60215,Retail Banking,AML,Low,2026-05-07,107,60,Breached,In Progress
ISSUE-25973,Wealth Management,Transaction Monitoring,Medium,2026-07-16,37,30,Breached,Open
ISSUE-59073,Credit Cards,KYC,High,2026-05-14,20,15,Breached,Closed
ISSUE-68988,Corporate Banking,Sanctions,Low,2026-05-10,21,60,On-Track,Closed
ISSUE-49844,Investment Banking,Sanctions,Low,2026-06-22,48,60,On-Track,Closed
ISSUE-50564,Wealth Management,Sanctions,High,2026-05-03,20,15,Breached,Closed
ISSUE-30591,Retail Banking,Fraud,High,2026-05-16,98,15,Breached,Open
ISSUE-60323,Retail Banking,KYC,High,2026-05-18,13,15,On-Track,Closed
ISSUE-47509,Retail Banking,KYC,High,2026-08-04,5,15,On-Track,Closed
ISSUE-62174,Credit Cards,Fraud,High,2026-08-19,3,15,On-Track,In Progress
ISSUE-10466,Retail Banking,Fraud,High,2026-06-13,11,15,On-Track,Closed
ISSUE-81350,Retail Banking,Transaction Monitoring,Low,2026-07-27,26,60,On-Track,In Progress
ISSUE-24079,Credit Cards,Sanctions,High,2026-06-19,14,15,On-Track,Closed
ISSUE-50446,Investment Banking,Fraud,Low,2026-06-13,70,60,Breached,Open
ISSUE-66176,Wealth Management,Sanctions,High,2026-08-11,11,15,On-Track,Open
ISSUE-33700,Credit Cards,Transaction Monitoring,Medium,2026-05-10,104,30,Breached,Open
ISSUE-14560,Credit Cards,KYC,Low,2026-06-13,20,60,On-Track,Closed
ISSUE-10923,Wealth Management,KYC,Low,2026-05-23,91,60,Breached,Open
ISSUE-18913,Retail Banking,Fraud,Low,2026-07-07,46,60,On-Track,In Progress
ISSUE-66787,Retail Banking,AML,High,2026-05-03,111,15,Breached,In Progress
ISSUE-41904,Wealth Management,Fraud,High,2026-06-24,9,15,On-Track,Closed
ISSUE-50899,Credit Cards,Fraud,Medium,2026-06-29,35,30,Breached,Closed
ISSUE-22000,Credit Cards,KYC,High,2026-07-05,5,15,On-Track,Closed
ISSUE-35533,Wealth Management,AML,Low,2026-06-23,8,60,On-Track,Closed
ISSUE-65271,Investment Banking,Sanctions,Medium,2026-05-15,99,30,Breached,In Progress
ISSUE-79550,Retail Banking,Transaction Monitoring,High,2026-05-06,108,15,Breached,Open
ISSUE-34795,Retail Banking,AML,Medium,2026-06-10,20,30,On-Track,Closed
ISSUE-38828,Corporate Banking,Transaction Monitoring,Medium,2026-05-10,13,30,On-Track,Closed
ISSUE-59533,Credit Cards,Sanctions,Medium,2026-07-27,18,30,On-Track,Closed
ISSUE-11723,Investment Banking,Sanctions,Low,2026-08-20,2,60,On-Track,In Progress
ISSUE-21004,Retail Banking,Sanctions,Low,2026-05-21,93,60,Breached,In Progress
ISSUE-94331,Retail Banking,Fraud,Medium,2026-06-30,53,30,Breached,In Progress
ISSUE-84828,Wealth Management,Fraud,Low,2026-08-10,12,60,On-Track,Open
ISSUE-69346,Wealth Management,Fraud,Low,2026-07-04,49,60,On-Track,In Progress
ISSUE-37418,Corporate Banking,AML,High,2026-06-09,74,15,Breached,In Progress
ISSUE-63406,Investment Banking,KYC,High,2026-08-12,10,15,On-Track,In Progress
ISSUE-62885,Retail Banking,Fraud,High,2026-07-29,24,15,Breached,Open
ISSUE-52239,Retail Banking,Fraud,High,2026-05-30,84,15,Breached,Open
ISSUE-57093,Investment Banking,KYC,Medium,2026-07-07,25,30,On-Track,Closed
ISSUE-32040,Retail Banking,AML,Medium,2026-06-17,22,30,On-Track,Closed
ISSUE-46070,Credit Cards,KYC,Medium,2026-05-15,99,30,Breached,Open
ISSUE-88177,Retail Banking,KYC,Medium,2026-07-01,52,30,Breached,In Progress
ISSUE-83320,Wealth Management,Sanctions,Medium,2026-08-12,33,30,Breached,Closed
ISSUE-34199,Wealth Management,KYC,High,2026-07-04,13,15,On-Track,Closed
